2025-10-17 07:41:03 INFO  Server:479 - Stopped Server@1625789b{STOPPING}[11.0.24,sto=30000]
2025-10-17 07:41:03 INFO  Server:135 - Shutdown Server@1625789b{STOPPING}[11.0.24,sto=30000]
2025-10-17 07:41:03 INFO  AbstractConnector:431 - Stopped Spark@61697126{HTTP/1.1, (http/1.1)}{0.0.0.0:4040}
2025-10-17 07:43:32 INFO  SparkConfig:17 - Инициализация SparkSession...
2025-10-17 07:43:33 WARN  Shell:746 - Did not find winutils.exe: java.io.FileNotFoundException: java.io.FileNotFoundException: HADOOP_HOME and hadoop.home.dir are unset. -see https://cwiki.apache.org/confluence/display/HADOOP2/WindowsProblems
2025-10-17 07:43:33 WARN  NativeCodeLoader:60 - Unable to load native-hadoop library for your platform... using builtin-java classes where applicable
2025-10-17 07:43:33 INFO  Server:384 - jetty-11.0.24; built: 2024-08-26T18:11:22.448Z; git: 5dfc59a691b748796f922208956bd1f2794bcd16; jvm 21.0.6+7-LTS
2025-10-17 07:43:33 INFO  Server:439 - Started Server@24876a7e{STARTING}[11.0.24,sto=30000] @2064ms
2025-10-17 07:43:33 INFO  AbstractConnector:376 - Started ServerConnector@7b3018b4{HTTP/1.1, (http/1.1)}{0.0.0.0:4040}
2025-10-17 07:43:33 INFO  ContextHandler:907 - Started o.s.j.s.ServletContextHandler@391515c7{/,null,AVAILABLE,@Spark}
2025-10-17 07:43:33 INFO  ContextHandler:1123 - Stopped o.s.j.s.ServletContextHandler@391515c7{/,null,STOPPED,@Spark}
2025-10-17 07:43:33 INFO  ContextHandler:907 - Started o.s.j.s.ServletContextHandler@3407aa4f{/jobs,null,AVAILABLE,@Spark}
2025-10-17 07:43:33 INFO  ContextHandler:907 - Started o.s.j.s.ServletContextHandler@538b3c88{/jobs/json,null,AVAILABLE,@Spark}
2025-10-17 07:43:33 INFO  ContextHandler:907 - Started o.s.j.s.ServletContextHandler@10e56da9{/jobs/job,null,AVAILABLE,@Spark}
2025-10-17 07:43:33 INFO  ContextHandler:907 - Started o.s.j.s.ServletContextHandler@22ae905f{/jobs/job/json,null,AVAILABLE,@Spark}
2025-10-17 07:43:33 INFO  ContextHandler:907 - Started o.s.j.s.ServletContextHandler@4fbaa7f5{/stages,null,AVAILABLE,@Spark}
2025-10-17 07:43:33 INFO  ContextHandler:907 - Started o.s.j.s.ServletContextHandler@6d4a05f7{/stages/json,null,AVAILABLE,@Spark}
2025-10-17 07:43:33 INFO  ContextHandler:907 - Started o.s.j.s.ServletContextHandler@4b476233{/stages/stage,null,AVAILABLE,@Spark}
2025-10-17 07:43:33 INFO  ContextHandler:907 - Started o.s.j.s.ServletContextHandler@4f235e8e{/stages/stage/json,null,AVAILABLE,@Spark}
2025-10-17 07:43:33 INFO  ContextHandler:907 - Started o.s.j.s.ServletContextHandler@29dcdd1c{/stages/pool,null,AVAILABLE,@Spark}
2025-10-17 07:43:33 INFO  ContextHandler:907 - Started o.s.j.s.ServletContextHandler@524f5ea5{/stages/pool/json,null,AVAILABLE,@Spark}
2025-10-17 07:43:33 INFO  ContextHandler:907 - Started o.s.j.s.ServletContextHandler@17134190{/stages/taskThreadDump,null,AVAILABLE,@Spark}
2025-10-17 07:43:33 INFO  ContextHandler:907 - Started o.s.j.s.ServletContextHandler@5599b5bb{/stages/taskThreadDump/json,null,AVAILABLE,@Spark}
2025-10-17 07:43:33 INFO  ContextHandler:907 - Started o.s.j.s.ServletContextHandler@4264beb8{/storage,null,AVAILABLE,@Spark}
2025-10-17 07:43:33 INFO  ContextHandler:907 - Started o.s.j.s.ServletContextHandler@7cd3e0da{/storage/json,null,AVAILABLE,@Spark}
2025-10-17 07:43:33 INFO  ContextHandler:907 - Started o.s.j.s.ServletContextHandler@67e77f52{/storage/rdd,null,AVAILABLE,@Spark}
2025-10-17 07:43:33 INFO  ContextHandler:907 - Started o.s.j.s.ServletContextHandler@1d1bf7bf{/storage/rdd/json,null,AVAILABLE,@Spark}
2025-10-17 07:43:33 INFO  ContextHandler:907 - Started o.s.j.s.ServletContextHandler@4d43a1b7{/environment,null,AVAILABLE,@Spark}
2025-10-17 07:43:33 INFO  ContextHandler:907 - Started o.s.j.s.ServletContextHandler@19705650{/environment/json,null,AVAILABLE,@Spark}
2025-10-17 07:43:33 INFO  ContextHandler:907 - Started o.s.j.s.ServletContextHandler@4a660b34{/executors,null,AVAILABLE,@Spark}
2025-10-17 07:43:33 INFO  ContextHandler:907 - Started o.s.j.s.ServletContextHandler@2df3545d{/executors/json,null,AVAILABLE,@Spark}
2025-10-17 07:43:33 INFO  ContextHandler:907 - Started o.s.j.s.ServletContextHandler@fe8aaeb{/executors/threadDump,null,AVAILABLE,@Spark}
2025-10-17 07:43:33 INFO  ContextHandler:907 - Started o.s.j.s.ServletContextHandler@5cf0673d{/executors/threadDump/json,null,AVAILABLE,@Spark}
2025-10-17 07:43:33 INFO  ContextHandler:907 - Started o.s.j.s.ServletContextHandler@a323a5b{/executors/heapHistogram,null,AVAILABLE,@Spark}
2025-10-17 07:43:33 INFO  ContextHandler:907 - Started o.s.j.s.ServletContextHandler@ad0bb4e{/executors/heapHistogram/json,null,AVAILABLE,@Spark}
2025-10-17 07:43:33 INFO  ContextHandler:907 - Started o.s.j.s.ServletContextHandler@6a6da47a{/static,null,AVAILABLE,@Spark}
2025-10-17 07:43:33 INFO  ContextHandler:907 - Started o.s.j.s.ServletContextHandler@2b170932{/,null,AVAILABLE,@Spark}
2025-10-17 07:43:33 INFO  ContextHandler:907 - Started o.s.j.s.ServletContextHandler@42107318{/api,null,AVAILABLE,@Spark}
2025-10-17 07:43:33 INFO  ContextHandler:907 - Started o.s.j.s.ServletContextHandler@3c60c681{/metrics,null,AVAILABLE,@Spark}
2025-10-17 07:43:33 INFO  ContextHandler:907 - Started o.s.j.s.ServletContextHandler@6c6928c{/jobs/job/kill,null,AVAILABLE,@Spark}
2025-10-17 07:43:33 INFO  ContextHandler:907 - Started o.s.j.s.ServletContextHandler@73aaec54{/stages/stage/kill,null,AVAILABLE,@Spark}
2025-10-17 07:43:33 INFO  ContextHandler:907 - Started o.s.j.s.ServletContextHandler@4eeb14e0{/metrics/json,null,AVAILABLE,@Spark}
2025-10-17 07:43:34 INFO  SparkConfig:25 - SparkSession успешно создан!
2025-10-17 07:43:34 INFO  SparkConfig:26 - Имя приложения: SpaceX-Spark-App
2025-10-17 07:43:34 INFO  SparkConfig:27 - Режим выполнения (master): local[*]
2025-10-17 07:43:34 INFO  SparkConfig:28 - Версия Spark: 4.0.1
2025-10-17 07:43:34 INFO  ContextHandler:907 - Started o.s.j.s.ServletContextHandler@5fe5c68b{/SQL,null,AVAILABLE,@Spark}
2025-10-17 07:43:34 INFO  ContextHandler:907 - Started o.s.j.s.ServletContextHandler@3982206a{/SQL/json,null,AVAILABLE,@Spark}
2025-10-17 07:43:34 INFO  ContextHandler:907 - Started o.s.j.s.ServletContextHandler@538aa83f{/SQL/execution,null,AVAILABLE,@Spark}
2025-10-17 07:43:34 INFO  ContextHandler:907 - Started o.s.j.s.ServletContextHandler@402a69f{/SQL/execution/json,null,AVAILABLE,@Spark}
2025-10-17 07:43:34 INFO  ContextHandler:907 - Started o.s.j.s.ServletContextHandler@433d93e7{/static/sql,null,AVAILABLE,@Spark}
2025-10-17 07:43:35 INFO  LaunchRepository:26 - LaunchRepository инициализирован. Пустой Dataset создан.
2025-10-17 07:43:37 INFO  SpaceXService:31 - Отправка запроса к SpaceX API: https://api.spacexdata.com/v3/launches
2025-10-17 07:43:45 INFO  SpaceXService:47 - Получено 111 запусков
2025-10-17 07:43:45 INFO  LaunchRepository:31 - Сохраняем список запусков, размер: 111
2025-10-17 07:43:46 INFO  LaunchRepository:34 - Список запусков добавлен. Текущее количество запусков: 111
2025-10-17 07:43:49 INFO  LaunchRepository:71 - Читаем все запуски. Всего: 111
2025-10-17 07:43:51 ERROR LaunchRepository:177 - Ошибка при сохранении CSV: java.io.FileNotFoundException: java.io.FileNotFoundException: HADOOP_HOME and hadoop.home.dir are unset. -see https://cwiki.apache.org/confluence/display/HADOOP2/WindowsProblems
java.lang.RuntimeException: java.io.FileNotFoundException: java.io.FileNotFoundException: HADOOP_HOME and hadoop.home.dir are unset. -see https://cwiki.apache.org/confluence/display/HADOOP2/WindowsProblems
	at org.apache.hadoop.util.Shell.getWinUtilsPath(Shell.java:789) ~[hadoop-client-api-3.4.1.jar:?]
	at org.apache.hadoop.util.Shell.getSetPermissionCommand(Shell.java:298) ~[hadoop-client-api-3.4.1.jar:?]
	at org.apache.hadoop.util.Shell.getSetPermissionCommand(Shell.java:314) ~[hadoop-client-api-3.4.1.jar:?]
	at org.apache.hadoop.fs.RawLocalFileSystem.setPermission(RawLocalFileSystem.java:1116) ~[hadoop-client-api-3.4.1.jar:?]
	at org.apache.hadoop.fs.RawLocalFileSystem.mkOneDirWithMode(RawLocalFileSystem.java:798) ~[hadoop-client-api-3.4.1.jar:?]
	at org.apache.hadoop.fs.RawLocalFileSystem.mkdirsWithOptionalPermission(RawLocalFileSystem.java:838) ~[hadoop-client-api-3.4.1.jar:?]
	at org.apache.hadoop.fs.RawLocalFileSystem.mkdirs(RawLocalFileSystem.java:810) ~[hadoop-client-api-3.4.1.jar:?]
	at org.apache.hadoop.fs.RawLocalFileSystem.mkdirsWithOptionalPermission(RawLocalFileSystem.java:837) ~[hadoop-client-api-3.4.1.jar:?]
	at org.apache.hadoop.fs.RawLocalFileSystem.mkdirs(RawLocalFileSystem.java:810) ~[hadoop-client-api-3.4.1.jar:?]
	at org.apache.hadoop.fs.RawLocalFileSystem.mkdirsWithOptionalPermission(RawLocalFileSystem.java:837) ~[hadoop-client-api-3.4.1.jar:?]
	at org.apache.hadoop.fs.RawLocalFileSystem.mkdirs(RawLocalFileSystem.java:810) ~[hadoop-client-api-3.4.1.jar:?]
	at org.apache.hadoop.fs.ChecksumFileSystem.mkdirs(ChecksumFileSystem.java:988) ~[hadoop-client-api-3.4.1.jar:?]
	at org.apache.hadoop.mapreduce.lib.output.FileOutputCommitter.setupJob(FileOutputCommitter.java:356) ~[hadoop-client-api-3.4.1.jar:?]
	at org.apache.spark.internal.io.HadoopMapReduceCommitProtocol.setupJob(HadoopMapReduceCommitProtocol.scala:190) ~[spark-core_2.13-4.0.1.jar:4.0.1]
	at org.apache.spark.sql.execution.datasources.FileFormatWriter$.writeAndCommit(FileFormatWriter.scala:268) ~[spark-sql_2.13-4.0.1.jar:4.0.1]
	at org.apache.spark.sql.execution.datasources.FileFormatWriter$.executeWrite(FileFormatWriter.scala:306) ~[spark-sql_2.13-4.0.1.jar:4.0.1]
	at org.apache.spark.sql.execution.datasources.FileFormatWriter$.write(FileFormatWriter.scala:189) ~[spark-sql_2.13-4.0.1.jar:4.0.1]
	at org.apache.spark.sql.execution.datasources.InsertIntoHadoopFsRelationCommand.run(InsertIntoHadoopFsRelationCommand.scala:195) ~[spark-sql_2.13-4.0.1.jar:4.0.1]
	at org.apache.spark.sql.execution.command.DataWritingCommandExec.sideEffectResult$lzycompute(commands.scala:117) ~[spark-sql_2.13-4.0.1.jar:4.0.1]
	at org.apache.spark.sql.execution.command.DataWritingCommandExec.sideEffectResult(commands.scala:115) ~[spark-sql_2.13-4.0.1.jar:4.0.1]
	at org.apache.spark.sql.execution.command.DataWritingCommandExec.executeCollect(commands.scala:129) ~[spark-sql_2.13-4.0.1.jar:4.0.1]
	at org.apache.spark.sql.execution.QueryExecution.$anonfun$eagerlyExecuteCommands$2(QueryExecution.scala:155) ~[spark-sql_2.13-4.0.1.jar:4.0.1]
	at org.apache.spark.sql.execution.SQLExecution$.$anonfun$withNewExecutionId0$8(SQLExecution.scala:163) ~[spark-sql_2.13-4.0.1.jar:4.0.1]
	at org.apache.spark.sql.execution.SQLExecution$.withSessionTagsApplied(SQLExecution.scala:272) ~[spark-sql_2.13-4.0.1.jar:4.0.1]
	at org.apache.spark.sql.execution.SQLExecution$.$anonfun$withNewExecutionId0$7(SQLExecution.scala:125) ~[spark-sql_2.13-4.0.1.jar:4.0.1]
	at org.apache.spark.JobArtifactSet$.withActiveJobArtifactState(JobArtifactSet.scala:94) ~[spark-core_2.13-4.0.1.jar:4.0.1]
	at org.apache.spark.sql.artifact.ArtifactManager.$anonfun$withResources$1(ArtifactManager.scala:112) ~[spark-sql_2.13-4.0.1.jar:4.0.1]
	at org.apache.spark.sql.artifact.ArtifactManager.withClassLoaderIfNeeded(ArtifactManager.scala:106) ~[spark-sql_2.13-4.0.1.jar:4.0.1]
	at org.apache.spark.sql.artifact.ArtifactManager.withResources(ArtifactManager.scala:111) ~[spark-sql_2.13-4.0.1.jar:4.0.1]
	at org.apache.spark.sql.execution.SQLExecution$.$anonfun$withNewExecutionId0$6(SQLExecution.scala:125) ~[spark-sql_2.13-4.0.1.jar:4.0.1]
	at org.apache.spark.sql.execution.SQLExecution$.withSQLConfPropagated(SQLExecution.scala:295) ~[spark-sql_2.13-4.0.1.jar:4.0.1]
	at org.apache.spark.sql.execution.SQLExecution$.$anonfun$withNewExecutionId0$1(SQLExecution.scala:124) ~[spark-sql_2.13-4.0.1.jar:4.0.1]
	at org.apache.spark.sql.SparkSession.withActive(SparkSession.scala:804) ~[spark-sql-api_2.13-4.0.1.jar:4.0.1]
	at org.apache.spark.sql.execution.SQLExecution$.withNewExecutionId0(SQLExecution.scala:78) ~[spark-sql_2.13-4.0.1.jar:4.0.1]
	at org.apache.spark.sql.execution.SQLExecution$.withNewExecutionId(SQLExecution.scala:237) ~[spark-sql_2.13-4.0.1.jar:4.0.1]
	at org.apache.spark.sql.execution.QueryExecution.$anonfun$eagerlyExecuteCommands$1(QueryExecution.scala:155) ~[spark-sql_2.13-4.0.1.jar:4.0.1]
	at org.apache.spark.sql.execution.QueryExecution$.withInternalError(QueryExecution.scala:654) ~[spark-sql_2.13-4.0.1.jar:4.0.1]
	at org.apache.spark.sql.execution.QueryExecution.org$apache$spark$sql$execution$QueryExecution$$eagerlyExecute$1(QueryExecution.scala:154) ~[spark-sql_2.13-4.0.1.jar:4.0.1]
	at org.apache.spark.sql.execution.QueryExecution$$anonfun$eagerlyExecuteCommands$3.applyOrElse(QueryExecution.scala:169) ~[spark-sql_2.13-4.0.1.jar:4.0.1]
	at org.apache.spark.sql.execution.QueryExecution$$anonfun$eagerlyExecuteCommands$3.applyOrElse(QueryExecution.scala:164) ~[spark-sql_2.13-4.0.1.jar:4.0.1]
	at org.apache.spark.sql.catalyst.trees.TreeNode.$anonfun$transformDownWithPruning$1(TreeNode.scala:470) ~[spark-catalyst_2.13-4.0.1.jar:4.0.1]
	at org.apache.spark.sql.catalyst.trees.CurrentOrigin$.withOrigin(origin.scala:86) ~[spark-sql-api_2.13-4.0.1.jar:4.0.1]
	at org.apache.spark.sql.catalyst.trees.TreeNode.transformDownWithPruning(TreeNode.scala:470) ~[spark-catalyst_2.13-4.0.1.jar:4.0.1]
	at org.apache.spark.sql.catalyst.plans.logical.LogicalPlan.org$apache$spark$sql$catalyst$plans$logical$AnalysisHelper$$super$transformDownWithPruning(LogicalPlan.scala:37) ~[spark-catalyst_2.13-4.0.1.jar:4.0.1]
	at org.apache.spark.sql.catalyst.plans.logical.AnalysisHelper.transformDownWithPruning(AnalysisHelper.scala:360) ~[spark-catalyst_2.13-4.0.1.jar:4.0.1]
	at org.apache.spark.sql.catalyst.plans.logical.AnalysisHelper.transformDownWithPruning$(AnalysisHelper.scala:356) ~[spark-catalyst_2.13-4.0.1.jar:4.0.1]
	at org.apache.spark.sql.catalyst.plans.logical.LogicalPlan.transformDownWithPruning(LogicalPlan.scala:37) ~[spark-catalyst_2.13-4.0.1.jar:4.0.1]
	at org.apache.spark.sql.catalyst.plans.logical.LogicalPlan.transformDownWithPruning(LogicalPlan.scala:37) ~[spark-catalyst_2.13-4.0.1.jar:4.0.1]
	at org.apache.spark.sql.catalyst.trees.TreeNode.transformDown(TreeNode.scala:446) ~[spark-catalyst_2.13-4.0.1.jar:4.0.1]
	at org.apache.spark.sql.execution.QueryExecution.eagerlyExecuteCommands(QueryExecution.scala:164) ~[spark-sql_2.13-4.0.1.jar:4.0.1]
	at org.apache.spark.sql.execution.QueryExecution.$anonfun$lazyCommandExecuted$1(QueryExecution.scala:126) ~[spark-sql_2.13-4.0.1.jar:4.0.1]
	at scala.util.Try$.apply(Try.scala:217) ~[scala-library-2.13.16.jar:?]
	at org.apache.spark.util.Utils$.doTryWithCallerStacktrace(Utils.scala:1378) ~[spark-core_2.13-4.0.1.jar:4.0.1]
	at org.apache.spark.util.Utils$.getTryWithCallerStacktrace(Utils.scala:1439) ~[spark-core_2.13-4.0.1.jar:4.0.1]
	at org.apache.spark.util.LazyTry.get(LazyTry.scala:58) ~[spark-core_2.13-4.0.1.jar:4.0.1]
	at org.apache.spark.sql.execution.QueryExecution.commandExecuted(QueryExecution.scala:131) ~[spark-sql_2.13-4.0.1.jar:4.0.1]
	at org.apache.spark.sql.execution.QueryExecution.assertCommandExecuted(QueryExecution.scala:192) ~[spark-sql_2.13-4.0.1.jar:4.0.1]
	at org.apache.spark.sql.classic.DataFrameWriter.runCommand(DataFrameWriter.scala:622) ~[spark-sql_2.13-4.0.1.jar:4.0.1]
	at org.apache.spark.sql.classic.DataFrameWriter.saveToV1Source(DataFrameWriter.scala:273) ~[spark-sql_2.13-4.0.1.jar:4.0.1]
	at org.apache.spark.sql.classic.DataFrameWriter.saveInternal(DataFrameWriter.scala:241) ~[spark-sql_2.13-4.0.1.jar:4.0.1]
	at org.apache.spark.sql.classic.DataFrameWriter.save(DataFrameWriter.scala:118) ~[spark-sql_2.13-4.0.1.jar:4.0.1]
	at org.apache.spark.sql.DataFrameWriter.csv(DataFrameWriter.scala:426) ~[spark-sql-api_2.13-4.0.1.jar:4.0.1]
	at sfedu.danil.repository.LaunchRepository.exportToCsv(LaunchRepository.java:171) [classes/:?]
	at sfedu.danil.MainCLI.exportToCsv(MainCLI.java:91) [classes/:?]
	at sfedu.danil.MainCLI.main(MainCLI.java:79) [classes/:?]
	Suppressed: org.apache.spark.util.Utils$OriginalTryStackTraceException: Full stacktrace of original doTryWithCallerStacktrace caller
		at org.apache.hadoop.util.Shell.getWinUtilsPath(Shell.java:789) ~[hadoop-client-api-3.4.1.jar:?]
		at org.apache.hadoop.util.Shell.getSetPermissionCommand(Shell.java:298) ~[hadoop-client-api-3.4.1.jar:?]
		at org.apache.hadoop.util.Shell.getSetPermissionCommand(Shell.java:314) ~[hadoop-client-api-3.4.1.jar:?]
		at org.apache.hadoop.fs.RawLocalFileSystem.setPermission(RawLocalFileSystem.java:1116) ~[hadoop-client-api-3.4.1.jar:?]
		at org.apache.hadoop.fs.RawLocalFileSystem.mkOneDirWithMode(RawLocalFileSystem.java:798) ~[hadoop-client-api-3.4.1.jar:?]
		at org.apache.hadoop.fs.RawLocalFileSystem.mkdirsWithOptionalPermission(RawLocalFileSystem.java:838) ~[hadoop-client-api-3.4.1.jar:?]
		at org.apache.hadoop.fs.RawLocalFileSystem.mkdirs(RawLocalFileSystem.java:810) ~[hadoop-client-api-3.4.1.jar:?]
		at org.apache.hadoop.fs.RawLocalFileSystem.mkdirsWithOptionalPermission(RawLocalFileSystem.java:837) ~[hadoop-client-api-3.4.1.jar:?]
		at org.apache.hadoop.fs.RawLocalFileSystem.mkdirs(RawLocalFileSystem.java:810) ~[hadoop-client-api-3.4.1.jar:?]
		at org.apache.hadoop.fs.RawLocalFileSystem.mkdirsWithOptionalPermission(RawLocalFileSystem.java:837) ~[hadoop-client-api-3.4.1.jar:?]
		at org.apache.hadoop.fs.RawLocalFileSystem.mkdirs(RawLocalFileSystem.java:810) ~[hadoop-client-api-3.4.1.jar:?]
		at org.apache.hadoop.fs.ChecksumFileSystem.mkdirs(ChecksumFileSystem.java:988) ~[hadoop-client-api-3.4.1.jar:?]
		at org.apache.hadoop.mapreduce.lib.output.FileOutputCommitter.setupJob(FileOutputCommitter.java:356) ~[hadoop-client-api-3.4.1.jar:?]
		at org.apache.spark.internal.io.HadoopMapReduceCommitProtocol.setupJob(HadoopMapReduceCommitProtocol.scala:190) ~[spark-core_2.13-4.0.1.jar:4.0.1]
		at org.apache.spark.sql.execution.datasources.FileFormatWriter$.writeAndCommit(FileFormatWriter.scala:268) ~[spark-sql_2.13-4.0.1.jar:4.0.1]
		at org.apache.spark.sql.execution.datasources.FileFormatWriter$.executeWrite(FileFormatWriter.scala:306) ~[spark-sql_2.13-4.0.1.jar:4.0.1]
		at org.apache.spark.sql.execution.datasources.FileFormatWriter$.write(FileFormatWriter.scala:189) ~[spark-sql_2.13-4.0.1.jar:4.0.1]
		at org.apache.spark.sql.execution.datasources.InsertIntoHadoopFsRelationCommand.run(InsertIntoHadoopFsRelationCommand.scala:195) ~[spark-sql_2.13-4.0.1.jar:4.0.1]
		at org.apache.spark.sql.execution.command.DataWritingCommandExec.sideEffectResult$lzycompute(commands.scala:117) ~[spark-sql_2.13-4.0.1.jar:4.0.1]
		at org.apache.spark.sql.execution.command.DataWritingCommandExec.sideEffectResult(commands.scala:115) ~[spark-sql_2.13-4.0.1.jar:4.0.1]
		at org.apache.spark.sql.execution.command.DataWritingCommandExec.executeCollect(commands.scala:129) ~[spark-sql_2.13-4.0.1.jar:4.0.1]
		at org.apache.spark.sql.execution.QueryExecution.$anonfun$eagerlyExecuteCommands$2(QueryExecution.scala:155) ~[spark-sql_2.13-4.0.1.jar:4.0.1]
		at org.apache.spark.sql.execution.SQLExecution$.$anonfun$withNewExecutionId0$8(SQLExecution.scala:163) ~[spark-sql_2.13-4.0.1.jar:4.0.1]
		at org.apache.spark.sql.execution.SQLExecution$.withSessionTagsApplied(SQLExecution.scala:272) ~[spark-sql_2.13-4.0.1.jar:4.0.1]
		at org.apache.spark.sql.execution.SQLExecution$.$anonfun$withNewExecutionId0$7(SQLExecution.scala:125) ~[spark-sql_2.13-4.0.1.jar:4.0.1]
		at org.apache.spark.JobArtifactSet$.withActiveJobArtifactState(JobArtifactSet.scala:94) ~[spark-core_2.13-4.0.1.jar:4.0.1]
		at org.apache.spark.sql.artifact.ArtifactManager.$anonfun$withResources$1(ArtifactManager.scala:112) ~[spark-sql_2.13-4.0.1.jar:4.0.1]
		at org.apache.spark.sql.artifact.ArtifactManager.withClassLoaderIfNeeded(ArtifactManager.scala:106) ~[spark-sql_2.13-4.0.1.jar:4.0.1]
		at org.apache.spark.sql.artifact.ArtifactManager.withResources(ArtifactManager.scala:111) ~[spark-sql_2.13-4.0.1.jar:4.0.1]
		at org.apache.spark.sql.execution.SQLExecution$.$anonfun$withNewExecutionId0$6(SQLExecution.scala:125) ~[spark-sql_2.13-4.0.1.jar:4.0.1]
		at org.apache.spark.sql.execution.SQLExecution$.withSQLConfPropagated(SQLExecution.scala:295) ~[spark-sql_2.13-4.0.1.jar:4.0.1]
		at org.apache.spark.sql.execution.SQLExecution$.$anonfun$withNewExecutionId0$1(SQLExecution.scala:124) ~[spark-sql_2.13-4.0.1.jar:4.0.1]
		at org.apache.spark.sql.SparkSession.withActive(SparkSession.scala:804) ~[spark-sql-api_2.13-4.0.1.jar:4.0.1]
		at org.apache.spark.sql.execution.SQLExecution$.withNewExecutionId0(SQLExecution.scala:78) ~[spark-sql_2.13-4.0.1.jar:4.0.1]
		at org.apache.spark.sql.execution.SQLExecution$.withNewExecutionId(SQLExecution.scala:237) ~[spark-sql_2.13-4.0.1.jar:4.0.1]
		at org.apache.spark.sql.execution.QueryExecution.$anonfun$eagerlyExecuteCommands$1(QueryExecution.scala:155) ~[spark-sql_2.13-4.0.1.jar:4.0.1]
		at org.apache.spark.sql.execution.QueryExecution$.withInternalError(QueryExecution.scala:654) ~[spark-sql_2.13-4.0.1.jar:4.0.1]
		at org.apache.spark.sql.execution.QueryExecution.org$apache$spark$sql$execution$QueryExecution$$eagerlyExecute$1(QueryExecution.scala:154) ~[spark-sql_2.13-4.0.1.jar:4.0.1]
		at org.apache.spark.sql.execution.QueryExecution$$anonfun$eagerlyExecuteCommands$3.applyOrElse(QueryExecution.scala:169) ~[spark-sql_2.13-4.0.1.jar:4.0.1]
		at org.apache.spark.sql.execution.QueryExecution$$anonfun$eagerlyExecuteCommands$3.applyOrElse(QueryExecution.scala:164) ~[spark-sql_2.13-4.0.1.jar:4.0.1]
		at org.apache.spark.sql.catalyst.trees.TreeNode.$anonfun$transformDownWithPruning$1(TreeNode.scala:470) ~[spark-catalyst_2.13-4.0.1.jar:4.0.1]
		at org.apache.spark.sql.catalyst.trees.CurrentOrigin$.withOrigin(origin.scala:86) ~[spark-sql-api_2.13-4.0.1.jar:4.0.1]
		at org.apache.spark.sql.catalyst.trees.TreeNode.transformDownWithPruning(TreeNode.scala:470) ~[spark-catalyst_2.13-4.0.1.jar:4.0.1]
		at org.apache.spark.sql.catalyst.plans.logical.LogicalPlan.org$apache$spark$sql$catalyst$plans$logical$AnalysisHelper$$super$transformDownWithPruning(LogicalPlan.scala:37) ~[spark-catalyst_2.13-4.0.1.jar:4.0.1]
		at org.apache.spark.sql.catalyst.plans.logical.AnalysisHelper.transformDownWithPruning(AnalysisHelper.scala:360) ~[spark-catalyst_2.13-4.0.1.jar:4.0.1]
		at org.apache.spark.sql.catalyst.plans.logical.AnalysisHelper.transformDownWithPruning$(AnalysisHelper.scala:356) ~[spark-catalyst_2.13-4.0.1.jar:4.0.1]
		at org.apache.spark.sql.catalyst.plans.logical.LogicalPlan.transformDownWithPruning(LogicalPlan.scala:37) ~[spark-catalyst_2.13-4.0.1.jar:4.0.1]
		at org.apache.spark.sql.catalyst.plans.logical.LogicalPlan.transformDownWithPruning(LogicalPlan.scala:37) ~[spark-catalyst_2.13-4.0.1.jar:4.0.1]
		at org.apache.spark.sql.catalyst.trees.TreeNode.transformDown(TreeNode.scala:446) ~[spark-catalyst_2.13-4.0.1.jar:4.0.1]
		at org.apache.spark.sql.execution.QueryExecution.eagerlyExecuteCommands(QueryExecution.scala:164) ~[spark-sql_2.13-4.0.1.jar:4.0.1]
		at org.apache.spark.sql.execution.QueryExecution.$anonfun$lazyCommandExecuted$1(QueryExecution.scala:126) ~[spark-sql_2.13-4.0.1.jar:4.0.1]
		at scala.util.Try$.apply(Try.scala:217) ~[scala-library-2.13.16.jar:?]
		at org.apache.spark.util.Utils$.doTryWithCallerStacktrace(Utils.scala:1378) ~[spark-core_2.13-4.0.1.jar:4.0.1]
		at org.apache.spark.util.LazyTry.tryT$lzycompute(LazyTry.scala:46) ~[spark-core_2.13-4.0.1.jar:4.0.1]
		at org.apache.spark.util.LazyTry.tryT(LazyTry.scala:46) ~[spark-core_2.13-4.0.1.jar:4.0.1]
		at org.apache.spark.util.LazyTry.get(LazyTry.scala:58) ~[spark-core_2.13-4.0.1.jar:4.0.1]
		at org.apache.spark.sql.execution.QueryExecution.commandExecuted(QueryExecution.scala:131) ~[spark-sql_2.13-4.0.1.jar:4.0.1]
		at org.apache.spark.sql.execution.QueryExecution.assertCommandExecuted(QueryExecution.scala:192) ~[spark-sql_2.13-4.0.1.jar:4.0.1]
		at org.apache.spark.sql.classic.DataFrameWriter.runCommand(DataFrameWriter.scala:622) ~[spark-sql_2.13-4.0.1.jar:4.0.1]
		at org.apache.spark.sql.classic.DataFrameWriter.saveToV1Source(DataFrameWriter.scala:273) ~[spark-sql_2.13-4.0.1.jar:4.0.1]
		at org.apache.spark.sql.classic.DataFrameWriter.saveInternal(DataFrameWriter.scala:241) ~[spark-sql_2.13-4.0.1.jar:4.0.1]
		at org.apache.spark.sql.classic.DataFrameWriter.save(DataFrameWriter.scala:118) ~[spark-sql_2.13-4.0.1.jar:4.0.1]
		at org.apache.spark.sql.DataFrameWriter.csv(DataFrameWriter.scala:426) ~[spark-sql-api_2.13-4.0.1.jar:4.0.1]
		at sfedu.danil.repository.LaunchRepository.exportToCsv(LaunchRepository.java:171) [classes/:?]
		at sfedu.danil.MainCLI.exportToCsv(MainCLI.java:91) [classes/:?]
		at sfedu.danil.MainCLI.main(MainCLI.java:79) [classes/:?]
Caused by: java.io.FileNotFoundException: java.io.FileNotFoundException: HADOOP_HOME and hadoop.home.dir are unset. -see https://cwiki.apache.org/confluence/display/HADOOP2/WindowsProblems
	at org.apache.hadoop.util.Shell.fileNotFoundException(Shell.java:601) ~[hadoop-client-api-3.4.1.jar:?]
	at org.apache.hadoop.util.Shell.getHadoopHomeDir(Shell.java:622) ~[hadoop-client-api-3.4.1.jar:?]
	at org.apache.hadoop.util.Shell.getQualifiedBin(Shell.java:645) ~[hadoop-client-api-3.4.1.jar:?]
	at org.apache.hadoop.util.Shell.<clinit>(Shell.java:742) ~[hadoop-client-api-3.4.1.jar:?]
	at org.apache.hadoop.util.StringUtils.<clinit>(StringUtils.java:80) ~[hadoop-client-api-3.4.1.jar:?]
	at org.apache.hadoop.conf.Configuration.getBoolean(Configuration.java:1733) ~[hadoop-client-api-3.4.1.jar:?]
	at org.apache.hadoop.security.SecurityUtil.setConfigurationInternal(SecurityUtil.java:106) ~[hadoop-client-api-3.4.1.jar:?]
	at org.apache.hadoop.security.SecurityUtil.<clinit>(SecurityUtil.java:95) ~[hadoop-client-api-3.4.1.jar:?]
	at org.apache.hadoop.security.UserGroupInformation.initialize(UserGroupInformation.java:311) ~[hadoop-client-api-3.4.1.jar:?]
	at org.apache.hadoop.security.UserGroupInformation.ensureInitialized(UserGroupInformation.java:299) ~[hadoop-client-api-3.4.1.jar:?]
	at org.apache.hadoop.security.UserGroupInformation.getCurrentUser(UserGroupInformation.java:586) ~[hadoop-client-api-3.4.1.jar:?]
	at org.apache.spark.util.Utils$.$anonfun$getCurrentUserName$1(Utils.scala:2446) ~[spark-core_2.13-4.0.1.jar:4.0.1]
	at scala.Option.getOrElse(Option.scala:201) ~[scala-library-2.13.16.jar:?]
	at org.apache.spark.util.Utils$.getCurrentUserName(Utils.scala:2446) ~[spark-core_2.13-4.0.1.jar:4.0.1]
	at org.apache.spark.SparkContext.<init>(SparkContext.scala:339) ~[spark-core_2.13-4.0.1.jar:4.0.1]
	at org.apache.spark.SparkContext$.getOrCreate(SparkContext.scala:3055) ~[spark-core_2.13-4.0.1.jar:4.0.1]
	at org.apache.spark.sql.classic.SparkSession$Builder.$anonfun$build$2(SparkSession.scala:839) ~[spark-sql_2.13-4.0.1.jar:4.0.1]
	at scala.Option.getOrElse(Option.scala:201) ~[scala-library-2.13.16.jar:?]
	at org.apache.spark.sql.classic.SparkSession$Builder.build(SparkSession.scala:830) ~[spark-sql_2.13-4.0.1.jar:4.0.1]
	at org.apache.spark.sql.classic.SparkSession$Builder.getOrCreate(SparkSession.scala:859) ~[spark-sql_2.13-4.0.1.jar:4.0.1]
	at org.apache.spark.sql.classic.SparkSession$Builder.getOrCreate(SparkSession.scala:732) ~[spark-sql_2.13-4.0.1.jar:4.0.1]
	at org.apache.spark.sql.SparkSession$Builder.getOrCreate(SparkSession.scala:923) ~[spark-sql-api_2.13-4.0.1.jar:4.0.1]
	at sfedu.danil.config.SparkConfig.getSparkSession(SparkConfig.java:23) ~[classes/:?]
	at sfedu.danil.repository.LaunchRepository.<init>(LaunchRepository.java:23) ~[classes/:?]
	at sfedu.danil.MainCLI.<clinit>(MainCLI.java:20) ~[classes/:?]
Caused by: java.io.FileNotFoundException: HADOOP_HOME and hadoop.home.dir are unset.
	at org.apache.hadoop.util.Shell.checkHadoopHomeInner(Shell.java:521) ~[hadoop-client-api-3.4.1.jar:?]
	at org.apache.hadoop.util.Shell.checkHadoopHome(Shell.java:492) ~[hadoop-client-api-3.4.1.jar:?]
	at org.apache.hadoop.util.Shell.<clinit>(Shell.java:569) ~[hadoop-client-api-3.4.1.jar:?]
	at org.apache.hadoop.util.StringUtils.<clinit>(StringUtils.java:80) ~[hadoop-client-api-3.4.1.jar:?]
	at org.apache.hadoop.conf.Configuration.getBoolean(Configuration.java:1733) ~[hadoop-client-api-3.4.1.jar:?]
	at org.apache.hadoop.security.SecurityUtil.setConfigurationInternal(SecurityUtil.java:106) ~[hadoop-client-api-3.4.1.jar:?]
	at org.apache.hadoop.security.SecurityUtil.<clinit>(SecurityUtil.java:95) ~[hadoop-client-api-3.4.1.jar:?]
	at org.apache.hadoop.security.UserGroupInformation.initialize(UserGroupInformation.java:311) ~[hadoop-client-api-3.4.1.jar:?]
	at org.apache.hadoop.security.UserGroupInformation.ensureInitialized(UserGroupInformation.java:299) ~[hadoop-client-api-3.4.1.jar:?]
	at org.apache.hadoop.security.UserGroupInformation.getCurrentUser(UserGroupInformation.java:586) ~[hadoop-client-api-3.4.1.jar:?]
	at org.apache.spark.util.Utils$.$anonfun$getCurrentUserName$1(Utils.scala:2446) ~[spark-core_2.13-4.0.1.jar:4.0.1]
	at scala.Option.getOrElse(Option.scala:201) ~[scala-library-2.13.16.jar:?]
	at org.apache.spark.util.Utils$.getCurrentUserName(Utils.scala:2446) ~[spark-core_2.13-4.0.1.jar:4.0.1]
	at org.apache.spark.SparkContext.<init>(SparkContext.scala:339) ~[spark-core_2.13-4.0.1.jar:4.0.1]
	at org.apache.spark.SparkContext$.getOrCreate(SparkContext.scala:3055) ~[spark-core_2.13-4.0.1.jar:4.0.1]
	at org.apache.spark.sql.classic.SparkSession$Builder.$anonfun$build$2(SparkSession.scala:839) ~[spark-sql_2.13-4.0.1.jar:4.0.1]
	at scala.Option.getOrElse(Option.scala:201) ~[scala-library-2.13.16.jar:?]
	at org.apache.spark.sql.classic.SparkSession$Builder.build(SparkSession.scala:830) ~[spark-sql_2.13-4.0.1.jar:4.0.1]
	at org.apache.spark.sql.classic.SparkSession$Builder.getOrCreate(SparkSession.scala:859) ~[spark-sql_2.13-4.0.1.jar:4.0.1]
	at org.apache.spark.sql.classic.SparkSession$Builder.getOrCreate(SparkSession.scala:732) ~[spark-sql_2.13-4.0.1.jar:4.0.1]
	at org.apache.spark.sql.SparkSession$Builder.getOrCreate(SparkSession.scala:923) ~[spark-sql-api_2.13-4.0.1.jar:4.0.1]
	at sfedu.danil.config.SparkConfig.getSparkSession(SparkConfig.java:23) ~[classes/:?]
	at sfedu.danil.repository.LaunchRepository.<init>(LaunchRepository.java:23) ~[classes/:?]
	at sfedu.danil.MainCLI.<clinit>(MainCLI.java:20) ~[classes/:?]
2025-10-17 07:44:15 INFO  Server:479 - Stopped Server@24876a7e{STOPPING}[11.0.24,sto=30000]
2025-10-17 07:44:15 INFO  Server:135 - Shutdown Server@24876a7e{STOPPING}[11.0.24,sto=30000]
2025-10-17 07:44:15 INFO  AbstractConnector:431 - Stopped Spark@7b3018b4{HTTP/1.1, (http/1.1)}{0.0.0.0:4040}
2025-10-17 07:45:58 INFO  SparkConfig:17 - Инициализация SparkSession...
2025-10-17 07:45:59 WARN  Shell:746 - Did not find winutils.exe: java.io.FileNotFoundException: Hadoop bin directory does not exist: D:\SpaceXSpark\bin -see https://cwiki.apache.org/confluence/display/HADOOP2/WindowsProblems
2025-10-17 07:45:59 WARN  NativeCodeLoader:60 - Unable to load native-hadoop library for your platform... using builtin-java classes where applicable
2025-10-17 07:46:00 INFO  Server:384 - jetty-11.0.24; built: 2024-08-26T18:11:22.448Z; git: 5dfc59a691b748796f922208956bd1f2794bcd16; jvm 21.0.6+7-LTS
2025-10-17 07:46:00 INFO  Server:439 - Started Server@13866329{STARTING}[11.0.24,sto=30000] @2114ms
2025-10-17 07:46:00 INFO  AbstractConnector:376 - Started ServerConnector@348fc4d9{HTTP/1.1, (http/1.1)}{0.0.0.0:4040}
2025-10-17 07:46:00 INFO  ContextHandler:907 - Started o.s.j.s.ServletContextHandler@16bd7ae1{/,null,AVAILABLE,@Spark}
2025-10-17 07:46:00 INFO  ContextHandler:1123 - Stopped o.s.j.s.ServletContextHandler@16bd7ae1{/,null,STOPPED,@Spark}
2025-10-17 07:46:00 INFO  ContextHandler:907 - Started o.s.j.s.ServletContextHandler@22ae905f{/jobs,null,AVAILABLE,@Spark}
2025-10-17 07:46:00 INFO  ContextHandler:907 - Started o.s.j.s.ServletContextHandler@4fbaa7f5{/jobs/json,null,AVAILABLE,@Spark}
2025-10-17 07:46:00 INFO  ContextHandler:907 - Started o.s.j.s.ServletContextHandler@6d4a05f7{/jobs/job,null,AVAILABLE,@Spark}
2025-10-17 07:46:00 INFO  ContextHandler:907 - Started o.s.j.s.ServletContextHandler@4b476233{/jobs/job/json,null,AVAILABLE,@Spark}
2025-10-17 07:46:00 INFO  ContextHandler:907 - Started o.s.j.s.ServletContextHandler@4f235e8e{/stages,null,AVAILABLE,@Spark}
2025-10-17 07:46:00 INFO  ContextHandler:907 - Started o.s.j.s.ServletContextHandler@29dcdd1c{/stages/json,null,AVAILABLE,@Spark}
2025-10-17 07:46:00 INFO  ContextHandler:907 - Started o.s.j.s.ServletContextHandler@524f5ea5{/stages/stage,null,AVAILABLE,@Spark}
2025-10-17 07:46:00 INFO  ContextHandler:907 - Started o.s.j.s.ServletContextHandler@17134190{/stages/stage/json,null,AVAILABLE,@Spark}
2025-10-17 07:46:00 INFO  ContextHandler:907 - Started o.s.j.s.ServletContextHandler@5599b5bb{/stages/pool,null,AVAILABLE,@Spark}
2025-10-17 07:46:00 INFO  ContextHandler:907 - Started o.s.j.s.ServletContextHandler@4264beb8{/stages/pool/json,null,AVAILABLE,@Spark}
2025-10-17 07:46:00 INFO  ContextHandler:907 - Started o.s.j.s.ServletContextHandler@7cd3e0da{/stages/taskThreadDump,null,AVAILABLE,@Spark}
2025-10-17 07:46:00 INFO  ContextHandler:907 - Started o.s.j.s.ServletContextHandler@67e77f52{/stages/taskThreadDump/json,null,AVAILABLE,@Spark}
2025-10-17 07:46:00 INFO  ContextHandler:907 - Started o.s.j.s.ServletContextHandler@1d1bf7bf{/storage,null,AVAILABLE,@Spark}
2025-10-17 07:46:00 INFO  ContextHandler:907 - Started o.s.j.s.ServletContextHandler@4d43a1b7{/storage/json,null,AVAILABLE,@Spark}
2025-10-17 07:46:00 INFO  ContextHandler:907 - Started o.s.j.s.ServletContextHandler@19705650{/storage/rdd,null,AVAILABLE,@Spark}
2025-10-17 07:46:00 INFO  ContextHandler:907 - Started o.s.j.s.ServletContextHandler@4a660b34{/storage/rdd/json,null,AVAILABLE,@Spark}
2025-10-17 07:46:00 INFO  ContextHandler:907 - Started o.s.j.s.ServletContextHandler@2df3545d{/environment,null,AVAILABLE,@Spark}
2025-10-17 07:46:00 INFO  ContextHandler:907 - Started o.s.j.s.ServletContextHandler@fe8aaeb{/environment/json,null,AVAILABLE,@Spark}
2025-10-17 07:46:00 INFO  ContextHandler:907 - Started o.s.j.s.ServletContextHandler@5cf0673d{/executors,null,AVAILABLE,@Spark}
2025-10-17 07:46:00 INFO  ContextHandler:907 - Started o.s.j.s.ServletContextHandler@a323a5b{/executors/json,null,AVAILABLE,@Spark}
2025-10-17 07:46:00 INFO  ContextHandler:907 - Started o.s.j.s.ServletContextHandler@ad0bb4e{/executors/threadDump,null,AVAILABLE,@Spark}
2025-10-17 07:46:00 INFO  ContextHandler:907 - Started o.s.j.s.ServletContextHandler@6a6da47a{/executors/threadDump/json,null,AVAILABLE,@Spark}
2025-10-17 07:46:00 INFO  ContextHandler:907 - Started o.s.j.s.ServletContextHandler@7f642bf{/executors/heapHistogram,null,AVAILABLE,@Spark}
2025-10-17 07:46:00 INFO  ContextHandler:907 - Started o.s.j.s.ServletContextHandler@44aa91e2{/executors/heapHistogram/json,null,AVAILABLE,@Spark}
2025-10-17 07:46:00 INFO  ContextHandler:907 - Started o.s.j.s.ServletContextHandler@650a1aff{/static,null,AVAILABLE,@Spark}
2025-10-17 07:46:00 INFO  ContextHandler:907 - Started o.s.j.s.ServletContextHandler@5dfc2a4{/,null,AVAILABLE,@Spark}
2025-10-17 07:46:00 INFO  ContextHandler:907 - Started o.s.j.s.ServletContextHandler@781c2497{/api,null,AVAILABLE,@Spark}
2025-10-17 07:46:00 INFO  ContextHandler:907 - Started o.s.j.s.ServletContextHandler@239b98cb{/metrics,null,AVAILABLE,@Spark}
2025-10-17 07:46:00 INFO  ContextHandler:907 - Started o.s.j.s.ServletContextHandler@49038f97{/jobs/job/kill,null,AVAILABLE,@Spark}
2025-10-17 07:46:00 INFO  ContextHandler:907 - Started o.s.j.s.ServletContextHandler@7ef41ca2{/stages/stage/kill,null,AVAILABLE,@Spark}
2025-10-17 07:46:00 INFO  ContextHandler:907 - Started o.s.j.s.ServletContextHandler@4b4927e5{/metrics/json,null,AVAILABLE,@Spark}
2025-10-17 07:46:00 INFO  SparkConfig:28 - SparkSession успешно создан!
2025-10-17 07:46:00 INFO  SparkConfig:29 - Имя приложения: SpaceX-Spark-App
2025-10-17 07:46:00 INFO  SparkConfig:30 - Режим выполнения (master): local[*]
2025-10-17 07:46:00 INFO  SparkConfig:31 - Версия Spark: 4.0.1
2025-10-17 07:46:00 INFO  ContextHandler:907 - Started o.s.j.s.ServletContextHandler@2ffb0d10{/SQL,null,AVAILABLE,@Spark}
2025-10-17 07:46:00 INFO  ContextHandler:907 - Started o.s.j.s.ServletContextHandler@3e9fb485{/SQL/json,null,AVAILABLE,@Spark}
2025-10-17 07:46:00 INFO  ContextHandler:907 - Started o.s.j.s.ServletContextHandler@63e70bf9{/SQL/execution,null,AVAILABLE,@Spark}
2025-10-17 07:46:00 INFO  ContextHandler:907 - Started o.s.j.s.ServletContextHandler@419f0ea{/SQL/execution/json,null,AVAILABLE,@Spark}
2025-10-17 07:46:00 INFO  ContextHandler:907 - Started o.s.j.s.ServletContextHandler@87aec6a{/static/sql,null,AVAILABLE,@Spark}
2025-10-17 07:46:01 INFO  LaunchRepository:26 - LaunchRepository инициализирован. Пустой Dataset создан.
2025-10-17 07:46:07 INFO  SpaceXService:31 - Отправка запроса к SpaceX API: https://api.spacexdata.com/v3/launches
2025-10-17 07:46:09 INFO  SpaceXService:47 - Получено 111 запусков
2025-10-17 07:46:09 INFO  LaunchRepository:31 - Сохраняем список запусков, размер: 111
2025-10-17 07:46:11 INFO  LaunchRepository:34 - Список запусков добавлен. Текущее количество запусков: 111
2025-10-17 07:46:11 INFO  LaunchRepository:71 - Читаем все запуски. Всего: 111
2025-10-17 07:46:15 ERROR LaunchRepository:177 - Ошибка при сохранении CSV: java.io.FileNotFoundException: Hadoop bin directory does not exist: D:\SpaceXSpark\bin -see https://cwiki.apache.org/confluence/display/HADOOP2/WindowsProblems
java.lang.RuntimeException: java.io.FileNotFoundException: Hadoop bin directory does not exist: D:\SpaceXSpark\bin -see https://cwiki.apache.org/confluence/display/HADOOP2/WindowsProblems
	at org.apache.hadoop.util.Shell.getWinUtilsPath(Shell.java:789) ~[hadoop-client-api-3.4.1.jar:?]
	at org.apache.hadoop.util.Shell.getSetPermissionCommand(Shell.java:298) ~[hadoop-client-api-3.4.1.jar:?]
	at org.apache.hadoop.util.Shell.getSetPermissionCommand(Shell.java:314) ~[hadoop-client-api-3.4.1.jar:?]
	at org.apache.hadoop.fs.RawLocalFileSystem.setPermission(RawLocalFileSystem.java:1116) ~[hadoop-client-api-3.4.1.jar:?]
	at org.apache.hadoop.fs.RawLocalFileSystem.mkOneDirWithMode(RawLocalFileSystem.java:798) ~[hadoop-client-api-3.4.1.jar:?]
	at org.apache.hadoop.fs.RawLocalFileSystem.mkdirsWithOptionalPermission(RawLocalFileSystem.java:838) ~[hadoop-client-api-3.4.1.jar:?]
	at org.apache.hadoop.fs.RawLocalFileSystem.mkdirs(RawLocalFileSystem.java:810) ~[hadoop-client-api-3.4.1.jar:?]
	at org.apache.hadoop.fs.RawLocalFileSystem.mkdirsWithOptionalPermission(RawLocalFileSystem.java:837) ~[hadoop-client-api-3.4.1.jar:?]
	at org.apache.hadoop.fs.RawLocalFileSystem.mkdirs(RawLocalFileSystem.java:810) ~[hadoop-client-api-3.4.1.jar:?]
	at org.apache.hadoop.fs.RawLocalFileSystem.mkdirsWithOptionalPermission(RawLocalFileSystem.java:837) ~[hadoop-client-api-3.4.1.jar:?]
	at org.apache.hadoop.fs.RawLocalFileSystem.mkdirs(RawLocalFileSystem.java:810) ~[hadoop-client-api-3.4.1.jar:?]
	at org.apache.hadoop.fs.ChecksumFileSystem.mkdirs(ChecksumFileSystem.java:988) ~[hadoop-client-api-3.4.1.jar:?]
	at org.apache.hadoop.mapreduce.lib.output.FileOutputCommitter.setupJob(FileOutputCommitter.java:356) ~[hadoop-client-api-3.4.1.jar:?]
	at org.apache.spark.internal.io.HadoopMapReduceCommitProtocol.setupJob(HadoopMapReduceCommitProtocol.scala:190) ~[spark-core_2.13-4.0.1.jar:4.0.1]
	at org.apache.spark.sql.execution.datasources.FileFormatWriter$.writeAndCommit(FileFormatWriter.scala:268) ~[spark-sql_2.13-4.0.1.jar:4.0.1]
	at org.apache.spark.sql.execution.datasources.FileFormatWriter$.executeWrite(FileFormatWriter.scala:306) ~[spark-sql_2.13-4.0.1.jar:4.0.1]
	at org.apache.spark.sql.execution.datasources.FileFormatWriter$.write(FileFormatWriter.scala:189) ~[spark-sql_2.13-4.0.1.jar:4.0.1]
	at org.apache.spark.sql.execution.datasources.InsertIntoHadoopFsRelationCommand.run(InsertIntoHadoopFsRelationCommand.scala:195) ~[spark-sql_2.13-4.0.1.jar:4.0.1]
	at org.apache.spark.sql.execution.command.DataWritingCommandExec.sideEffectResult$lzycompute(commands.scala:117) ~[spark-sql_2.13-4.0.1.jar:4.0.1]
	at org.apache.spark.sql.execution.command.DataWritingCommandExec.sideEffectResult(commands.scala:115) ~[spark-sql_2.13-4.0.1.jar:4.0.1]
	at org.apache.spark.sql.execution.command.DataWritingCommandExec.executeCollect(commands.scala:129) ~[spark-sql_2.13-4.0.1.jar:4.0.1]
	at org.apache.spark.sql.execution.QueryExecution.$anonfun$eagerlyExecuteCommands$2(QueryExecution.scala:155) ~[spark-sql_2.13-4.0.1.jar:4.0.1]
	at org.apache.spark.sql.execution.SQLExecution$.$anonfun$withNewExecutionId0$8(SQLExecution.scala:163) ~[spark-sql_2.13-4.0.1.jar:4.0.1]
	at org.apache.spark.sql.execution.SQLExecution$.withSessionTagsApplied(SQLExecution.scala:272) ~[spark-sql_2.13-4.0.1.jar:4.0.1]
	at org.apache.spark.sql.execution.SQLExecution$.$anonfun$withNewExecutionId0$7(SQLExecution.scala:125) ~[spark-sql_2.13-4.0.1.jar:4.0.1]
	at org.apache.spark.JobArtifactSet$.withActiveJobArtifactState(JobArtifactSet.scala:94) ~[spark-core_2.13-4.0.1.jar:4.0.1]
	at org.apache.spark.sql.artifact.ArtifactManager.$anonfun$withResources$1(ArtifactManager.scala:112) ~[spark-sql_2.13-4.0.1.jar:4.0.1]
	at org.apache.spark.sql.artifact.ArtifactManager.withClassLoaderIfNeeded(ArtifactManager.scala:106) ~[spark-sql_2.13-4.0.1.jar:4.0.1]
	at org.apache.spark.sql.artifact.ArtifactManager.withResources(ArtifactManager.scala:111) ~[spark-sql_2.13-4.0.1.jar:4.0.1]
	at org.apache.spark.sql.execution.SQLExecution$.$anonfun$withNewExecutionId0$6(SQLExecution.scala:125) ~[spark-sql_2.13-4.0.1.jar:4.0.1]
	at org.apache.spark.sql.execution.SQLExecution$.withSQLConfPropagated(SQLExecution.scala:295) ~[spark-sql_2.13-4.0.1.jar:4.0.1]
	at org.apache.spark.sql.execution.SQLExecution$.$anonfun$withNewExecutionId0$1(SQLExecution.scala:124) ~[spark-sql_2.13-4.0.1.jar:4.0.1]
	at org.apache.spark.sql.SparkSession.withActive(SparkSession.scala:804) ~[spark-sql-api_2.13-4.0.1.jar:4.0.1]
	at org.apache.spark.sql.execution.SQLExecution$.withNewExecutionId0(SQLExecution.scala:78) ~[spark-sql_2.13-4.0.1.jar:4.0.1]
	at org.apache.spark.sql.execution.SQLExecution$.withNewExecutionId(SQLExecution.scala:237) ~[spark-sql_2.13-4.0.1.jar:4.0.1]
	at org.apache.spark.sql.execution.QueryExecution.$anonfun$eagerlyExecuteCommands$1(QueryExecution.scala:155) ~[spark-sql_2.13-4.0.1.jar:4.0.1]
	at org.apache.spark.sql.execution.QueryExecution$.withInternalError(QueryExecution.scala:654) ~[spark-sql_2.13-4.0.1.jar:4.0.1]
	at org.apache.spark.sql.execution.QueryExecution.org$apache$spark$sql$execution$QueryExecution$$eagerlyExecute$1(QueryExecution.scala:154) ~[spark-sql_2.13-4.0.1.jar:4.0.1]
	at org.apache.spark.sql.execution.QueryExecution$$anonfun$eagerlyExecuteCommands$3.applyOrElse(QueryExecution.scala:169) ~[spark-sql_2.13-4.0.1.jar:4.0.1]
	at org.apache.spark.sql.execution.QueryExecution$$anonfun$eagerlyExecuteCommands$3.applyOrElse(QueryExecution.scala:164) ~[spark-sql_2.13-4.0.1.jar:4.0.1]
	at org.apache.spark.sql.catalyst.trees.TreeNode.$anonfun$transformDownWithPruning$1(TreeNode.scala:470) ~[spark-catalyst_2.13-4.0.1.jar:4.0.1]
	at org.apache.spark.sql.catalyst.trees.CurrentOrigin$.withOrigin(origin.scala:86) ~[spark-sql-api_2.13-4.0.1.jar:4.0.1]
	at org.apache.spark.sql.catalyst.trees.TreeNode.transformDownWithPruning(TreeNode.scala:470) ~[spark-catalyst_2.13-4.0.1.jar:4.0.1]
	at org.apache.spark.sql.catalyst.plans.logical.LogicalPlan.org$apache$spark$sql$catalyst$plans$logical$AnalysisHelper$$super$transformDownWithPruning(LogicalPlan.scala:37) ~[spark-catalyst_2.13-4.0.1.jar:4.0.1]
	at org.apache.spark.sql.catalyst.plans.logical.AnalysisHelper.transformDownWithPruning(AnalysisHelper.scala:360) ~[spark-catalyst_2.13-4.0.1.jar:4.0.1]
	at org.apache.spark.sql.catalyst.plans.logical.AnalysisHelper.transformDownWithPruning$(AnalysisHelper.scala:356) ~[spark-catalyst_2.13-4.0.1.jar:4.0.1]
	at org.apache.spark.sql.catalyst.plans.logical.LogicalPlan.transformDownWithPruning(LogicalPlan.scala:37) ~[spark-catalyst_2.13-4.0.1.jar:4.0.1]
	at org.apache.spark.sql.catalyst.plans.logical.LogicalPlan.transformDownWithPruning(LogicalPlan.scala:37) ~[spark-catalyst_2.13-4.0.1.jar:4.0.1]
	at org.apache.spark.sql.catalyst.trees.TreeNode.transformDown(TreeNode.scala:446) ~[spark-catalyst_2.13-4.0.1.jar:4.0.1]
	at org.apache.spark.sql.execution.QueryExecution.eagerlyExecuteCommands(QueryExecution.scala:164) ~[spark-sql_2.13-4.0.1.jar:4.0.1]
	at org.apache.spark.sql.execution.QueryExecution.$anonfun$lazyCommandExecuted$1(QueryExecution.scala:126) ~[spark-sql_2.13-4.0.1.jar:4.0.1]
	at scala.util.Try$.apply(Try.scala:217) ~[scala-library-2.13.16.jar:?]
	at org.apache.spark.util.Utils$.doTryWithCallerStacktrace(Utils.scala:1378) ~[spark-core_2.13-4.0.1.jar:4.0.1]
	at org.apache.spark.util.Utils$.getTryWithCallerStacktrace(Utils.scala:1439) ~[spark-core_2.13-4.0.1.jar:4.0.1]
	at org.apache.spark.util.LazyTry.get(LazyTry.scala:58) ~[spark-core_2.13-4.0.1.jar:4.0.1]
	at org.apache.spark.sql.execution.QueryExecution.commandExecuted(QueryExecution.scala:131) ~[spark-sql_2.13-4.0.1.jar:4.0.1]
	at org.apache.spark.sql.execution.QueryExecution.assertCommandExecuted(QueryExecution.scala:192) ~[spark-sql_2.13-4.0.1.jar:4.0.1]
	at org.apache.spark.sql.classic.DataFrameWriter.runCommand(DataFrameWriter.scala:622) ~[spark-sql_2.13-4.0.1.jar:4.0.1]
	at org.apache.spark.sql.classic.DataFrameWriter.saveToV1Source(DataFrameWriter.scala:273) ~[spark-sql_2.13-4.0.1.jar:4.0.1]
	at org.apache.spark.sql.classic.DataFrameWriter.saveInternal(DataFrameWriter.scala:241) ~[spark-sql_2.13-4.0.1.jar:4.0.1]
	at org.apache.spark.sql.classic.DataFrameWriter.save(DataFrameWriter.scala:118) ~[spark-sql_2.13-4.0.1.jar:4.0.1]
	at org.apache.spark.sql.DataFrameWriter.csv(DataFrameWriter.scala:426) ~[spark-sql-api_2.13-4.0.1.jar:4.0.1]
	at sfedu.danil.repository.LaunchRepository.exportToCsv(LaunchRepository.java:171) [classes/:?]
	at sfedu.danil.MainCLI.exportToCsv(MainCLI.java:91) [classes/:?]
	at sfedu.danil.MainCLI.main(MainCLI.java:79) [classes/:?]
	Suppressed: org.apache.spark.util.Utils$OriginalTryStackTraceException: Full stacktrace of original doTryWithCallerStacktrace caller
		at org.apache.hadoop.util.Shell.getWinUtilsPath(Shell.java:789) ~[hadoop-client-api-3.4.1.jar:?]
		at org.apache.hadoop.util.Shell.getSetPermissionCommand(Shell.java:298) ~[hadoop-client-api-3.4.1.jar:?]
		at org.apache.hadoop.util.Shell.getSetPermissionCommand(Shell.java:314) ~[hadoop-client-api-3.4.1.jar:?]
		at org.apache.hadoop.fs.RawLocalFileSystem.setPermission(RawLocalFileSystem.java:1116) ~[hadoop-client-api-3.4.1.jar:?]
		at org.apache.hadoop.fs.RawLocalFileSystem.mkOneDirWithMode(RawLocalFileSystem.java:798) ~[hadoop-client-api-3.4.1.jar:?]
		at org.apache.hadoop.fs.RawLocalFileSystem.mkdirsWithOptionalPermission(RawLocalFileSystem.java:838) ~[hadoop-client-api-3.4.1.jar:?]
		at org.apache.hadoop.fs.RawLocalFileSystem.mkdirs(RawLocalFileSystem.java:810) ~[hadoop-client-api-3.4.1.jar:?]
		at org.apache.hadoop.fs.RawLocalFileSystem.mkdirsWithOptionalPermission(RawLocalFileSystem.java:837) ~[hadoop-client-api-3.4.1.jar:?]
		at org.apache.hadoop.fs.RawLocalFileSystem.mkdirs(RawLocalFileSystem.java:810) ~[hadoop-client-api-3.4.1.jar:?]
		at org.apache.hadoop.fs.RawLocalFileSystem.mkdirsWithOptionalPermission(RawLocalFileSystem.java:837) ~[hadoop-client-api-3.4.1.jar:?]
		at org.apache.hadoop.fs.RawLocalFileSystem.mkdirs(RawLocalFileSystem.java:810) ~[hadoop-client-api-3.4.1.jar:?]
		at org.apache.hadoop.fs.ChecksumFileSystem.mkdirs(ChecksumFileSystem.java:988) ~[hadoop-client-api-3.4.1.jar:?]
		at org.apache.hadoop.mapreduce.lib.output.FileOutputCommitter.setupJob(FileOutputCommitter.java:356) ~[hadoop-client-api-3.4.1.jar:?]
		at org.apache.spark.internal.io.HadoopMapReduceCommitProtocol.setupJob(HadoopMapReduceCommitProtocol.scala:190) ~[spark-core_2.13-4.0.1.jar:4.0.1]
		at org.apache.spark.sql.execution.datasources.FileFormatWriter$.writeAndCommit(FileFormatWriter.scala:268) ~[spark-sql_2.13-4.0.1.jar:4.0.1]
		at org.apache.spark.sql.execution.datasources.FileFormatWriter$.executeWrite(FileFormatWriter.scala:306) ~[spark-sql_2.13-4.0.1.jar:4.0.1]
		at org.apache.spark.sql.execution.datasources.FileFormatWriter$.write(FileFormatWriter.scala:189) ~[spark-sql_2.13-4.0.1.jar:4.0.1]
		at org.apache.spark.sql.execution.datasources.InsertIntoHadoopFsRelationCommand.run(InsertIntoHadoopFsRelationCommand.scala:195) ~[spark-sql_2.13-4.0.1.jar:4.0.1]
		at org.apache.spark.sql.execution.command.DataWritingCommandExec.sideEffectResult$lzycompute(commands.scala:117) ~[spark-sql_2.13-4.0.1.jar:4.0.1]
		at org.apache.spark.sql.execution.command.DataWritingCommandExec.sideEffectResult(commands.scala:115) ~[spark-sql_2.13-4.0.1.jar:4.0.1]
		at org.apache.spark.sql.execution.command.DataWritingCommandExec.executeCollect(commands.scala:129) ~[spark-sql_2.13-4.0.1.jar:4.0.1]
		at org.apache.spark.sql.execution.QueryExecution.$anonfun$eagerlyExecuteCommands$2(QueryExecution.scala:155) ~[spark-sql_2.13-4.0.1.jar:4.0.1]
		at org.apache.spark.sql.execution.SQLExecution$.$anonfun$withNewExecutionId0$8(SQLExecution.scala:163) ~[spark-sql_2.13-4.0.1.jar:4.0.1]
		at org.apache.spark.sql.execution.SQLExecution$.withSessionTagsApplied(SQLExecution.scala:272) ~[spark-sql_2.13-4.0.1.jar:4.0.1]
		at org.apache.spark.sql.execution.SQLExecution$.$anonfun$withNewExecutionId0$7(SQLExecution.scala:125) ~[spark-sql_2.13-4.0.1.jar:4.0.1]
		at org.apache.spark.JobArtifactSet$.withActiveJobArtifactState(JobArtifactSet.scala:94) ~[spark-core_2.13-4.0.1.jar:4.0.1]
		at org.apache.spark.sql.artifact.ArtifactManager.$anonfun$withResources$1(ArtifactManager.scala:112) ~[spark-sql_2.13-4.0.1.jar:4.0.1]
		at org.apache.spark.sql.artifact.ArtifactManager.withClassLoaderIfNeeded(ArtifactManager.scala:106) ~[spark-sql_2.13-4.0.1.jar:4.0.1]
		at org.apache.spark.sql.artifact.ArtifactManager.withResources(ArtifactManager.scala:111) ~[spark-sql_2.13-4.0.1.jar:4.0.1]
		at org.apache.spark.sql.execution.SQLExecution$.$anonfun$withNewExecutionId0$6(SQLExecution.scala:125) ~[spark-sql_2.13-4.0.1.jar:4.0.1]
		at org.apache.spark.sql.execution.SQLExecution$.withSQLConfPropagated(SQLExecution.scala:295) ~[spark-sql_2.13-4.0.1.jar:4.0.1]
		at org.apache.spark.sql.execution.SQLExecution$.$anonfun$withNewExecutionId0$1(SQLExecution.scala:124) ~[spark-sql_2.13-4.0.1.jar:4.0.1]
		at org.apache.spark.sql.SparkSession.withActive(SparkSession.scala:804) ~[spark-sql-api_2.13-4.0.1.jar:4.0.1]
		at org.apache.spark.sql.execution.SQLExecution$.withNewExecutionId0(SQLExecution.scala:78) ~[spark-sql_2.13-4.0.1.jar:4.0.1]
		at org.apache.spark.sql.execution.SQLExecution$.withNewExecutionId(SQLExecution.scala:237) ~[spark-sql_2.13-4.0.1.jar:4.0.1]
		at org.apache.spark.sql.execution.QueryExecution.$anonfun$eagerlyExecuteCommands$1(QueryExecution.scala:155) ~[spark-sql_2.13-4.0.1.jar:4.0.1]
		at org.apache.spark.sql.execution.QueryExecution$.withInternalError(QueryExecution.scala:654) ~[spark-sql_2.13-4.0.1.jar:4.0.1]
		at org.apache.spark.sql.execution.QueryExecution.org$apache$spark$sql$execution$QueryExecution$$eagerlyExecute$1(QueryExecution.scala:154) ~[spark-sql_2.13-4.0.1.jar:4.0.1]
		at org.apache.spark.sql.execution.QueryExecution$$anonfun$eagerlyExecuteCommands$3.applyOrElse(QueryExecution.scala:169) ~[spark-sql_2.13-4.0.1.jar:4.0.1]
		at org.apache.spark.sql.execution.QueryExecution$$anonfun$eagerlyExecuteCommands$3.applyOrElse(QueryExecution.scala:164) ~[spark-sql_2.13-4.0.1.jar:4.0.1]
		at org.apache.spark.sql.catalyst.trees.TreeNode.$anonfun$transformDownWithPruning$1(TreeNode.scala:470) ~[spark-catalyst_2.13-4.0.1.jar:4.0.1]
		at org.apache.spark.sql.catalyst.trees.CurrentOrigin$.withOrigin(origin.scala:86) ~[spark-sql-api_2.13-4.0.1.jar:4.0.1]
		at org.apache.spark.sql.catalyst.trees.TreeNode.transformDownWithPruning(TreeNode.scala:470) ~[spark-catalyst_2.13-4.0.1.jar:4.0.1]
		at org.apache.spark.sql.catalyst.plans.logical.LogicalPlan.org$apache$spark$sql$catalyst$plans$logical$AnalysisHelper$$super$transformDownWithPruning(LogicalPlan.scala:37) ~[spark-catalyst_2.13-4.0.1.jar:4.0.1]
		at org.apache.spark.sql.catalyst.plans.logical.AnalysisHelper.transformDownWithPruning(AnalysisHelper.scala:360) ~[spark-catalyst_2.13-4.0.1.jar:4.0.1]
		at org.apache.spark.sql.catalyst.plans.logical.AnalysisHelper.transformDownWithPruning$(AnalysisHelper.scala:356) ~[spark-catalyst_2.13-4.0.1.jar:4.0.1]
		at org.apache.spark.sql.catalyst.plans.logical.LogicalPlan.transformDownWithPruning(LogicalPlan.scala:37) ~[spark-catalyst_2.13-4.0.1.jar:4.0.1]
		at org.apache.spark.sql.catalyst.plans.logical.LogicalPlan.transformDownWithPruning(LogicalPlan.scala:37) ~[spark-catalyst_2.13-4.0.1.jar:4.0.1]
		at org.apache.spark.sql.catalyst.trees.TreeNode.transformDown(TreeNode.scala:446) ~[spark-catalyst_2.13-4.0.1.jar:4.0.1]
		at org.apache.spark.sql.execution.QueryExecution.eagerlyExecuteCommands(QueryExecution.scala:164) ~[spark-sql_2.13-4.0.1.jar:4.0.1]
		at org.apache.spark.sql.execution.QueryExecution.$anonfun$lazyCommandExecuted$1(QueryExecution.scala:126) ~[spark-sql_2.13-4.0.1.jar:4.0.1]
		at scala.util.Try$.apply(Try.scala:217) ~[scala-library-2.13.16.jar:?]
		at org.apache.spark.util.Utils$.doTryWithCallerStacktrace(Utils.scala:1378) ~[spark-core_2.13-4.0.1.jar:4.0.1]
		at org.apache.spark.util.LazyTry.tryT$lzycompute(LazyTry.scala:46) ~[spark-core_2.13-4.0.1.jar:4.0.1]
		at org.apache.spark.util.LazyTry.tryT(LazyTry.scala:46) ~[spark-core_2.13-4.0.1.jar:4.0.1]
		at org.apache.spark.util.LazyTry.get(LazyTry.scala:58) ~[spark-core_2.13-4.0.1.jar:4.0.1]
		at org.apache.spark.sql.execution.QueryExecution.commandExecuted(QueryExecution.scala:131) ~[spark-sql_2.13-4.0.1.jar:4.0.1]
		at org.apache.spark.sql.execution.QueryExecution.assertCommandExecuted(QueryExecution.scala:192) ~[spark-sql_2.13-4.0.1.jar:4.0.1]
		at org.apache.spark.sql.classic.DataFrameWriter.runCommand(DataFrameWriter.scala:622) ~[spark-sql_2.13-4.0.1.jar:4.0.1]
		at org.apache.spark.sql.classic.DataFrameWriter.saveToV1Source(DataFrameWriter.scala:273) ~[spark-sql_2.13-4.0.1.jar:4.0.1]
		at org.apache.spark.sql.classic.DataFrameWriter.saveInternal(DataFrameWriter.scala:241) ~[spark-sql_2.13-4.0.1.jar:4.0.1]
		at org.apache.spark.sql.classic.DataFrameWriter.save(DataFrameWriter.scala:118) ~[spark-sql_2.13-4.0.1.jar:4.0.1]
		at org.apache.spark.sql.DataFrameWriter.csv(DataFrameWriter.scala:426) ~[spark-sql-api_2.13-4.0.1.jar:4.0.1]
		at sfedu.danil.repository.LaunchRepository.exportToCsv(LaunchRepository.java:171) [classes/:?]
		at sfedu.danil.MainCLI.exportToCsv(MainCLI.java:91) [classes/:?]
		at sfedu.danil.MainCLI.main(MainCLI.java:79) [classes/:?]
Caused by: java.io.FileNotFoundException: Hadoop bin directory does not exist: D:\SpaceXSpark\bin -see https://cwiki.apache.org/confluence/display/HADOOP2/WindowsProblems
	at org.apache.hadoop.util.Shell.getQualifiedBinInner(Shell.java:661) ~[hadoop-client-api-3.4.1.jar:?]
	at org.apache.hadoop.util.Shell.getQualifiedBin(Shell.java:645) ~[hadoop-client-api-3.4.1.jar:?]
	at org.apache.hadoop.util.Shell.<clinit>(Shell.java:742) ~[hadoop-client-api-3.4.1.jar:?]
	at org.apache.hadoop.util.StringUtils.<clinit>(StringUtils.java:80) ~[hadoop-client-api-3.4.1.jar:?]
	at org.apache.hadoop.conf.Configuration.getBoolean(Configuration.java:1733) ~[hadoop-client-api-3.4.1.jar:?]
	at org.apache.hadoop.security.SecurityUtil.setConfigurationInternal(SecurityUtil.java:106) ~[hadoop-client-api-3.4.1.jar:?]
	at org.apache.hadoop.security.SecurityUtil.<clinit>(SecurityUtil.java:95) ~[hadoop-client-api-3.4.1.jar:?]
	at org.apache.hadoop.security.UserGroupInformation.initialize(UserGroupInformation.java:311) ~[hadoop-client-api-3.4.1.jar:?]
	at org.apache.hadoop.security.UserGroupInformation.ensureInitialized(UserGroupInformation.java:299) ~[hadoop-client-api-3.4.1.jar:?]
	at org.apache.hadoop.security.UserGroupInformation.getCurrentUser(UserGroupInformation.java:586) ~[hadoop-client-api-3.4.1.jar:?]
	at org.apache.spark.util.Utils$.$anonfun$getCurrentUserName$1(Utils.scala:2446) ~[spark-core_2.13-4.0.1.jar:4.0.1]
	at scala.Option.getOrElse(Option.scala:201) ~[scala-library-2.13.16.jar:?]
	at org.apache.spark.util.Utils$.getCurrentUserName(Utils.scala:2446) ~[spark-core_2.13-4.0.1.jar:4.0.1]
	at org.apache.spark.SparkContext.<init>(SparkContext.scala:339) ~[spark-core_2.13-4.0.1.jar:4.0.1]
	at org.apache.spark.SparkContext$.getOrCreate(SparkContext.scala:3055) ~[spark-core_2.13-4.0.1.jar:4.0.1]
	at org.apache.spark.sql.classic.SparkSession$Builder.$anonfun$build$2(SparkSession.scala:839) ~[spark-sql_2.13-4.0.1.jar:4.0.1]
	at scala.Option.getOrElse(Option.scala:201) ~[scala-library-2.13.16.jar:?]
	at org.apache.spark.sql.classic.SparkSession$Builder.build(SparkSession.scala:830) ~[spark-sql_2.13-4.0.1.jar:4.0.1]
	at org.apache.spark.sql.classic.SparkSession$Builder.getOrCreate(SparkSession.scala:859) ~[spark-sql_2.13-4.0.1.jar:4.0.1]
	at org.apache.spark.sql.classic.SparkSession$Builder.getOrCreate(SparkSession.scala:732) ~[spark-sql_2.13-4.0.1.jar:4.0.1]
	at org.apache.spark.sql.SparkSession$Builder.getOrCreate(SparkSession.scala:923) ~[spark-sql-api_2.13-4.0.1.jar:4.0.1]
	at sfedu.danil.config.SparkConfig.getSparkSession(SparkConfig.java:26) ~[classes/:?]
	at sfedu.danil.repository.LaunchRepository.<init>(LaunchRepository.java:23) ~[classes/:?]
	at sfedu.danil.MainCLI.<clinit>(MainCLI.java:20) ~[classes/:?]
2025-10-17 07:47:04 INFO  Server:479 - Stopped Server@13866329{STOPPING}[11.0.24,sto=30000]
2025-10-17 07:47:04 INFO  Server:135 - Shutdown Server@13866329{STOPPING}[11.0.24,sto=30000]
2025-10-17 07:47:04 INFO  AbstractConnector:431 - Stopped Spark@348fc4d9{HTTP/1.1, (http/1.1)}{0.0.0.0:4040}
2025-10-17 07:47:06 INFO  SparkConfig:17 - Инициализация SparkSession...
2025-10-17 07:47:07 WARN  Shell:746 - Did not find winutils.exe: java.io.FileNotFoundException: Hadoop bin directory does not exist: D:\SpaceXSpark\bin -see https://cwiki.apache.org/confluence/display/HADOOP2/WindowsProblems
2025-10-17 07:47:07 WARN  NativeCodeLoader:60 - Unable to load native-hadoop library for your platform... using builtin-java classes where applicable
2025-10-17 07:47:08 INFO  Server:384 - jetty-11.0.24; built: 2024-08-26T18:11:22.448Z; git: 5dfc59a691b748796f922208956bd1f2794bcd16; jvm 21.0.6+7-LTS
2025-10-17 07:47:08 INFO  Server:439 - Started Server@c4d2c44{STARTING}[11.0.24,sto=30000] @2000ms
2025-10-17 07:47:08 INFO  AbstractConnector:376 - Started ServerConnector@348fc4d9{HTTP/1.1, (http/1.1)}{0.0.0.0:4040}
2025-10-17 07:47:08 INFO  ContextHandler:907 - Started o.s.j.s.ServletContextHandler@797fcf9{/,null,AVAILABLE,@Spark}
2025-10-17 07:47:08 INFO  ContextHandler:1123 - Stopped o.s.j.s.ServletContextHandler@797fcf9{/,null,STOPPED,@Spark}
2025-10-17 07:47:08 INFO  ContextHandler:907 - Started o.s.j.s.ServletContextHandler@28cb86b2{/jobs,null,AVAILABLE,@Spark}
2025-10-17 07:47:08 INFO  ContextHandler:907 - Started o.s.j.s.ServletContextHandler@748904e8{/jobs/json,null,AVAILABLE,@Spark}
2025-10-17 07:47:08 INFO  ContextHandler:907 - Started o.s.j.s.ServletContextHandler@3b3056a6{/jobs/job,null,AVAILABLE,@Spark}
2025-10-17 07:47:08 INFO  ContextHandler:907 - Started o.s.j.s.ServletContextHandler@51d8f2f2{/jobs/job/json,null,AVAILABLE,@Spark}
2025-10-17 07:47:08 INFO  ContextHandler:907 - Started o.s.j.s.ServletContextHandler@72fb989b{/stages,null,AVAILABLE,@Spark}
2025-10-17 07:47:08 INFO  ContextHandler:907 - Started o.s.j.s.ServletContextHandler@597a7afa{/stages/json,null,AVAILABLE,@Spark}
2025-10-17 07:47:08 INFO  ContextHandler:907 - Started o.s.j.s.ServletContextHandler@7cdb7fc{/stages/stage,null,AVAILABLE,@Spark}
2025-10-17 07:47:08 INFO  ContextHandler:907 - Started o.s.j.s.ServletContextHandler@586843bc{/stages/stage/json,null,AVAILABLE,@Spark}
2025-10-17 07:47:08 INFO  ContextHandler:907 - Started o.s.j.s.ServletContextHandler@7d8b66d9{/stages/pool,null,AVAILABLE,@Spark}
2025-10-17 07:47:08 INFO  ContextHandler:907 - Started o.s.j.s.ServletContextHandler@4ff66917{/stages/pool/json,null,AVAILABLE,@Spark}
2025-10-17 07:47:08 INFO  ContextHandler:907 - Started o.s.j.s.ServletContextHandler@647fb583{/stages/taskThreadDump,null,AVAILABLE,@Spark}
2025-10-17 07:47:08 INFO  ContextHandler:907 - Started o.s.j.s.ServletContextHandler@919086{/stages/taskThreadDump/json,null,AVAILABLE,@Spark}
2025-10-17 07:47:08 INFO  ContextHandler:907 - Started o.s.j.s.ServletContextHandler@7ead1d80{/storage,null,AVAILABLE,@Spark}
2025-10-17 07:47:08 INFO  ContextHandler:907 - Started o.s.j.s.ServletContextHandler@1182413a{/storage/json,null,AVAILABLE,@Spark}
2025-10-17 07:47:08 INFO  ContextHandler:907 - Started o.s.j.s.ServletContextHandler@5b14f482{/storage/rdd,null,AVAILABLE,@Spark}
2025-10-17 07:47:08 INFO  ContextHandler:907 - Started o.s.j.s.ServletContextHandler@1a785fd5{/storage/rdd/json,null,AVAILABLE,@Spark}
2025-10-17 07:47:08 INFO  ContextHandler:907 - Started o.s.j.s.ServletContextHandler@362a561e{/environment,null,AVAILABLE,@Spark}
2025-10-17 07:47:08 INFO  ContextHandler:907 - Started o.s.j.s.ServletContextHandler@75ad30c1{/environment/json,null,AVAILABLE,@Spark}
2025-10-17 07:47:08 INFO  ContextHandler:907 - Started o.s.j.s.ServletContextHandler@6b9697ae{/executors,null,AVAILABLE,@Spark}
2025-10-17 07:47:08 INFO  ContextHandler:907 - Started o.s.j.s.ServletContextHandler@40c76f5a{/executors/json,null,AVAILABLE,@Spark}
2025-10-17 07:47:08 INFO  ContextHandler:907 - Started o.s.j.s.ServletContextHandler@5546e754{/executors/threadDump,null,AVAILABLE,@Spark}
2025-10-17 07:47:08 INFO  ContextHandler:907 - Started o.s.j.s.ServletContextHandler@7196a8f1{/executors/threadDump/json,null,AVAILABLE,@Spark}
2025-10-17 07:47:08 INFO  ContextHandler:907 - Started o.s.j.s.ServletContextHandler@8f39224{/executors/heapHistogram,null,AVAILABLE,@Spark}
2025-10-17 07:47:08 INFO  ContextHandler:907 - Started o.s.j.s.ServletContextHandler@43e3a390{/executors/heapHistogram/json,null,AVAILABLE,@Spark}
2025-10-17 07:47:08 INFO  ContextHandler:907 - Started o.s.j.s.ServletContextHandler@50dc49e1{/static,null,AVAILABLE,@Spark}
2025-10-17 07:47:08 INFO  ContextHandler:907 - Started o.s.j.s.ServletContextHandler@4416e18d{/,null,AVAILABLE,@Spark}
2025-10-17 07:47:08 INFO  ContextHandler:907 - Started o.s.j.s.ServletContextHandler@3120495d{/api,null,AVAILABLE,@Spark}
2025-10-17 07:47:08 INFO  ContextHandler:907 - Started o.s.j.s.ServletContextHandler@73aaec54{/metrics,null,AVAILABLE,@Spark}
2025-10-17 07:47:08 INFO  ContextHandler:907 - Started o.s.j.s.ServletContextHandler@6def0632{/jobs/job/kill,null,AVAILABLE,@Spark}
2025-10-17 07:47:08 INFO  ContextHandler:907 - Started o.s.j.s.ServletContextHandler@36211bbc{/stages/stage/kill,null,AVAILABLE,@Spark}
2025-10-17 07:47:08 INFO  ContextHandler:907 - Started o.s.j.s.ServletContextHandler@afee63{/metrics/json,null,AVAILABLE,@Spark}
2025-10-17 07:47:08 INFO  SparkConfig:30 - SparkSession успешно создан!
2025-10-17 07:47:08 INFO  SparkConfig:31 - Имя приложения: SpaceX-Spark-App
2025-10-17 07:47:08 INFO  SparkConfig:32 - Режим выполнения (master): local[*]
2025-10-17 07:47:08 INFO  SparkConfig:33 - Версия Spark: 4.0.1
2025-10-17 07:47:09 INFO  ContextHandler:907 - Started o.s.j.s.ServletContextHandler@5fe5c68b{/SQL,null,AVAILABLE,@Spark}
2025-10-17 07:47:09 INFO  ContextHandler:907 - Started o.s.j.s.ServletContextHandler@3982206a{/SQL/json,null,AVAILABLE,@Spark}
2025-10-17 07:47:09 INFO  ContextHandler:907 - Started o.s.j.s.ServletContextHandler@538aa83f{/SQL/execution,null,AVAILABLE,@Spark}
2025-10-17 07:47:09 INFO  ContextHandler:907 - Started o.s.j.s.ServletContextHandler@402a69f{/SQL/execution/json,null,AVAILABLE,@Spark}
2025-10-17 07:47:09 INFO  ContextHandler:907 - Started o.s.j.s.ServletContextHandler@433d93e7{/static/sql,null,AVAILABLE,@Spark}
2025-10-17 07:47:09 INFO  LaunchRepository:26 - LaunchRepository инициализирован. Пустой Dataset создан.
2025-10-17 07:47:14 INFO  SpaceXService:31 - Отправка запроса к SpaceX API: https://api.spacexdata.com/v3/launches
2025-10-17 07:47:15 INFO  SpaceXService:47 - Получено 111 запусков
2025-10-17 07:47:15 INFO  LaunchRepository:31 - Сохраняем список запусков, размер: 111
2025-10-17 07:47:17 INFO  LaunchRepository:34 - Список запусков добавлен. Текущее количество запусков: 111
2025-10-17 07:47:18 INFO  LaunchRepository:71 - Читаем все запуски. Всего: 111
2025-10-17 07:47:19 ERROR LaunchRepository:177 - Ошибка при сохранении CSV: java.io.FileNotFoundException: Hadoop bin directory does not exist: D:\SpaceXSpark\bin -see https://cwiki.apache.org/confluence/display/HADOOP2/WindowsProblems
java.lang.RuntimeException: java.io.FileNotFoundException: Hadoop bin directory does not exist: D:\SpaceXSpark\bin -see https://cwiki.apache.org/confluence/display/HADOOP2/WindowsProblems
	at org.apache.hadoop.util.Shell.getWinUtilsPath(Shell.java:789) ~[hadoop-client-api-3.4.1.jar:?]
	at org.apache.hadoop.util.Shell.getSetPermissionCommand(Shell.java:298) ~[hadoop-client-api-3.4.1.jar:?]
	at org.apache.hadoop.util.Shell.getSetPermissionCommand(Shell.java:314) ~[hadoop-client-api-3.4.1.jar:?]
	at org.apache.hadoop.fs.RawLocalFileSystem.setPermission(RawLocalFileSystem.java:1116) ~[hadoop-client-api-3.4.1.jar:?]
	at org.apache.hadoop.fs.RawLocalFileSystem.mkOneDirWithMode(RawLocalFileSystem.java:798) ~[hadoop-client-api-3.4.1.jar:?]
	at org.apache.hadoop.fs.RawLocalFileSystem.mkdirsWithOptionalPermission(RawLocalFileSystem.java:838) ~[hadoop-client-api-3.4.1.jar:?]
	at org.apache.hadoop.fs.RawLocalFileSystem.mkdirs(RawLocalFileSystem.java:810) ~[hadoop-client-api-3.4.1.jar:?]
	at org.apache.hadoop.fs.RawLocalFileSystem.mkdirsWithOptionalPermission(RawLocalFileSystem.java:837) ~[hadoop-client-api-3.4.1.jar:?]
	at org.apache.hadoop.fs.RawLocalFileSystem.mkdirs(RawLocalFileSystem.java:810) ~[hadoop-client-api-3.4.1.jar:?]
	at org.apache.hadoop.fs.RawLocalFileSystem.mkdirsWithOptionalPermission(RawLocalFileSystem.java:837) ~[hadoop-client-api-3.4.1.jar:?]
	at org.apache.hadoop.fs.RawLocalFileSystem.mkdirs(RawLocalFileSystem.java:810) ~[hadoop-client-api-3.4.1.jar:?]
	at org.apache.hadoop.fs.ChecksumFileSystem.mkdirs(ChecksumFileSystem.java:988) ~[hadoop-client-api-3.4.1.jar:?]
	at org.apache.hadoop.mapreduce.lib.output.FileOutputCommitter.setupJob(FileOutputCommitter.java:356) ~[hadoop-client-api-3.4.1.jar:?]
	at org.apache.spark.internal.io.HadoopMapReduceCommitProtocol.setupJob(HadoopMapReduceCommitProtocol.scala:190) ~[spark-core_2.13-4.0.1.jar:4.0.1]
	at org.apache.spark.sql.execution.datasources.FileFormatWriter$.writeAndCommit(FileFormatWriter.scala:268) ~[spark-sql_2.13-4.0.1.jar:4.0.1]
	at org.apache.spark.sql.execution.datasources.FileFormatWriter$.executeWrite(FileFormatWriter.scala:306) ~[spark-sql_2.13-4.0.1.jar:4.0.1]
	at org.apache.spark.sql.execution.datasources.FileFormatWriter$.write(FileFormatWriter.scala:189) ~[spark-sql_2.13-4.0.1.jar:4.0.1]
	at org.apache.spark.sql.execution.datasources.InsertIntoHadoopFsRelationCommand.run(InsertIntoHadoopFsRelationCommand.scala:195) ~[spark-sql_2.13-4.0.1.jar:4.0.1]
	at org.apache.spark.sql.execution.command.DataWritingCommandExec.sideEffectResult$lzycompute(commands.scala:117) ~[spark-sql_2.13-4.0.1.jar:4.0.1]
	at org.apache.spark.sql.execution.command.DataWritingCommandExec.sideEffectResult(commands.scala:115) ~[spark-sql_2.13-4.0.1.jar:4.0.1]
	at org.apache.spark.sql.execution.command.DataWritingCommandExec.executeCollect(commands.scala:129) ~[spark-sql_2.13-4.0.1.jar:4.0.1]
	at org.apache.spark.sql.execution.QueryExecution.$anonfun$eagerlyExecuteCommands$2(QueryExecution.scala:155) ~[spark-sql_2.13-4.0.1.jar:4.0.1]
	at org.apache.spark.sql.execution.SQLExecution$.$anonfun$withNewExecutionId0$8(SQLExecution.scala:163) ~[spark-sql_2.13-4.0.1.jar:4.0.1]
	at org.apache.spark.sql.execution.SQLExecution$.withSessionTagsApplied(SQLExecution.scala:272) ~[spark-sql_2.13-4.0.1.jar:4.0.1]
	at org.apache.spark.sql.execution.SQLExecution$.$anonfun$withNewExecutionId0$7(SQLExecution.scala:125) ~[spark-sql_2.13-4.0.1.jar:4.0.1]
	at org.apache.spark.JobArtifactSet$.withActiveJobArtifactState(JobArtifactSet.scala:94) ~[spark-core_2.13-4.0.1.jar:4.0.1]
	at org.apache.spark.sql.artifact.ArtifactManager.$anonfun$withResources$1(ArtifactManager.scala:112) ~[spark-sql_2.13-4.0.1.jar:4.0.1]
	at org.apache.spark.sql.artifact.ArtifactManager.withClassLoaderIfNeeded(ArtifactManager.scala:106) ~[spark-sql_2.13-4.0.1.jar:4.0.1]
	at org.apache.spark.sql.artifact.ArtifactManager.withResources(ArtifactManager.scala:111) ~[spark-sql_2.13-4.0.1.jar:4.0.1]
	at org.apache.spark.sql.execution.SQLExecution$.$anonfun$withNewExecutionId0$6(SQLExecution.scala:125) ~[spark-sql_2.13-4.0.1.jar:4.0.1]
	at org.apache.spark.sql.execution.SQLExecution$.withSQLConfPropagated(SQLExecution.scala:295) ~[spark-sql_2.13-4.0.1.jar:4.0.1]
	at org.apache.spark.sql.execution.SQLExecution$.$anonfun$withNewExecutionId0$1(SQLExecution.scala:124) ~[spark-sql_2.13-4.0.1.jar:4.0.1]
	at org.apache.spark.sql.SparkSession.withActive(SparkSession.scala:804) ~[spark-sql-api_2.13-4.0.1.jar:4.0.1]
	at org.apache.spark.sql.execution.SQLExecution$.withNewExecutionId0(SQLExecution.scala:78) ~[spark-sql_2.13-4.0.1.jar:4.0.1]
	at org.apache.spark.sql.execution.SQLExecution$.withNewExecutionId(SQLExecution.scala:237) ~[spark-sql_2.13-4.0.1.jar:4.0.1]
	at org.apache.spark.sql.execution.QueryExecution.$anonfun$eagerlyExecuteCommands$1(QueryExecution.scala:155) ~[spark-sql_2.13-4.0.1.jar:4.0.1]
	at org.apache.spark.sql.execution.QueryExecution$.withInternalError(QueryExecution.scala:654) ~[spark-sql_2.13-4.0.1.jar:4.0.1]
	at org.apache.spark.sql.execution.QueryExecution.org$apache$spark$sql$execution$QueryExecution$$eagerlyExecute$1(QueryExecution.scala:154) ~[spark-sql_2.13-4.0.1.jar:4.0.1]
	at org.apache.spark.sql.execution.QueryExecution$$anonfun$eagerlyExecuteCommands$3.applyOrElse(QueryExecution.scala:169) ~[spark-sql_2.13-4.0.1.jar:4.0.1]
	at org.apache.spark.sql.execution.QueryExecution$$anonfun$eagerlyExecuteCommands$3.applyOrElse(QueryExecution.scala:164) ~[spark-sql_2.13-4.0.1.jar:4.0.1]
	at org.apache.spark.sql.catalyst.trees.TreeNode.$anonfun$transformDownWithPruning$1(TreeNode.scala:470) ~[spark-catalyst_2.13-4.0.1.jar:4.0.1]
	at org.apache.spark.sql.catalyst.trees.CurrentOrigin$.withOrigin(origin.scala:86) ~[spark-sql-api_2.13-4.0.1.jar:4.0.1]
	at org.apache.spark.sql.catalyst.trees.TreeNode.transformDownWithPruning(TreeNode.scala:470) ~[spark-catalyst_2.13-4.0.1.jar:4.0.1]
	at org.apache.spark.sql.catalyst.plans.logical.LogicalPlan.org$apache$spark$sql$catalyst$plans$logical$AnalysisHelper$$super$transformDownWithPruning(LogicalPlan.scala:37) ~[spark-catalyst_2.13-4.0.1.jar:4.0.1]
	at org.apache.spark.sql.catalyst.plans.logical.AnalysisHelper.transformDownWithPruning(AnalysisHelper.scala:360) ~[spark-catalyst_2.13-4.0.1.jar:4.0.1]
	at org.apache.spark.sql.catalyst.plans.logical.AnalysisHelper.transformDownWithPruning$(AnalysisHelper.scala:356) ~[spark-catalyst_2.13-4.0.1.jar:4.0.1]
	at org.apache.spark.sql.catalyst.plans.logical.LogicalPlan.transformDownWithPruning(LogicalPlan.scala:37) ~[spark-catalyst_2.13-4.0.1.jar:4.0.1]
	at org.apache.spark.sql.catalyst.plans.logical.LogicalPlan.transformDownWithPruning(LogicalPlan.scala:37) ~[spark-catalyst_2.13-4.0.1.jar:4.0.1]
	at org.apache.spark.sql.catalyst.trees.TreeNode.transformDown(TreeNode.scala:446) ~[spark-catalyst_2.13-4.0.1.jar:4.0.1]
	at org.apache.spark.sql.execution.QueryExecution.eagerlyExecuteCommands(QueryExecution.scala:164) ~[spark-sql_2.13-4.0.1.jar:4.0.1]
	at org.apache.spark.sql.execution.QueryExecution.$anonfun$lazyCommandExecuted$1(QueryExecution.scala:126) ~[spark-sql_2.13-4.0.1.jar:4.0.1]
	at scala.util.Try$.apply(Try.scala:217) ~[scala-library-2.13.16.jar:?]
	at org.apache.spark.util.Utils$.doTryWithCallerStacktrace(Utils.scala:1378) ~[spark-core_2.13-4.0.1.jar:4.0.1]
	at org.apache.spark.util.Utils$.getTryWithCallerStacktrace(Utils.scala:1439) ~[spark-core_2.13-4.0.1.jar:4.0.1]
	at org.apache.spark.util.LazyTry.get(LazyTry.scala:58) ~[spark-core_2.13-4.0.1.jar:4.0.1]
	at org.apache.spark.sql.execution.QueryExecution.commandExecuted(QueryExecution.scala:131) ~[spark-sql_2.13-4.0.1.jar:4.0.1]
	at org.apache.spark.sql.execution.QueryExecution.assertCommandExecuted(QueryExecution.scala:192) ~[spark-sql_2.13-4.0.1.jar:4.0.1]
	at org.apache.spark.sql.classic.DataFrameWriter.runCommand(DataFrameWriter.scala:622) ~[spark-sql_2.13-4.0.1.jar:4.0.1]
	at org.apache.spark.sql.classic.DataFrameWriter.saveToV1Source(DataFrameWriter.scala:273) ~[spark-sql_2.13-4.0.1.jar:4.0.1]
	at org.apache.spark.sql.classic.DataFrameWriter.saveInternal(DataFrameWriter.scala:241) ~[spark-sql_2.13-4.0.1.jar:4.0.1]
	at org.apache.spark.sql.classic.DataFrameWriter.save(DataFrameWriter.scala:118) ~[spark-sql_2.13-4.0.1.jar:4.0.1]
	at org.apache.spark.sql.DataFrameWriter.csv(DataFrameWriter.scala:426) ~[spark-sql-api_2.13-4.0.1.jar:4.0.1]
	at sfedu.danil.repository.LaunchRepository.exportToCsv(LaunchRepository.java:171) [classes/:?]
	at sfedu.danil.MainCLI.exportToCsv(MainCLI.java:91) [classes/:?]
	at sfedu.danil.MainCLI.main(MainCLI.java:79) [classes/:?]
	Suppressed: org.apache.spark.util.Utils$OriginalTryStackTraceException: Full stacktrace of original doTryWithCallerStacktrace caller
		at org.apache.hadoop.util.Shell.getWinUtilsPath(Shell.java:789) ~[hadoop-client-api-3.4.1.jar:?]
		at org.apache.hadoop.util.Shell.getSetPermissionCommand(Shell.java:298) ~[hadoop-client-api-3.4.1.jar:?]
		at org.apache.hadoop.util.Shell.getSetPermissionCommand(Shell.java:314) ~[hadoop-client-api-3.4.1.jar:?]
		at org.apache.hadoop.fs.RawLocalFileSystem.setPermission(RawLocalFileSystem.java:1116) ~[hadoop-client-api-3.4.1.jar:?]
		at org.apache.hadoop.fs.RawLocalFileSystem.mkOneDirWithMode(RawLocalFileSystem.java:798) ~[hadoop-client-api-3.4.1.jar:?]
		at org.apache.hadoop.fs.RawLocalFileSystem.mkdirsWithOptionalPermission(RawLocalFileSystem.java:838) ~[hadoop-client-api-3.4.1.jar:?]
		at org.apache.hadoop.fs.RawLocalFileSystem.mkdirs(RawLocalFileSystem.java:810) ~[hadoop-client-api-3.4.1.jar:?]
		at org.apache.hadoop.fs.RawLocalFileSystem.mkdirsWithOptionalPermission(RawLocalFileSystem.java:837) ~[hadoop-client-api-3.4.1.jar:?]
		at org.apache.hadoop.fs.RawLocalFileSystem.mkdirs(RawLocalFileSystem.java:810) ~[hadoop-client-api-3.4.1.jar:?]
		at org.apache.hadoop.fs.RawLocalFileSystem.mkdirsWithOptionalPermission(RawLocalFileSystem.java:837) ~[hadoop-client-api-3.4.1.jar:?]
		at org.apache.hadoop.fs.RawLocalFileSystem.mkdirs(RawLocalFileSystem.java:810) ~[hadoop-client-api-3.4.1.jar:?]
		at org.apache.hadoop.fs.ChecksumFileSystem.mkdirs(ChecksumFileSystem.java:988) ~[hadoop-client-api-3.4.1.jar:?]
		at org.apache.hadoop.mapreduce.lib.output.FileOutputCommitter.setupJob(FileOutputCommitter.java:356) ~[hadoop-client-api-3.4.1.jar:?]
		at org.apache.spark.internal.io.HadoopMapReduceCommitProtocol.setupJob(HadoopMapReduceCommitProtocol.scala:190) ~[spark-core_2.13-4.0.1.jar:4.0.1]
		at org.apache.spark.sql.execution.datasources.FileFormatWriter$.writeAndCommit(FileFormatWriter.scala:268) ~[spark-sql_2.13-4.0.1.jar:4.0.1]
		at org.apache.spark.sql.execution.datasources.FileFormatWriter$.executeWrite(FileFormatWriter.scala:306) ~[spark-sql_2.13-4.0.1.jar:4.0.1]
		at org.apache.spark.sql.execution.datasources.FileFormatWriter$.write(FileFormatWriter.scala:189) ~[spark-sql_2.13-4.0.1.jar:4.0.1]
		at org.apache.spark.sql.execution.datasources.InsertIntoHadoopFsRelationCommand.run(InsertIntoHadoopFsRelationCommand.scala:195) ~[spark-sql_2.13-4.0.1.jar:4.0.1]
		at org.apache.spark.sql.execution.command.DataWritingCommandExec.sideEffectResult$lzycompute(commands.scala:117) ~[spark-sql_2.13-4.0.1.jar:4.0.1]
		at org.apache.spark.sql.execution.command.DataWritingCommandExec.sideEffectResult(commands.scala:115) ~[spark-sql_2.13-4.0.1.jar:4.0.1]
		at org.apache.spark.sql.execution.command.DataWritingCommandExec.executeCollect(commands.scala:129) ~[spark-sql_2.13-4.0.1.jar:4.0.1]
		at org.apache.spark.sql.execution.QueryExecution.$anonfun$eagerlyExecuteCommands$2(QueryExecution.scala:155) ~[spark-sql_2.13-4.0.1.jar:4.0.1]
		at org.apache.spark.sql.execution.SQLExecution$.$anonfun$withNewExecutionId0$8(SQLExecution.scala:163) ~[spark-sql_2.13-4.0.1.jar:4.0.1]
		at org.apache.spark.sql.execution.SQLExecution$.withSessionTagsApplied(SQLExecution.scala:272) ~[spark-sql_2.13-4.0.1.jar:4.0.1]
		at org.apache.spark.sql.execution.SQLExecution$.$anonfun$withNewExecutionId0$7(SQLExecution.scala:125) ~[spark-sql_2.13-4.0.1.jar:4.0.1]
		at org.apache.spark.JobArtifactSet$.withActiveJobArtifactState(JobArtifactSet.scala:94) ~[spark-core_2.13-4.0.1.jar:4.0.1]
		at org.apache.spark.sql.artifact.ArtifactManager.$anonfun$withResources$1(ArtifactManager.scala:112) ~[spark-sql_2.13-4.0.1.jar:4.0.1]
		at org.apache.spark.sql.artifact.ArtifactManager.withClassLoaderIfNeeded(ArtifactManager.scala:106) ~[spark-sql_2.13-4.0.1.jar:4.0.1]
		at org.apache.spark.sql.artifact.ArtifactManager.withResources(ArtifactManager.scala:111) ~[spark-sql_2.13-4.0.1.jar:4.0.1]
		at org.apache.spark.sql.execution.SQLExecution$.$anonfun$withNewExecutionId0$6(SQLExecution.scala:125) ~[spark-sql_2.13-4.0.1.jar:4.0.1]
		at org.apache.spark.sql.execution.SQLExecution$.withSQLConfPropagated(SQLExecution.scala:295) ~[spark-sql_2.13-4.0.1.jar:4.0.1]
		at org.apache.spark.sql.execution.SQLExecution$.$anonfun$withNewExecutionId0$1(SQLExecution.scala:124) ~[spark-sql_2.13-4.0.1.jar:4.0.1]
		at org.apache.spark.sql.SparkSession.withActive(SparkSession.scala:804) ~[spark-sql-api_2.13-4.0.1.jar:4.0.1]
		at org.apache.spark.sql.execution.SQLExecution$.withNewExecutionId0(SQLExecution.scala:78) ~[spark-sql_2.13-4.0.1.jar:4.0.1]
		at org.apache.spark.sql.execution.SQLExecution$.withNewExecutionId(SQLExecution.scala:237) ~[spark-sql_2.13-4.0.1.jar:4.0.1]
		at org.apache.spark.sql.execution.QueryExecution.$anonfun$eagerlyExecuteCommands$1(QueryExecution.scala:155) ~[spark-sql_2.13-4.0.1.jar:4.0.1]
		at org.apache.spark.sql.execution.QueryExecution$.withInternalError(QueryExecution.scala:654) ~[spark-sql_2.13-4.0.1.jar:4.0.1]
		at org.apache.spark.sql.execution.QueryExecution.org$apache$spark$sql$execution$QueryExecution$$eagerlyExecute$1(QueryExecution.scala:154) ~[spark-sql_2.13-4.0.1.jar:4.0.1]
		at org.apache.spark.sql.execution.QueryExecution$$anonfun$eagerlyExecuteCommands$3.applyOrElse(QueryExecution.scala:169) ~[spark-sql_2.13-4.0.1.jar:4.0.1]
		at org.apache.spark.sql.execution.QueryExecution$$anonfun$eagerlyExecuteCommands$3.applyOrElse(QueryExecution.scala:164) ~[spark-sql_2.13-4.0.1.jar:4.0.1]
		at org.apache.spark.sql.catalyst.trees.TreeNode.$anonfun$transformDownWithPruning$1(TreeNode.scala:470) ~[spark-catalyst_2.13-4.0.1.jar:4.0.1]
		at org.apache.spark.sql.catalyst.trees.CurrentOrigin$.withOrigin(origin.scala:86) ~[spark-sql-api_2.13-4.0.1.jar:4.0.1]
		at org.apache.spark.sql.catalyst.trees.TreeNode.transformDownWithPruning(TreeNode.scala:470) ~[spark-catalyst_2.13-4.0.1.jar:4.0.1]
		at org.apache.spark.sql.catalyst.plans.logical.LogicalPlan.org$apache$spark$sql$catalyst$plans$logical$AnalysisHelper$$super$transformDownWithPruning(LogicalPlan.scala:37) ~[spark-catalyst_2.13-4.0.1.jar:4.0.1]
		at org.apache.spark.sql.catalyst.plans.logical.AnalysisHelper.transformDownWithPruning(AnalysisHelper.scala:360) ~[spark-catalyst_2.13-4.0.1.jar:4.0.1]
		at org.apache.spark.sql.catalyst.plans.logical.AnalysisHelper.transformDownWithPruning$(AnalysisHelper.scala:356) ~[spark-catalyst_2.13-4.0.1.jar:4.0.1]
		at org.apache.spark.sql.catalyst.plans.logical.LogicalPlan.transformDownWithPruning(LogicalPlan.scala:37) ~[spark-catalyst_2.13-4.0.1.jar:4.0.1]
		at org.apache.spark.sql.catalyst.plans.logical.LogicalPlan.transformDownWithPruning(LogicalPlan.scala:37) ~[spark-catalyst_2.13-4.0.1.jar:4.0.1]
		at org.apache.spark.sql.catalyst.trees.TreeNode.transformDown(TreeNode.scala:446) ~[spark-catalyst_2.13-4.0.1.jar:4.0.1]
		at org.apache.spark.sql.execution.QueryExecution.eagerlyExecuteCommands(QueryExecution.scala:164) ~[spark-sql_2.13-4.0.1.jar:4.0.1]
		at org.apache.spark.sql.execution.QueryExecution.$anonfun$lazyCommandExecuted$1(QueryExecution.scala:126) ~[spark-sql_2.13-4.0.1.jar:4.0.1]
		at scala.util.Try$.apply(Try.scala:217) ~[scala-library-2.13.16.jar:?]
		at org.apache.spark.util.Utils$.doTryWithCallerStacktrace(Utils.scala:1378) ~[spark-core_2.13-4.0.1.jar:4.0.1]
		at org.apache.spark.util.LazyTry.tryT$lzycompute(LazyTry.scala:46) ~[spark-core_2.13-4.0.1.jar:4.0.1]
		at org.apache.spark.util.LazyTry.tryT(LazyTry.scala:46) ~[spark-core_2.13-4.0.1.jar:4.0.1]
		at org.apache.spark.util.LazyTry.get(LazyTry.scala:58) ~[spark-core_2.13-4.0.1.jar:4.0.1]
		at org.apache.spark.sql.execution.QueryExecution.commandExecuted(QueryExecution.scala:131) ~[spark-sql_2.13-4.0.1.jar:4.0.1]
		at org.apache.spark.sql.execution.QueryExecution.assertCommandExecuted(QueryExecution.scala:192) ~[spark-sql_2.13-4.0.1.jar:4.0.1]
		at org.apache.spark.sql.classic.DataFrameWriter.runCommand(DataFrameWriter.scala:622) ~[spark-sql_2.13-4.0.1.jar:4.0.1]
		at org.apache.spark.sql.classic.DataFrameWriter.saveToV1Source(DataFrameWriter.scala:273) ~[spark-sql_2.13-4.0.1.jar:4.0.1]
		at org.apache.spark.sql.classic.DataFrameWriter.saveInternal(DataFrameWriter.scala:241) ~[spark-sql_2.13-4.0.1.jar:4.0.1]
		at org.apache.spark.sql.classic.DataFrameWriter.save(DataFrameWriter.scala:118) ~[spark-sql_2.13-4.0.1.jar:4.0.1]
		at org.apache.spark.sql.DataFrameWriter.csv(DataFrameWriter.scala:426) ~[spark-sql-api_2.13-4.0.1.jar:4.0.1]
		at sfedu.danil.repository.LaunchRepository.exportToCsv(LaunchRepository.java:171) [classes/:?]
		at sfedu.danil.MainCLI.exportToCsv(MainCLI.java:91) [classes/:?]
		at sfedu.danil.MainCLI.main(MainCLI.java:79) [classes/:?]
Caused by: java.io.FileNotFoundException: Hadoop bin directory does not exist: D:\SpaceXSpark\bin -see https://cwiki.apache.org/confluence/display/HADOOP2/WindowsProblems
	at org.apache.hadoop.util.Shell.getQualifiedBinInner(Shell.java:661) ~[hadoop-client-api-3.4.1.jar:?]
	at org.apache.hadoop.util.Shell.getQualifiedBin(Shell.java:645) ~[hadoop-client-api-3.4.1.jar:?]
	at org.apache.hadoop.util.Shell.<clinit>(Shell.java:742) ~[hadoop-client-api-3.4.1.jar:?]
	at org.apache.hadoop.util.StringUtils.<clinit>(StringUtils.java:80) ~[hadoop-client-api-3.4.1.jar:?]
	at org.apache.hadoop.conf.Configuration.getBoolean(Configuration.java:1733) ~[hadoop-client-api-3.4.1.jar:?]
	at org.apache.hadoop.security.SecurityUtil.setConfigurationInternal(SecurityUtil.java:106) ~[hadoop-client-api-3.4.1.jar:?]
	at org.apache.hadoop.security.SecurityUtil.<clinit>(SecurityUtil.java:95) ~[hadoop-client-api-3.4.1.jar:?]
	at org.apache.hadoop.security.UserGroupInformation.initialize(UserGroupInformation.java:311) ~[hadoop-client-api-3.4.1.jar:?]
	at org.apache.hadoop.security.UserGroupInformation.ensureInitialized(UserGroupInformation.java:299) ~[hadoop-client-api-3.4.1.jar:?]
	at org.apache.hadoop.security.UserGroupInformation.getCurrentUser(UserGroupInformation.java:586) ~[hadoop-client-api-3.4.1.jar:?]
	at org.apache.spark.util.Utils$.$anonfun$getCurrentUserName$1(Utils.scala:2446) ~[spark-core_2.13-4.0.1.jar:4.0.1]
	at scala.Option.getOrElse(Option.scala:201) ~[scala-library-2.13.16.jar:?]
	at org.apache.spark.util.Utils$.getCurrentUserName(Utils.scala:2446) ~[spark-core_2.13-4.0.1.jar:4.0.1]
	at org.apache.spark.SparkContext.<init>(SparkContext.scala:339) ~[spark-core_2.13-4.0.1.jar:4.0.1]
	at org.apache.spark.SparkContext$.getOrCreate(SparkContext.scala:3055) ~[spark-core_2.13-4.0.1.jar:4.0.1]
	at org.apache.spark.sql.classic.SparkSession$Builder.$anonfun$build$2(SparkSession.scala:839) ~[spark-sql_2.13-4.0.1.jar:4.0.1]
	at scala.Option.getOrElse(Option.scala:201) ~[scala-library-2.13.16.jar:?]
	at org.apache.spark.sql.classic.SparkSession$Builder.build(SparkSession.scala:830) ~[spark-sql_2.13-4.0.1.jar:4.0.1]
	at org.apache.spark.sql.classic.SparkSession$Builder.getOrCreate(SparkSession.scala:859) ~[spark-sql_2.13-4.0.1.jar:4.0.1]
	at org.apache.spark.sql.classic.SparkSession$Builder.getOrCreate(SparkSession.scala:732) ~[spark-sql_2.13-4.0.1.jar:4.0.1]
	at org.apache.spark.sql.SparkSession$Builder.getOrCreate(SparkSession.scala:923) ~[spark-sql-api_2.13-4.0.1.jar:4.0.1]
	at sfedu.danil.config.SparkConfig.getSparkSession(SparkConfig.java:28) ~[classes/:?]
	at sfedu.danil.repository.LaunchRepository.<init>(LaunchRepository.java:23) ~[classes/:?]
	at sfedu.danil.MainCLI.<clinit>(MainCLI.java:20) ~[classes/:?]
2025-10-17 07:48:33 INFO  Server:479 - Stopped Server@c4d2c44{STOPPING}[11.0.24,sto=30000]
2025-10-17 07:48:33 INFO  Server:135 - Shutdown Server@c4d2c44{STOPPING}[11.0.24,sto=30000]
2025-10-17 07:48:33 INFO  AbstractConnector:431 - Stopped Spark@348fc4d9{HTTP/1.1, (http/1.1)}{0.0.0.0:4040}
2025-10-17 07:48:36 INFO  SparkConfig:17 - Инициализация SparkSession...
2025-10-17 07:48:38 WARN  Shell:746 - Did not find winutils.exe: java.io.FileNotFoundException: Hadoop bin directory does not exist: D:\SpaceXSpark\bin -see https://cwiki.apache.org/confluence/display/HADOOP2/WindowsProblems
2025-10-17 07:48:38 WARN  NativeCodeLoader:60 - Unable to load native-hadoop library for your platform... using builtin-java classes where applicable
2025-10-17 07:48:38 INFO  Server:384 - jetty-11.0.24; built: 2024-08-26T18:11:22.448Z; git: 5dfc59a691b748796f922208956bd1f2794bcd16; jvm 21.0.6+7-LTS
2025-10-17 07:48:38 INFO  Server:439 - Started Server@71a4f441{STARTING}[11.0.24,sto=30000] @2274ms
2025-10-17 07:48:38 INFO  AbstractConnector:376 - Started ServerConnector@1db64963{HTTP/1.1, (http/1.1)}{0.0.0.0:4040}
2025-10-17 07:48:38 INFO  ContextHandler:907 - Started o.s.j.s.ServletContextHandler@78e68401{/,null,AVAILABLE,@Spark}
2025-10-17 07:48:38 INFO  ContextHandler:1123 - Stopped o.s.j.s.ServletContextHandler@78e68401{/,null,STOPPED,@Spark}
2025-10-17 07:48:38 INFO  ContextHandler:907 - Started o.s.j.s.ServletContextHandler@51ed2f68{/jobs,null,AVAILABLE,@Spark}
2025-10-17 07:48:38 INFO  ContextHandler:907 - Started o.s.j.s.ServletContextHandler@19b9f903{/jobs/json,null,AVAILABLE,@Spark}
2025-10-17 07:48:38 INFO  ContextHandler:907 - Started o.s.j.s.ServletContextHandler@28cb86b2{/jobs/job,null,AVAILABLE,@Spark}
2025-10-17 07:48:38 INFO  ContextHandler:907 - Started o.s.j.s.ServletContextHandler@748904e8{/jobs/job/json,null,AVAILABLE,@Spark}
2025-10-17 07:48:38 INFO  ContextHandler:907 - Started o.s.j.s.ServletContextHandler@3b3056a6{/stages,null,AVAILABLE,@Spark}
2025-10-17 07:48:38 INFO  ContextHandler:907 - Started o.s.j.s.ServletContextHandler@51d8f2f2{/stages/json,null,AVAILABLE,@Spark}
2025-10-17 07:48:38 INFO  ContextHandler:907 - Started o.s.j.s.ServletContextHandler@72fb989b{/stages/stage,null,AVAILABLE,@Spark}
2025-10-17 07:48:38 INFO  ContextHandler:907 - Started o.s.j.s.ServletContextHandler@597a7afa{/stages/stage/json,null,AVAILABLE,@Spark}
2025-10-17 07:48:38 INFO  ContextHandler:907 - Started o.s.j.s.ServletContextHandler@7cdb7fc{/stages/pool,null,AVAILABLE,@Spark}
2025-10-17 07:48:38 INFO  ContextHandler:907 - Started o.s.j.s.ServletContextHandler@586843bc{/stages/pool/json,null,AVAILABLE,@Spark}
2025-10-17 07:48:38 INFO  ContextHandler:907 - Started o.s.j.s.ServletContextHandler@7d8b66d9{/stages/taskThreadDump,null,AVAILABLE,@Spark}
2025-10-17 07:48:38 INFO  ContextHandler:907 - Started o.s.j.s.ServletContextHandler@4ff66917{/stages/taskThreadDump/json,null,AVAILABLE,@Spark}
2025-10-17 07:48:38 INFO  ContextHandler:907 - Started o.s.j.s.ServletContextHandler@647fb583{/storage,null,AVAILABLE,@Spark}
2025-10-17 07:48:38 INFO  ContextHandler:907 - Started o.s.j.s.ServletContextHandler@919086{/storage/json,null,AVAILABLE,@Spark}
2025-10-17 07:48:38 INFO  ContextHandler:907 - Started o.s.j.s.ServletContextHandler@7ead1d80{/storage/rdd,null,AVAILABLE,@Spark}
2025-10-17 07:48:38 INFO  ContextHandler:907 - Started o.s.j.s.ServletContextHandler@1182413a{/storage/rdd/json,null,AVAILABLE,@Spark}
2025-10-17 07:48:38 INFO  ContextHandler:907 - Started o.s.j.s.ServletContextHandler@5b14f482{/environment,null,AVAILABLE,@Spark}
2025-10-17 07:48:38 INFO  ContextHandler:907 - Started o.s.j.s.ServletContextHandler@1a785fd5{/environment/json,null,AVAILABLE,@Spark}
2025-10-17 07:48:38 INFO  ContextHandler:907 - Started o.s.j.s.ServletContextHandler@362a561e{/executors,null,AVAILABLE,@Spark}
2025-10-17 07:48:38 INFO  ContextHandler:907 - Started o.s.j.s.ServletContextHandler@75ad30c1{/executors/json,null,AVAILABLE,@Spark}
2025-10-17 07:48:38 INFO  ContextHandler:907 - Started o.s.j.s.ServletContextHandler@6b9697ae{/executors/threadDump,null,AVAILABLE,@Spark}
2025-10-17 07:48:38 INFO  ContextHandler:907 - Started o.s.j.s.ServletContextHandler@40c76f5a{/executors/threadDump/json,null,AVAILABLE,@Spark}
2025-10-17 07:48:38 INFO  ContextHandler:907 - Started o.s.j.s.ServletContextHandler@5546e754{/executors/heapHistogram,null,AVAILABLE,@Spark}
2025-10-17 07:48:38 INFO  ContextHandler:907 - Started o.s.j.s.ServletContextHandler@7196a8f1{/executors/heapHistogram/json,null,AVAILABLE,@Spark}
2025-10-17 07:48:38 INFO  ContextHandler:907 - Started o.s.j.s.ServletContextHandler@8f39224{/static,null,AVAILABLE,@Spark}
2025-10-17 07:48:38 INFO  ContextHandler:907 - Started o.s.j.s.ServletContextHandler@1fc0d9b4{/,null,AVAILABLE,@Spark}
2025-10-17 07:48:38 INFO  ContextHandler:907 - Started o.s.j.s.ServletContextHandler@4e4f4092{/api,null,AVAILABLE,@Spark}
2025-10-17 07:48:38 INFO  ContextHandler:907 - Started o.s.j.s.ServletContextHandler@1b3a9ef4{/metrics,null,AVAILABLE,@Spark}
2025-10-17 07:48:38 INFO  ContextHandler:907 - Started o.s.j.s.ServletContextHandler@3c28181b{/jobs/job/kill,null,AVAILABLE,@Spark}
2025-10-17 07:48:38 INFO  ContextHandler:907 - Started o.s.j.s.ServletContextHandler@239b98cb{/stages/stage/kill,null,AVAILABLE,@Spark}
2025-10-17 07:48:38 INFO  ContextHandler:907 - Started o.s.j.s.ServletContextHandler@26ca12a2{/metrics/json,null,AVAILABLE,@Spark}
2025-10-17 07:48:38 INFO  SparkConfig:30 - SparkSession успешно создан!
2025-10-17 07:48:38 INFO  SparkConfig:31 - Имя приложения: SpaceX-Spark-App
2025-10-17 07:48:38 INFO  SparkConfig:32 - Режим выполнения (master): local[*]
2025-10-17 07:48:38 INFO  SparkConfig:33 - Версия Spark: 4.0.1
2025-10-17 07:48:39 INFO  ContextHandler:907 - Started o.s.j.s.ServletContextHandler@79d49790{/SQL,null,AVAILABLE,@Spark}
2025-10-17 07:48:39 INFO  ContextHandler:907 - Started o.s.j.s.ServletContextHandler@1851c7d2{/SQL/json,null,AVAILABLE,@Spark}
2025-10-17 07:48:39 INFO  ContextHandler:907 - Started o.s.j.s.ServletContextHandler@3e9fb485{/SQL/execution,null,AVAILABLE,@Spark}
2025-10-17 07:48:39 INFO  ContextHandler:907 - Started o.s.j.s.ServletContextHandler@38dbeb39{/SQL/execution/json,null,AVAILABLE,@Spark}
2025-10-17 07:48:39 INFO  ContextHandler:907 - Started o.s.j.s.ServletContextHandler@59371066{/static/sql,null,AVAILABLE,@Spark}
2025-10-17 07:48:40 INFO  LaunchRepository:26 - LaunchRepository инициализирован. Пустой Dataset создан.
2025-10-17 07:48:43 INFO  SpaceXService:31 - Отправка запроса к SpaceX API: https://api.spacexdata.com/v3/launches
2025-10-17 07:48:45 INFO  SpaceXService:47 - Получено 111 запусков
2025-10-17 07:48:45 INFO  LaunchRepository:31 - Сохраняем список запусков, размер: 111
2025-10-17 07:48:46 INFO  LaunchRepository:34 - Список запусков добавлен. Текущее количество запусков: 111
2025-10-17 07:48:52 INFO  LaunchRepository:71 - Читаем все запуски. Всего: 111
2025-10-17 07:48:55 ERROR LaunchRepository:177 - Ошибка при сохранении CSV: java.io.FileNotFoundException: Hadoop bin directory does not exist: D:\SpaceXSpark\bin -see https://cwiki.apache.org/confluence/display/HADOOP2/WindowsProblems
java.lang.RuntimeException: java.io.FileNotFoundException: Hadoop bin directory does not exist: D:\SpaceXSpark\bin -see https://cwiki.apache.org/confluence/display/HADOOP2/WindowsProblems
	at org.apache.hadoop.util.Shell.getWinUtilsPath(Shell.java:789) ~[hadoop-client-api-3.4.1.jar:?]
	at org.apache.hadoop.util.Shell.getSetPermissionCommand(Shell.java:298) ~[hadoop-client-api-3.4.1.jar:?]
	at org.apache.hadoop.util.Shell.getSetPermissionCommand(Shell.java:314) ~[hadoop-client-api-3.4.1.jar:?]
	at org.apache.hadoop.fs.RawLocalFileSystem.setPermission(RawLocalFileSystem.java:1116) ~[hadoop-client-api-3.4.1.jar:?]
	at org.apache.hadoop.fs.RawLocalFileSystem.mkOneDirWithMode(RawLocalFileSystem.java:798) ~[hadoop-client-api-3.4.1.jar:?]
	at org.apache.hadoop.fs.RawLocalFileSystem.mkdirsWithOptionalPermission(RawLocalFileSystem.java:838) ~[hadoop-client-api-3.4.1.jar:?]
	at org.apache.hadoop.fs.RawLocalFileSystem.mkdirs(RawLocalFileSystem.java:810) ~[hadoop-client-api-3.4.1.jar:?]
	at org.apache.hadoop.fs.RawLocalFileSystem.mkdirsWithOptionalPermission(RawLocalFileSystem.java:837) ~[hadoop-client-api-3.4.1.jar:?]
	at org.apache.hadoop.fs.RawLocalFileSystem.mkdirs(RawLocalFileSystem.java:810) ~[hadoop-client-api-3.4.1.jar:?]
	at org.apache.hadoop.fs.RawLocalFileSystem.mkdirsWithOptionalPermission(RawLocalFileSystem.java:837) ~[hadoop-client-api-3.4.1.jar:?]
	at org.apache.hadoop.fs.RawLocalFileSystem.mkdirs(RawLocalFileSystem.java:810) ~[hadoop-client-api-3.4.1.jar:?]
	at org.apache.hadoop.fs.ChecksumFileSystem.mkdirs(ChecksumFileSystem.java:988) ~[hadoop-client-api-3.4.1.jar:?]
	at org.apache.hadoop.mapreduce.lib.output.FileOutputCommitter.setupJob(FileOutputCommitter.java:356) ~[hadoop-client-api-3.4.1.jar:?]
	at org.apache.spark.internal.io.HadoopMapReduceCommitProtocol.setupJob(HadoopMapReduceCommitProtocol.scala:190) ~[spark-core_2.13-4.0.1.jar:4.0.1]
	at org.apache.spark.sql.execution.datasources.FileFormatWriter$.writeAndCommit(FileFormatWriter.scala:268) ~[spark-sql_2.13-4.0.1.jar:4.0.1]
	at org.apache.spark.sql.execution.datasources.FileFormatWriter$.executeWrite(FileFormatWriter.scala:306) ~[spark-sql_2.13-4.0.1.jar:4.0.1]
	at org.apache.spark.sql.execution.datasources.FileFormatWriter$.write(FileFormatWriter.scala:189) ~[spark-sql_2.13-4.0.1.jar:4.0.1]
	at org.apache.spark.sql.execution.datasources.InsertIntoHadoopFsRelationCommand.run(InsertIntoHadoopFsRelationCommand.scala:195) ~[spark-sql_2.13-4.0.1.jar:4.0.1]
	at org.apache.spark.sql.execution.command.DataWritingCommandExec.sideEffectResult$lzycompute(commands.scala:117) ~[spark-sql_2.13-4.0.1.jar:4.0.1]
	at org.apache.spark.sql.execution.command.DataWritingCommandExec.sideEffectResult(commands.scala:115) ~[spark-sql_2.13-4.0.1.jar:4.0.1]
	at org.apache.spark.sql.execution.command.DataWritingCommandExec.executeCollect(commands.scala:129) ~[spark-sql_2.13-4.0.1.jar:4.0.1]
	at org.apache.spark.sql.execution.QueryExecution.$anonfun$eagerlyExecuteCommands$2(QueryExecution.scala:155) ~[spark-sql_2.13-4.0.1.jar:4.0.1]
	at org.apache.spark.sql.execution.SQLExecution$.$anonfun$withNewExecutionId0$8(SQLExecution.scala:163) ~[spark-sql_2.13-4.0.1.jar:4.0.1]
	at org.apache.spark.sql.execution.SQLExecution$.withSessionTagsApplied(SQLExecution.scala:272) ~[spark-sql_2.13-4.0.1.jar:4.0.1]
	at org.apache.spark.sql.execution.SQLExecution$.$anonfun$withNewExecutionId0$7(SQLExecution.scala:125) ~[spark-sql_2.13-4.0.1.jar:4.0.1]
	at org.apache.spark.JobArtifactSet$.withActiveJobArtifactState(JobArtifactSet.scala:94) ~[spark-core_2.13-4.0.1.jar:4.0.1]
	at org.apache.spark.sql.artifact.ArtifactManager.$anonfun$withResources$1(ArtifactManager.scala:112) ~[spark-sql_2.13-4.0.1.jar:4.0.1]
	at org.apache.spark.sql.artifact.ArtifactManager.withClassLoaderIfNeeded(ArtifactManager.scala:106) ~[spark-sql_2.13-4.0.1.jar:4.0.1]
	at org.apache.spark.sql.artifact.ArtifactManager.withResources(ArtifactManager.scala:111) ~[spark-sql_2.13-4.0.1.jar:4.0.1]
	at org.apache.spark.sql.execution.SQLExecution$.$anonfun$withNewExecutionId0$6(SQLExecution.scala:125) ~[spark-sql_2.13-4.0.1.jar:4.0.1]
	at org.apache.spark.sql.execution.SQLExecution$.withSQLConfPropagated(SQLExecution.scala:295) ~[spark-sql_2.13-4.0.1.jar:4.0.1]
	at org.apache.spark.sql.execution.SQLExecution$.$anonfun$withNewExecutionId0$1(SQLExecution.scala:124) ~[spark-sql_2.13-4.0.1.jar:4.0.1]
	at org.apache.spark.sql.SparkSession.withActive(SparkSession.scala:804) ~[spark-sql-api_2.13-4.0.1.jar:4.0.1]
	at org.apache.spark.sql.execution.SQLExecution$.withNewExecutionId0(SQLExecution.scala:78) ~[spark-sql_2.13-4.0.1.jar:4.0.1]
	at org.apache.spark.sql.execution.SQLExecution$.withNewExecutionId(SQLExecution.scala:237) ~[spark-sql_2.13-4.0.1.jar:4.0.1]
	at org.apache.spark.sql.execution.QueryExecution.$anonfun$eagerlyExecuteCommands$1(QueryExecution.scala:155) ~[spark-sql_2.13-4.0.1.jar:4.0.1]
	at org.apache.spark.sql.execution.QueryExecution$.withInternalError(QueryExecution.scala:654) ~[spark-sql_2.13-4.0.1.jar:4.0.1]
	at org.apache.spark.sql.execution.QueryExecution.org$apache$spark$sql$execution$QueryExecution$$eagerlyExecute$1(QueryExecution.scala:154) ~[spark-sql_2.13-4.0.1.jar:4.0.1]
	at org.apache.spark.sql.execution.QueryExecution$$anonfun$eagerlyExecuteCommands$3.applyOrElse(QueryExecution.scala:169) ~[spark-sql_2.13-4.0.1.jar:4.0.1]
	at org.apache.spark.sql.execution.QueryExecution$$anonfun$eagerlyExecuteCommands$3.applyOrElse(QueryExecution.scala:164) ~[spark-sql_2.13-4.0.1.jar:4.0.1]
	at org.apache.spark.sql.catalyst.trees.TreeNode.$anonfun$transformDownWithPruning$1(TreeNode.scala:470) ~[spark-catalyst_2.13-4.0.1.jar:4.0.1]
	at org.apache.spark.sql.catalyst.trees.CurrentOrigin$.withOrigin(origin.scala:86) ~[spark-sql-api_2.13-4.0.1.jar:4.0.1]
	at org.apache.spark.sql.catalyst.trees.TreeNode.transformDownWithPruning(TreeNode.scala:470) ~[spark-catalyst_2.13-4.0.1.jar:4.0.1]
	at org.apache.spark.sql.catalyst.plans.logical.LogicalPlan.org$apache$spark$sql$catalyst$plans$logical$AnalysisHelper$$super$transformDownWithPruning(LogicalPlan.scala:37) ~[spark-catalyst_2.13-4.0.1.jar:4.0.1]
	at org.apache.spark.sql.catalyst.plans.logical.AnalysisHelper.transformDownWithPruning(AnalysisHelper.scala:360) ~[spark-catalyst_2.13-4.0.1.jar:4.0.1]
	at org.apache.spark.sql.catalyst.plans.logical.AnalysisHelper.transformDownWithPruning$(AnalysisHelper.scala:356) ~[spark-catalyst_2.13-4.0.1.jar:4.0.1]
	at org.apache.spark.sql.catalyst.plans.logical.LogicalPlan.transformDownWithPruning(LogicalPlan.scala:37) ~[spark-catalyst_2.13-4.0.1.jar:4.0.1]
	at org.apache.spark.sql.catalyst.plans.logical.LogicalPlan.transformDownWithPruning(LogicalPlan.scala:37) ~[spark-catalyst_2.13-4.0.1.jar:4.0.1]
	at org.apache.spark.sql.catalyst.trees.TreeNode.transformDown(TreeNode.scala:446) ~[spark-catalyst_2.13-4.0.1.jar:4.0.1]
	at org.apache.spark.sql.execution.QueryExecution.eagerlyExecuteCommands(QueryExecution.scala:164) ~[spark-sql_2.13-4.0.1.jar:4.0.1]
	at org.apache.spark.sql.execution.QueryExecution.$anonfun$lazyCommandExecuted$1(QueryExecution.scala:126) ~[spark-sql_2.13-4.0.1.jar:4.0.1]
	at scala.util.Try$.apply(Try.scala:217) ~[scala-library-2.13.16.jar:?]
	at org.apache.spark.util.Utils$.doTryWithCallerStacktrace(Utils.scala:1378) ~[spark-core_2.13-4.0.1.jar:4.0.1]
	at org.apache.spark.util.Utils$.getTryWithCallerStacktrace(Utils.scala:1439) ~[spark-core_2.13-4.0.1.jar:4.0.1]
	at org.apache.spark.util.LazyTry.get(LazyTry.scala:58) ~[spark-core_2.13-4.0.1.jar:4.0.1]
	at org.apache.spark.sql.execution.QueryExecution.commandExecuted(QueryExecution.scala:131) ~[spark-sql_2.13-4.0.1.jar:4.0.1]
	at org.apache.spark.sql.execution.QueryExecution.assertCommandExecuted(QueryExecution.scala:192) ~[spark-sql_2.13-4.0.1.jar:4.0.1]
	at org.apache.spark.sql.classic.DataFrameWriter.runCommand(DataFrameWriter.scala:622) ~[spark-sql_2.13-4.0.1.jar:4.0.1]
	at org.apache.spark.sql.classic.DataFrameWriter.saveToV1Source(DataFrameWriter.scala:273) ~[spark-sql_2.13-4.0.1.jar:4.0.1]
	at org.apache.spark.sql.classic.DataFrameWriter.saveInternal(DataFrameWriter.scala:241) ~[spark-sql_2.13-4.0.1.jar:4.0.1]
	at org.apache.spark.sql.classic.DataFrameWriter.save(DataFrameWriter.scala:118) ~[spark-sql_2.13-4.0.1.jar:4.0.1]
	at org.apache.spark.sql.DataFrameWriter.csv(DataFrameWriter.scala:426) ~[spark-sql-api_2.13-4.0.1.jar:4.0.1]
	at sfedu.danil.repository.LaunchRepository.exportToCsv(LaunchRepository.java:171) [classes/:?]
	at sfedu.danil.MainCLI.exportToCsv(MainCLI.java:98) [classes/:?]
	at sfedu.danil.MainCLI.main(MainCLI.java:86) [classes/:?]
	Suppressed: org.apache.spark.util.Utils$OriginalTryStackTraceException: Full stacktrace of original doTryWithCallerStacktrace caller
		at org.apache.hadoop.util.Shell.getWinUtilsPath(Shell.java:789) ~[hadoop-client-api-3.4.1.jar:?]
		at org.apache.hadoop.util.Shell.getSetPermissionCommand(Shell.java:298) ~[hadoop-client-api-3.4.1.jar:?]
		at org.apache.hadoop.util.Shell.getSetPermissionCommand(Shell.java:314) ~[hadoop-client-api-3.4.1.jar:?]
		at org.apache.hadoop.fs.RawLocalFileSystem.setPermission(RawLocalFileSystem.java:1116) ~[hadoop-client-api-3.4.1.jar:?]
		at org.apache.hadoop.fs.RawLocalFileSystem.mkOneDirWithMode(RawLocalFileSystem.java:798) ~[hadoop-client-api-3.4.1.jar:?]
		at org.apache.hadoop.fs.RawLocalFileSystem.mkdirsWithOptionalPermission(RawLocalFileSystem.java:838) ~[hadoop-client-api-3.4.1.jar:?]
		at org.apache.hadoop.fs.RawLocalFileSystem.mkdirs(RawLocalFileSystem.java:810) ~[hadoop-client-api-3.4.1.jar:?]
		at org.apache.hadoop.fs.RawLocalFileSystem.mkdirsWithOptionalPermission(RawLocalFileSystem.java:837) ~[hadoop-client-api-3.4.1.jar:?]
		at org.apache.hadoop.fs.RawLocalFileSystem.mkdirs(RawLocalFileSystem.java:810) ~[hadoop-client-api-3.4.1.jar:?]
		at org.apache.hadoop.fs.RawLocalFileSystem.mkdirsWithOptionalPermission(RawLocalFileSystem.java:837) ~[hadoop-client-api-3.4.1.jar:?]
		at org.apache.hadoop.fs.RawLocalFileSystem.mkdirs(RawLocalFileSystem.java:810) ~[hadoop-client-api-3.4.1.jar:?]
		at org.apache.hadoop.fs.ChecksumFileSystem.mkdirs(ChecksumFileSystem.java:988) ~[hadoop-client-api-3.4.1.jar:?]
		at org.apache.hadoop.mapreduce.lib.output.FileOutputCommitter.setupJob(FileOutputCommitter.java:356) ~[hadoop-client-api-3.4.1.jar:?]
		at org.apache.spark.internal.io.HadoopMapReduceCommitProtocol.setupJob(HadoopMapReduceCommitProtocol.scala:190) ~[spark-core_2.13-4.0.1.jar:4.0.1]
		at org.apache.spark.sql.execution.datasources.FileFormatWriter$.writeAndCommit(FileFormatWriter.scala:268) ~[spark-sql_2.13-4.0.1.jar:4.0.1]
		at org.apache.spark.sql.execution.datasources.FileFormatWriter$.executeWrite(FileFormatWriter.scala:306) ~[spark-sql_2.13-4.0.1.jar:4.0.1]
		at org.apache.spark.sql.execution.datasources.FileFormatWriter$.write(FileFormatWriter.scala:189) ~[spark-sql_2.13-4.0.1.jar:4.0.1]
		at org.apache.spark.sql.execution.datasources.InsertIntoHadoopFsRelationCommand.run(InsertIntoHadoopFsRelationCommand.scala:195) ~[spark-sql_2.13-4.0.1.jar:4.0.1]
		at org.apache.spark.sql.execution.command.DataWritingCommandExec.sideEffectResult$lzycompute(commands.scala:117) ~[spark-sql_2.13-4.0.1.jar:4.0.1]
		at org.apache.spark.sql.execution.command.DataWritingCommandExec.sideEffectResult(commands.scala:115) ~[spark-sql_2.13-4.0.1.jar:4.0.1]
		at org.apache.spark.sql.execution.command.DataWritingCommandExec.executeCollect(commands.scala:129) ~[spark-sql_2.13-4.0.1.jar:4.0.1]
		at org.apache.spark.sql.execution.QueryExecution.$anonfun$eagerlyExecuteCommands$2(QueryExecution.scala:155) ~[spark-sql_2.13-4.0.1.jar:4.0.1]
		at org.apache.spark.sql.execution.SQLExecution$.$anonfun$withNewExecutionId0$8(SQLExecution.scala:163) ~[spark-sql_2.13-4.0.1.jar:4.0.1]
		at org.apache.spark.sql.execution.SQLExecution$.withSessionTagsApplied(SQLExecution.scala:272) ~[spark-sql_2.13-4.0.1.jar:4.0.1]
		at org.apache.spark.sql.execution.SQLExecution$.$anonfun$withNewExecutionId0$7(SQLExecution.scala:125) ~[spark-sql_2.13-4.0.1.jar:4.0.1]
		at org.apache.spark.JobArtifactSet$.withActiveJobArtifactState(JobArtifactSet.scala:94) ~[spark-core_2.13-4.0.1.jar:4.0.1]
		at org.apache.spark.sql.artifact.ArtifactManager.$anonfun$withResources$1(ArtifactManager.scala:112) ~[spark-sql_2.13-4.0.1.jar:4.0.1]
		at org.apache.spark.sql.artifact.ArtifactManager.withClassLoaderIfNeeded(ArtifactManager.scala:106) ~[spark-sql_2.13-4.0.1.jar:4.0.1]
		at org.apache.spark.sql.artifact.ArtifactManager.withResources(ArtifactManager.scala:111) ~[spark-sql_2.13-4.0.1.jar:4.0.1]
		at org.apache.spark.sql.execution.SQLExecution$.$anonfun$withNewExecutionId0$6(SQLExecution.scala:125) ~[spark-sql_2.13-4.0.1.jar:4.0.1]
		at org.apache.spark.sql.execution.SQLExecution$.withSQLConfPropagated(SQLExecution.scala:295) ~[spark-sql_2.13-4.0.1.jar:4.0.1]
		at org.apache.spark.sql.execution.SQLExecution$.$anonfun$withNewExecutionId0$1(SQLExecution.scala:124) ~[spark-sql_2.13-4.0.1.jar:4.0.1]
		at org.apache.spark.sql.SparkSession.withActive(SparkSession.scala:804) ~[spark-sql-api_2.13-4.0.1.jar:4.0.1]
		at org.apache.spark.sql.execution.SQLExecution$.withNewExecutionId0(SQLExecution.scala:78) ~[spark-sql_2.13-4.0.1.jar:4.0.1]
		at org.apache.spark.sql.execution.SQLExecution$.withNewExecutionId(SQLExecution.scala:237) ~[spark-sql_2.13-4.0.1.jar:4.0.1]
		at org.apache.spark.sql.execution.QueryExecution.$anonfun$eagerlyExecuteCommands$1(QueryExecution.scala:155) ~[spark-sql_2.13-4.0.1.jar:4.0.1]
		at org.apache.spark.sql.execution.QueryExecution$.withInternalError(QueryExecution.scala:654) ~[spark-sql_2.13-4.0.1.jar:4.0.1]
		at org.apache.spark.sql.execution.QueryExecution.org$apache$spark$sql$execution$QueryExecution$$eagerlyExecute$1(QueryExecution.scala:154) ~[spark-sql_2.13-4.0.1.jar:4.0.1]
		at org.apache.spark.sql.execution.QueryExecution$$anonfun$eagerlyExecuteCommands$3.applyOrElse(QueryExecution.scala:169) ~[spark-sql_2.13-4.0.1.jar:4.0.1]
		at org.apache.spark.sql.execution.QueryExecution$$anonfun$eagerlyExecuteCommands$3.applyOrElse(QueryExecution.scala:164) ~[spark-sql_2.13-4.0.1.jar:4.0.1]
		at org.apache.spark.sql.catalyst.trees.TreeNode.$anonfun$transformDownWithPruning$1(TreeNode.scala:470) ~[spark-catalyst_2.13-4.0.1.jar:4.0.1]
		at org.apache.spark.sql.catalyst.trees.CurrentOrigin$.withOrigin(origin.scala:86) ~[spark-sql-api_2.13-4.0.1.jar:4.0.1]
		at org.apache.spark.sql.catalyst.trees.TreeNode.transformDownWithPruning(TreeNode.scala:470) ~[spark-catalyst_2.13-4.0.1.jar:4.0.1]
		at org.apache.spark.sql.catalyst.plans.logical.LogicalPlan.org$apache$spark$sql$catalyst$plans$logical$AnalysisHelper$$super$transformDownWithPruning(LogicalPlan.scala:37) ~[spark-catalyst_2.13-4.0.1.jar:4.0.1]
		at org.apache.spark.sql.catalyst.plans.logical.AnalysisHelper.transformDownWithPruning(AnalysisHelper.scala:360) ~[spark-catalyst_2.13-4.0.1.jar:4.0.1]
		at org.apache.spark.sql.catalyst.plans.logical.AnalysisHelper.transformDownWithPruning$(AnalysisHelper.scala:356) ~[spark-catalyst_2.13-4.0.1.jar:4.0.1]
		at org.apache.spark.sql.catalyst.plans.logical.LogicalPlan.transformDownWithPruning(LogicalPlan.scala:37) ~[spark-catalyst_2.13-4.0.1.jar:4.0.1]
		at org.apache.spark.sql.catalyst.plans.logical.LogicalPlan.transformDownWithPruning(LogicalPlan.scala:37) ~[spark-catalyst_2.13-4.0.1.jar:4.0.1]
		at org.apache.spark.sql.catalyst.trees.TreeNode.transformDown(TreeNode.scala:446) ~[spark-catalyst_2.13-4.0.1.jar:4.0.1]
		at org.apache.spark.sql.execution.QueryExecution.eagerlyExecuteCommands(QueryExecution.scala:164) ~[spark-sql_2.13-4.0.1.jar:4.0.1]
		at org.apache.spark.sql.execution.QueryExecution.$anonfun$lazyCommandExecuted$1(QueryExecution.scala:126) ~[spark-sql_2.13-4.0.1.jar:4.0.1]
		at scala.util.Try$.apply(Try.scala:217) ~[scala-library-2.13.16.jar:?]
		at org.apache.spark.util.Utils$.doTryWithCallerStacktrace(Utils.scala:1378) ~[spark-core_2.13-4.0.1.jar:4.0.1]
		at org.apache.spark.util.LazyTry.tryT$lzycompute(LazyTry.scala:46) ~[spark-core_2.13-4.0.1.jar:4.0.1]
		at org.apache.spark.util.LazyTry.tryT(LazyTry.scala:46) ~[spark-core_2.13-4.0.1.jar:4.0.1]
		at org.apache.spark.util.LazyTry.get(LazyTry.scala:58) ~[spark-core_2.13-4.0.1.jar:4.0.1]
		at org.apache.spark.sql.execution.QueryExecution.commandExecuted(QueryExecution.scala:131) ~[spark-sql_2.13-4.0.1.jar:4.0.1]
		at org.apache.spark.sql.execution.QueryExecution.assertCommandExecuted(QueryExecution.scala:192) ~[spark-sql_2.13-4.0.1.jar:4.0.1]
		at org.apache.spark.sql.classic.DataFrameWriter.runCommand(DataFrameWriter.scala:622) ~[spark-sql_2.13-4.0.1.jar:4.0.1]
		at org.apache.spark.sql.classic.DataFrameWriter.saveToV1Source(DataFrameWriter.scala:273) ~[spark-sql_2.13-4.0.1.jar:4.0.1]
		at org.apache.spark.sql.classic.DataFrameWriter.saveInternal(DataFrameWriter.scala:241) ~[spark-sql_2.13-4.0.1.jar:4.0.1]
		at org.apache.spark.sql.classic.DataFrameWriter.save(DataFrameWriter.scala:118) ~[spark-sql_2.13-4.0.1.jar:4.0.1]
		at org.apache.spark.sql.DataFrameWriter.csv(DataFrameWriter.scala:426) ~[spark-sql-api_2.13-4.0.1.jar:4.0.1]
		at sfedu.danil.repository.LaunchRepository.exportToCsv(LaunchRepository.java:171) [classes/:?]
		at sfedu.danil.MainCLI.exportToCsv(MainCLI.java:98) [classes/:?]
		at sfedu.danil.MainCLI.main(MainCLI.java:86) [classes/:?]
Caused by: java.io.FileNotFoundException: Hadoop bin directory does not exist: D:\SpaceXSpark\bin -see https://cwiki.apache.org/confluence/display/HADOOP2/WindowsProblems
	at org.apache.hadoop.util.Shell.getQualifiedBinInner(Shell.java:661) ~[hadoop-client-api-3.4.1.jar:?]
	at org.apache.hadoop.util.Shell.getQualifiedBin(Shell.java:645) ~[hadoop-client-api-3.4.1.jar:?]
	at org.apache.hadoop.util.Shell.<clinit>(Shell.java:742) ~[hadoop-client-api-3.4.1.jar:?]
	at org.apache.hadoop.util.StringUtils.<clinit>(StringUtils.java:80) ~[hadoop-client-api-3.4.1.jar:?]
	at org.apache.hadoop.conf.Configuration.getBoolean(Configuration.java:1733) ~[hadoop-client-api-3.4.1.jar:?]
	at org.apache.hadoop.security.SecurityUtil.setConfigurationInternal(SecurityUtil.java:106) ~[hadoop-client-api-3.4.1.jar:?]
	at org.apache.hadoop.security.SecurityUtil.<clinit>(SecurityUtil.java:95) ~[hadoop-client-api-3.4.1.jar:?]
	at org.apache.hadoop.security.UserGroupInformation.initialize(UserGroupInformation.java:311) ~[hadoop-client-api-3.4.1.jar:?]
	at org.apache.hadoop.security.UserGroupInformation.ensureInitialized(UserGroupInformation.java:299) ~[hadoop-client-api-3.4.1.jar:?]
	at org.apache.hadoop.security.UserGroupInformation.getCurrentUser(UserGroupInformation.java:586) ~[hadoop-client-api-3.4.1.jar:?]
	at org.apache.spark.util.Utils$.$anonfun$getCurrentUserName$1(Utils.scala:2446) ~[spark-core_2.13-4.0.1.jar:4.0.1]
	at scala.Option.getOrElse(Option.scala:201) ~[scala-library-2.13.16.jar:?]
	at org.apache.spark.util.Utils$.getCurrentUserName(Utils.scala:2446) ~[spark-core_2.13-4.0.1.jar:4.0.1]
	at org.apache.spark.SparkContext.<init>(SparkContext.scala:339) ~[spark-core_2.13-4.0.1.jar:4.0.1]
	at org.apache.spark.SparkContext$.getOrCreate(SparkContext.scala:3055) ~[spark-core_2.13-4.0.1.jar:4.0.1]
	at org.apache.spark.sql.classic.SparkSession$Builder.$anonfun$build$2(SparkSession.scala:839) ~[spark-sql_2.13-4.0.1.jar:4.0.1]
	at scala.Option.getOrElse(Option.scala:201) ~[scala-library-2.13.16.jar:?]
	at org.apache.spark.sql.classic.SparkSession$Builder.build(SparkSession.scala:830) ~[spark-sql_2.13-4.0.1.jar:4.0.1]
	at org.apache.spark.sql.classic.SparkSession$Builder.getOrCreate(SparkSession.scala:859) ~[spark-sql_2.13-4.0.1.jar:4.0.1]
	at org.apache.spark.sql.classic.SparkSession$Builder.getOrCreate(SparkSession.scala:732) ~[spark-sql_2.13-4.0.1.jar:4.0.1]
	at org.apache.spark.sql.SparkSession$Builder.getOrCreate(SparkSession.scala:923) ~[spark-sql-api_2.13-4.0.1.jar:4.0.1]
	at sfedu.danil.config.SparkConfig.getSparkSession(SparkConfig.java:28) ~[classes/:?]
	at sfedu.danil.repository.LaunchRepository.<init>(LaunchRepository.java:23) ~[classes/:?]
	at sfedu.danil.MainCLI.<clinit>(MainCLI.java:27) ~[classes/:?]
2025-10-17 07:50:24 INFO  Server:479 - Stopped Server@71a4f441{STOPPING}[11.0.24,sto=30000]
2025-10-17 07:50:24 INFO  Server:135 - Shutdown Server@71a4f441{STOPPING}[11.0.24,sto=30000]
2025-10-17 07:50:24 INFO  AbstractConnector:431 - Stopped Spark@1db64963{HTTP/1.1, (http/1.1)}{0.0.0.0:4040}
2025-10-17 08:22:02 INFO  SparkConfig:17 - Инициализация SparkSession...
2025-10-17 08:22:04 WARN  Shell:746 - Did not find winutils.exe: java.io.FileNotFoundException: Hadoop bin directory does not exist: D:\SpaceXSpark\bin -see https://cwiki.apache.org/confluence/display/HADOOP2/WindowsProblems
2025-10-17 08:22:04 WARN  NativeCodeLoader:60 - Unable to load native-hadoop library for your platform... using builtin-java classes where applicable
2025-10-17 08:22:05 INFO  Server:384 - jetty-11.0.24; built: 2024-08-26T18:11:22.448Z; git: 5dfc59a691b748796f922208956bd1f2794bcd16; jvm 21.0.6+7-LTS
2025-10-17 08:22:05 INFO  Server:439 - Started Server@c4d2c44{STARTING}[11.0.24,sto=30000] @5114ms
2025-10-17 08:22:06 INFO  AbstractConnector:376 - Started ServerConnector@5e149662{HTTP/1.1, (http/1.1)}{0.0.0.0:4040}
2025-10-17 08:22:06 INFO  ContextHandler:907 - Started o.s.j.s.ServletContextHandler@797fcf9{/,null,AVAILABLE,@Spark}
2025-10-17 08:22:06 INFO  ContextHandler:1123 - Stopped o.s.j.s.ServletContextHandler@797fcf9{/,null,STOPPED,@Spark}
2025-10-17 08:22:06 INFO  ContextHandler:907 - Started o.s.j.s.ServletContextHandler@538b3c88{/jobs,null,AVAILABLE,@Spark}
2025-10-17 08:22:06 INFO  ContextHandler:907 - Started o.s.j.s.ServletContextHandler@10e56da9{/jobs/json,null,AVAILABLE,@Spark}
2025-10-17 08:22:06 INFO  ContextHandler:907 - Started o.s.j.s.ServletContextHandler@22ae905f{/jobs/job,null,AVAILABLE,@Spark}
2025-10-17 08:22:06 INFO  ContextHandler:907 - Started o.s.j.s.ServletContextHandler@4fbaa7f5{/jobs/job/json,null,AVAILABLE,@Spark}
2025-10-17 08:22:06 INFO  ContextHandler:907 - Started o.s.j.s.ServletContextHandler@6d4a05f7{/stages,null,AVAILABLE,@Spark}
2025-10-17 08:22:06 INFO  ContextHandler:907 - Started o.s.j.s.ServletContextHandler@4b476233{/stages/json,null,AVAILABLE,@Spark}
2025-10-17 08:22:06 INFO  ContextHandler:907 - Started o.s.j.s.ServletContextHandler@4f235e8e{/stages/stage,null,AVAILABLE,@Spark}
2025-10-17 08:22:06 INFO  ContextHandler:907 - Started o.s.j.s.ServletContextHandler@29dcdd1c{/stages/stage/json,null,AVAILABLE,@Spark}
2025-10-17 08:22:06 INFO  ContextHandler:907 - Started o.s.j.s.ServletContextHandler@524f5ea5{/stages/pool,null,AVAILABLE,@Spark}
2025-10-17 08:22:06 INFO  ContextHandler:907 - Started o.s.j.s.ServletContextHandler@17134190{/stages/pool/json,null,AVAILABLE,@Spark}
2025-10-17 08:22:06 INFO  ContextHandler:907 - Started o.s.j.s.ServletContextHandler@5599b5bb{/stages/taskThreadDump,null,AVAILABLE,@Spark}
2025-10-17 08:22:06 INFO  ContextHandler:907 - Started o.s.j.s.ServletContextHandler@4264beb8{/stages/taskThreadDump/json,null,AVAILABLE,@Spark}
2025-10-17 08:22:06 INFO  ContextHandler:907 - Started o.s.j.s.ServletContextHandler@7cd3e0da{/storage,null,AVAILABLE,@Spark}
2025-10-17 08:22:06 INFO  ContextHandler:907 - Started o.s.j.s.ServletContextHandler@67e77f52{/storage/json,null,AVAILABLE,@Spark}
2025-10-17 08:22:06 INFO  ContextHandler:907 - Started o.s.j.s.ServletContextHandler@1d1bf7bf{/storage/rdd,null,AVAILABLE,@Spark}
2025-10-17 08:22:06 INFO  ContextHandler:907 - Started o.s.j.s.ServletContextHandler@4d43a1b7{/storage/rdd/json,null,AVAILABLE,@Spark}
2025-10-17 08:22:06 INFO  ContextHandler:907 - Started o.s.j.s.ServletContextHandler@19705650{/environment,null,AVAILABLE,@Spark}
2025-10-17 08:22:06 INFO  ContextHandler:907 - Started o.s.j.s.ServletContextHandler@4a660b34{/environment/json,null,AVAILABLE,@Spark}
2025-10-17 08:22:06 INFO  ContextHandler:907 - Started o.s.j.s.ServletContextHandler@2df3545d{/executors,null,AVAILABLE,@Spark}
2025-10-17 08:22:06 INFO  ContextHandler:907 - Started o.s.j.s.ServletContextHandler@fe8aaeb{/executors/json,null,AVAILABLE,@Spark}
2025-10-17 08:22:06 INFO  ContextHandler:907 - Started o.s.j.s.ServletContextHandler@5cf0673d{/executors/threadDump,null,AVAILABLE,@Spark}
2025-10-17 08:22:06 INFO  ContextHandler:907 - Started o.s.j.s.ServletContextHandler@a323a5b{/executors/threadDump/json,null,AVAILABLE,@Spark}
2025-10-17 08:22:06 INFO  ContextHandler:907 - Started o.s.j.s.ServletContextHandler@ad0bb4e{/executors/heapHistogram,null,AVAILABLE,@Spark}
2025-10-17 08:22:06 INFO  ContextHandler:907 - Started o.s.j.s.ServletContextHandler@6a6da47a{/executors/heapHistogram/json,null,AVAILABLE,@Spark}
2025-10-17 08:22:06 INFO  ContextHandler:907 - Started o.s.j.s.ServletContextHandler@7f642bf{/static,null,AVAILABLE,@Spark}
2025-10-17 08:22:06 INFO  ContextHandler:907 - Started o.s.j.s.ServletContextHandler@42107318{/,null,AVAILABLE,@Spark}
2025-10-17 08:22:06 INFO  ContextHandler:907 - Started o.s.j.s.ServletContextHandler@5d829ef0{/api,null,AVAILABLE,@Spark}
2025-10-17 08:22:06 INFO  ContextHandler:907 - Started o.s.j.s.ServletContextHandler@7a1371{/metrics,null,AVAILABLE,@Spark}
2025-10-17 08:22:06 INFO  ContextHandler:907 - Started o.s.j.s.ServletContextHandler@73aaec54{/jobs/job/kill,null,AVAILABLE,@Spark}
2025-10-17 08:22:06 INFO  ContextHandler:907 - Started o.s.j.s.ServletContextHandler@117b2cc6{/stages/stage/kill,null,AVAILABLE,@Spark}
2025-10-17 08:22:06 INFO  ContextHandler:907 - Started o.s.j.s.ServletContextHandler@3d4ecc67{/metrics/json,null,AVAILABLE,@Spark}
2025-10-17 08:22:07 INFO  SparkConfig:30 - SparkSession успешно создан!
2025-10-17 08:22:07 INFO  SparkConfig:31 - Имя приложения: SpaceX-Spark-App
2025-10-17 08:22:07 INFO  SparkConfig:32 - Режим выполнения (master): local[*]
2025-10-17 08:22:07 INFO  SparkConfig:33 - Версия Spark: 4.0.1
2025-10-17 08:22:07 INFO  ContextHandler:907 - Started o.s.j.s.ServletContextHandler@13dc6649{/SQL,null,AVAILABLE,@Spark}
2025-10-17 08:22:07 INFO  ContextHandler:907 - Started o.s.j.s.ServletContextHandler@250a946{/SQL/json,null,AVAILABLE,@Spark}
2025-10-17 08:22:07 INFO  ContextHandler:907 - Started o.s.j.s.ServletContextHandler@4f3fec43{/SQL/execution,null,AVAILABLE,@Spark}
2025-10-17 08:22:07 INFO  ContextHandler:907 - Started o.s.j.s.ServletContextHandler@10f20d38{/SQL/execution/json,null,AVAILABLE,@Spark}
2025-10-17 08:22:08 INFO  ContextHandler:907 - Started o.s.j.s.ServletContextHandler@48106381{/static/sql,null,AVAILABLE,@Spark}
2025-10-17 08:22:10 INFO  LaunchRepository:26 - LaunchRepository инициализирован. Пустой Dataset создан.
2025-10-17 08:22:13 INFO  SpaceXService:31 - Отправка запроса к SpaceX API: https://api.spacexdata.com/v3/launches
2025-10-17 08:22:44 INFO  Server:479 - Stopped Server@c4d2c44{STOPPING}[11.0.24,sto=30000]
2025-10-17 08:22:44 INFO  Server:135 - Shutdown Server@c4d2c44{STOPPING}[11.0.24,sto=30000]
2025-10-17 08:22:44 INFO  AbstractConnector:431 - Stopped Spark@5e149662{HTTP/1.1, (http/1.1)}{0.0.0.0:4040}
2025-10-17 08:22:46 INFO  SparkConfig:17 - Инициализация SparkSession...
2025-10-17 08:22:49 WARN  Shell:746 - Did not find winutils.exe: java.io.FileNotFoundException: Hadoop bin directory does not exist: D:\SpaceXSpark\bin -see https://cwiki.apache.org/confluence/display/HADOOP2/WindowsProblems
2025-10-17 08:22:49 WARN  NativeCodeLoader:60 - Unable to load native-hadoop library for your platform... using builtin-java classes where applicable
2025-10-17 08:22:50 INFO  Server:384 - jetty-11.0.24; built: 2024-08-26T18:11:22.448Z; git: 5dfc59a691b748796f922208956bd1f2794bcd16; jvm 21.0.6+7-LTS
2025-10-17 08:22:50 INFO  Server:439 - Started Server@13866329{STARTING}[11.0.24,sto=30000] @4683ms
2025-10-17 08:22:50 INFO  AbstractConnector:376 - Started ServerConnector@5b5bda4a{HTTP/1.1, (http/1.1)}{0.0.0.0:4040}
2025-10-17 08:22:50 INFO  ContextHandler:907 - Started o.s.j.s.ServletContextHandler@16bd7ae1{/,null,AVAILABLE,@Spark}
2025-10-17 08:22:51 INFO  ContextHandler:1123 - Stopped o.s.j.s.ServletContextHandler@16bd7ae1{/,null,STOPPED,@Spark}
2025-10-17 08:22:51 INFO  ContextHandler:907 - Started o.s.j.s.ServletContextHandler@22ae905f{/jobs,null,AVAILABLE,@Spark}
2025-10-17 08:22:51 INFO  ContextHandler:907 - Started o.s.j.s.ServletContextHandler@4fbaa7f5{/jobs/json,null,AVAILABLE,@Spark}
2025-10-17 08:22:51 INFO  ContextHandler:907 - Started o.s.j.s.ServletContextHandler@6d4a05f7{/jobs/job,null,AVAILABLE,@Spark}
2025-10-17 08:22:51 INFO  ContextHandler:907 - Started o.s.j.s.ServletContextHandler@4b476233{/jobs/job/json,null,AVAILABLE,@Spark}
2025-10-17 08:22:51 INFO  ContextHandler:907 - Started o.s.j.s.ServletContextHandler@4f235e8e{/stages,null,AVAILABLE,@Spark}
2025-10-17 08:22:51 INFO  ContextHandler:907 - Started o.s.j.s.ServletContextHandler@29dcdd1c{/stages/json,null,AVAILABLE,@Spark}
2025-10-17 08:22:51 INFO  ContextHandler:907 - Started o.s.j.s.ServletContextHandler@524f5ea5{/stages/stage,null,AVAILABLE,@Spark}
2025-10-17 08:22:51 INFO  ContextHandler:907 - Started o.s.j.s.ServletContextHandler@17134190{/stages/stage/json,null,AVAILABLE,@Spark}
2025-10-17 08:22:51 INFO  ContextHandler:907 - Started o.s.j.s.ServletContextHandler@5599b5bb{/stages/pool,null,AVAILABLE,@Spark}
2025-10-17 08:22:51 INFO  ContextHandler:907 - Started o.s.j.s.ServletContextHandler@4264beb8{/stages/pool/json,null,AVAILABLE,@Spark}
2025-10-17 08:22:51 INFO  ContextHandler:907 - Started o.s.j.s.ServletContextHandler@7cd3e0da{/stages/taskThreadDump,null,AVAILABLE,@Spark}
2025-10-17 08:22:51 INFO  ContextHandler:907 - Started o.s.j.s.ServletContextHandler@67e77f52{/stages/taskThreadDump/json,null,AVAILABLE,@Spark}
2025-10-17 08:22:51 INFO  ContextHandler:907 - Started o.s.j.s.ServletContextHandler@1d1bf7bf{/storage,null,AVAILABLE,@Spark}
2025-10-17 08:22:51 INFO  ContextHandler:907 - Started o.s.j.s.ServletContextHandler@4d43a1b7{/storage/json,null,AVAILABLE,@Spark}
2025-10-17 08:22:51 INFO  ContextHandler:907 - Started o.s.j.s.ServletContextHandler@19705650{/storage/rdd,null,AVAILABLE,@Spark}
2025-10-17 08:22:51 INFO  ContextHandler:907 - Started o.s.j.s.ServletContextHandler@4a660b34{/storage/rdd/json,null,AVAILABLE,@Spark}
2025-10-17 08:22:51 INFO  ContextHandler:907 - Started o.s.j.s.ServletContextHandler@2df3545d{/environment,null,AVAILABLE,@Spark}
2025-10-17 08:22:51 INFO  ContextHandler:907 - Started o.s.j.s.ServletContextHandler@fe8aaeb{/environment/json,null,AVAILABLE,@Spark}
2025-10-17 08:22:51 INFO  ContextHandler:907 - Started o.s.j.s.ServletContextHandler@5cf0673d{/executors,null,AVAILABLE,@Spark}
2025-10-17 08:22:51 INFO  ContextHandler:907 - Started o.s.j.s.ServletContextHandler@a323a5b{/executors/json,null,AVAILABLE,@Spark}
2025-10-17 08:22:51 INFO  ContextHandler:907 - Started o.s.j.s.ServletContextHandler@ad0bb4e{/executors/threadDump,null,AVAILABLE,@Spark}
2025-10-17 08:22:51 INFO  ContextHandler:907 - Started o.s.j.s.ServletContextHandler@6a6da47a{/executors/threadDump/json,null,AVAILABLE,@Spark}
2025-10-17 08:22:51 INFO  ContextHandler:907 - Started o.s.j.s.ServletContextHandler@7f642bf{/executors/heapHistogram,null,AVAILABLE,@Spark}
2025-10-17 08:22:51 INFO  ContextHandler:907 - Started o.s.j.s.ServletContextHandler@44aa91e2{/executors/heapHistogram/json,null,AVAILABLE,@Spark}
2025-10-17 08:22:51 INFO  ContextHandler:907 - Started o.s.j.s.ServletContextHandler@650a1aff{/static,null,AVAILABLE,@Spark}
2025-10-17 08:22:51 INFO  ContextHandler:907 - Started o.s.j.s.ServletContextHandler@5dfc2a4{/,null,AVAILABLE,@Spark}
2025-10-17 08:22:51 INFO  ContextHandler:907 - Started o.s.j.s.ServletContextHandler@781c2497{/api,null,AVAILABLE,@Spark}
2025-10-17 08:22:51 INFO  ContextHandler:907 - Started o.s.j.s.ServletContextHandler@239b98cb{/metrics,null,AVAILABLE,@Spark}
2025-10-17 08:22:51 INFO  ContextHandler:907 - Started o.s.j.s.ServletContextHandler@49038f97{/jobs/job/kill,null,AVAILABLE,@Spark}
2025-10-17 08:22:51 INFO  ContextHandler:907 - Started o.s.j.s.ServletContextHandler@7ef41ca2{/stages/stage/kill,null,AVAILABLE,@Spark}
2025-10-17 08:22:51 INFO  ContextHandler:907 - Started o.s.j.s.ServletContextHandler@4b4927e5{/metrics/json,null,AVAILABLE,@Spark}
2025-10-17 08:22:51 INFO  SparkConfig:30 - SparkSession успешно создан!
2025-10-17 08:22:51 INFO  SparkConfig:31 - Имя приложения: SpaceX-Spark-App
2025-10-17 08:22:51 INFO  SparkConfig:32 - Режим выполнения (master): local[*]
2025-10-17 08:22:51 INFO  SparkConfig:33 - Версия Spark: 4.0.1
2025-10-17 08:22:52 INFO  ContextHandler:907 - Started o.s.j.s.ServletContextHandler@2ffb0d10{/SQL,null,AVAILABLE,@Spark}
2025-10-17 08:22:52 INFO  ContextHandler:907 - Started o.s.j.s.ServletContextHandler@3e9fb485{/SQL/json,null,AVAILABLE,@Spark}
2025-10-17 08:22:52 INFO  ContextHandler:907 - Started o.s.j.s.ServletContextHandler@63e70bf9{/SQL/execution,null,AVAILABLE,@Spark}
2025-10-17 08:22:52 INFO  ContextHandler:907 - Started o.s.j.s.ServletContextHandler@419f0ea{/SQL/execution/json,null,AVAILABLE,@Spark}
2025-10-17 08:22:52 INFO  ContextHandler:907 - Started o.s.j.s.ServletContextHandler@87aec6a{/static/sql,null,AVAILABLE,@Spark}
2025-10-17 08:22:54 INFO  LaunchRepository:26 - LaunchRepository инициализирован. Пустой Dataset создан.
2025-10-17 08:22:55 INFO  SpaceXService:31 - Отправка запроса к SpaceX API: https://api.spacexdata.com/v3/launches
2025-10-17 08:23:11 INFO  SpaceXService:47 - Получено 111 запусков
2025-10-17 08:23:11 INFO  LaunchRepository:31 - Сохраняем список запусков, размер: 111
2025-10-17 08:23:16 INFO  LaunchRepository:34 - Список запусков добавлен. Текущее количество запусков: 111
2025-10-17 08:23:31 INFO  Server:479 - Stopped Server@13866329{STOPPING}[11.0.24,sto=30000]
2025-10-17 08:23:31 INFO  Server:135 - Shutdown Server@13866329{STOPPING}[11.0.24,sto=30000]
2025-10-17 08:23:31 INFO  AbstractConnector:431 - Stopped Spark@5b5bda4a{HTTP/1.1, (http/1.1)}{0.0.0.0:4040}
2025-10-17 05:57:49 INFO  SparkConfig:17 - Инициализация SparkSession...
2025-10-17 05:57:51 WARN  Utils:250 - Your hostname, WIN-MEVLBK3C0D0, resolves to a loopback address: 127.0.0.1, but we couldn't find any external IP address!
2025-10-17 05:57:51 WARN  Utils:244 - Set SPARK_LOCAL_IP if you need to bind to another address
2025-10-17 05:57:52 WARN  Shell:746 - Did not find winutils.exe: java.io.FileNotFoundException: Hadoop bin directory does not exist: D:\SpaceXSpark\bin -see https://cwiki.apache.org/confluence/display/HADOOP2/WindowsProblems
2025-10-17 05:57:52 WARN  NativeCodeLoader:60 - Unable to load native-hadoop library for your platform... using builtin-java classes where applicable
2025-10-17 05:57:53 INFO  Server:384 - jetty-11.0.24; built: 2024-08-26T18:11:22.448Z; git: 5dfc59a691b748796f922208956bd1f2794bcd16; jvm 21.0.6+7-LTS
2025-10-17 05:57:54 INFO  Server:439 - Started Server@7f3fc42f{STARTING}[11.0.24,sto=30000] @8034ms
2025-10-17 05:57:54 INFO  AbstractConnector:376 - Started ServerConnector@8f2f33f{HTTP/1.1, (http/1.1)}{0.0.0.0:4040}
2025-10-17 05:57:54 INFO  ContextHandler:907 - Started o.s.j.s.ServletContextHandler@1a531422{/,null,AVAILABLE,@Spark}
2025-10-17 05:57:54 INFO  ContextHandler:1123 - Stopped o.s.j.s.ServletContextHandler@1a531422{/,null,STOPPED,@Spark}
2025-10-17 05:57:54 INFO  ContextHandler:907 - Started o.s.j.s.ServletContextHandler@587f4f63{/jobs,null,AVAILABLE,@Spark}
2025-10-17 05:57:54 INFO  ContextHandler:907 - Started o.s.j.s.ServletContextHandler@6fb0261e{/jobs/json,null,AVAILABLE,@Spark}
2025-10-17 05:57:54 INFO  ContextHandler:907 - Started o.s.j.s.ServletContextHandler@2f4d01b6{/jobs/job,null,AVAILABLE,@Spark}
2025-10-17 05:57:54 INFO  ContextHandler:907 - Started o.s.j.s.ServletContextHandler@7f426ddd{/jobs/job/json,null,AVAILABLE,@Spark}
2025-10-17 05:57:54 INFO  ContextHandler:907 - Started o.s.j.s.ServletContextHandler@6fe04f2a{/stages,null,AVAILABLE,@Spark}
2025-10-17 05:57:54 INFO  ContextHandler:907 - Started o.s.j.s.ServletContextHandler@733534f9{/stages/json,null,AVAILABLE,@Spark}
2025-10-17 05:57:54 INFO  ContextHandler:907 - Started o.s.j.s.ServletContextHandler@beabd6b{/stages/stage,null,AVAILABLE,@Spark}
2025-10-17 05:57:54 INFO  ContextHandler:907 - Started o.s.j.s.ServletContextHandler@621624b1{/stages/stage/json,null,AVAILABLE,@Spark}
2025-10-17 05:57:54 INFO  ContextHandler:907 - Started o.s.j.s.ServletContextHandler@2bfc2f8b{/stages/pool,null,AVAILABLE,@Spark}
2025-10-17 05:57:54 INFO  ContextHandler:907 - Started o.s.j.s.ServletContextHandler@32e5af53{/stages/pool/json,null,AVAILABLE,@Spark}
2025-10-17 05:57:54 INFO  ContextHandler:907 - Started o.s.j.s.ServletContextHandler@13ca16bf{/stages/taskThreadDump,null,AVAILABLE,@Spark}
2025-10-17 05:57:54 INFO  ContextHandler:907 - Started o.s.j.s.ServletContextHandler@44641d6c{/stages/taskThreadDump/json,null,AVAILABLE,@Spark}
2025-10-17 05:57:54 INFO  ContextHandler:907 - Started o.s.j.s.ServletContextHandler@59d5a6fd{/storage,null,AVAILABLE,@Spark}
2025-10-17 05:57:54 INFO  ContextHandler:907 - Started o.s.j.s.ServletContextHandler@4357524b{/storage/json,null,AVAILABLE,@Spark}
2025-10-17 05:57:54 INFO  ContextHandler:907 - Started o.s.j.s.ServletContextHandler@64dc86c6{/storage/rdd,null,AVAILABLE,@Spark}
2025-10-17 05:57:54 INFO  ContextHandler:907 - Started o.s.j.s.ServletContextHandler@5f3b84bd{/storage/rdd/json,null,AVAILABLE,@Spark}
2025-10-17 05:57:54 INFO  ContextHandler:907 - Started o.s.j.s.ServletContextHandler@1e191150{/environment,null,AVAILABLE,@Spark}
2025-10-17 05:57:54 INFO  ContextHandler:907 - Started o.s.j.s.ServletContextHandler@166b11e{/environment/json,null,AVAILABLE,@Spark}
2025-10-17 05:57:54 INFO  ContextHandler:907 - Started o.s.j.s.ServletContextHandler@5323999f{/executors,null,AVAILABLE,@Spark}
2025-10-17 05:57:54 INFO  ContextHandler:907 - Started o.s.j.s.ServletContextHandler@3bc20984{/executors/json,null,AVAILABLE,@Spark}
2025-10-17 05:57:54 INFO  ContextHandler:907 - Started o.s.j.s.ServletContextHandler@45eab322{/executors/threadDump,null,AVAILABLE,@Spark}
2025-10-17 05:57:54 INFO  ContextHandler:907 - Started o.s.j.s.ServletContextHandler@2424cb9d{/executors/threadDump/json,null,AVAILABLE,@Spark}
2025-10-17 05:57:54 INFO  ContextHandler:907 - Started o.s.j.s.ServletContextHandler@6fb22ae3{/executors/heapHistogram,null,AVAILABLE,@Spark}
2025-10-17 05:57:54 INFO  ContextHandler:907 - Started o.s.j.s.ServletContextHandler@69a373fd{/executors/heapHistogram/json,null,AVAILABLE,@Spark}
2025-10-17 05:57:54 INFO  ContextHandler:907 - Started o.s.j.s.ServletContextHandler@6735f210{/static,null,AVAILABLE,@Spark}
2025-10-17 05:57:54 INFO  ContextHandler:907 - Started o.s.j.s.ServletContextHandler@3c16528d{/,null,AVAILABLE,@Spark}
2025-10-17 05:57:54 INFO  ContextHandler:907 - Started o.s.j.s.ServletContextHandler@389a5022{/api,null,AVAILABLE,@Spark}
2025-10-17 05:57:54 INFO  ContextHandler:907 - Started o.s.j.s.ServletContextHandler@684372d0{/metrics,null,AVAILABLE,@Spark}
2025-10-17 05:57:54 INFO  ContextHandler:907 - Started o.s.j.s.ServletContextHandler@652e345{/jobs/job/kill,null,AVAILABLE,@Spark}
2025-10-17 05:57:54 INFO  ContextHandler:907 - Started o.s.j.s.ServletContextHandler@7bede4ea{/stages/stage/kill,null,AVAILABLE,@Spark}
2025-10-17 05:57:54 INFO  ContextHandler:907 - Started o.s.j.s.ServletContextHandler@74431b9c{/metrics/json,null,AVAILABLE,@Spark}
2025-10-17 05:57:55 INFO  SparkConfig:30 - SparkSession успешно создан!
2025-10-17 05:57:55 INFO  SparkConfig:31 - Имя приложения: SpaceX-Spark-App
2025-10-17 05:57:55 INFO  SparkConfig:32 - Режим выполнения (master): local[*]
2025-10-17 05:57:55 INFO  SparkConfig:33 - Версия Spark: 4.0.1
2025-10-17 05:57:55 INFO  ContextHandler:907 - Started o.s.j.s.ServletContextHandler@343db2f6{/SQL,null,AVAILABLE,@Spark}
2025-10-17 05:57:55 INFO  ContextHandler:907 - Started o.s.j.s.ServletContextHandler@769b0752{/SQL/json,null,AVAILABLE,@Spark}
2025-10-17 05:57:55 INFO  ContextHandler:907 - Started o.s.j.s.ServletContextHandler@65db548{/SQL/execution,null,AVAILABLE,@Spark}
2025-10-17 05:57:55 INFO  ContextHandler:907 - Started o.s.j.s.ServletContextHandler@6e364f1f{/SQL/execution/json,null,AVAILABLE,@Spark}
2025-10-17 05:57:55 INFO  ContextHandler:907 - Started o.s.j.s.ServletContextHandler@280484c7{/static/sql,null,AVAILABLE,@Spark}
2025-10-17 05:57:58 INFO  LaunchRepository:26 - LaunchRepository инициализирован. Пустой Dataset создан.
2025-10-17 05:58:07 INFO  SpaceXService:31 - Отправка запроса к SpaceX API: https://api.spacexdata.com/v3/launches
2025-10-17 05:58:58 INFO  Server:479 - Stopped Server@7f3fc42f{STOPPING}[11.0.24,sto=30000]
2025-10-17 05:58:58 INFO  Server:135 - Shutdown Server@7f3fc42f{STOPPING}[11.0.24,sto=30000]
2025-10-17 05:58:58 INFO  AbstractConnector:431 - Stopped Spark@8f2f33f{HTTP/1.1, (http/1.1)}{0.0.0.0:4040}
2025-10-17 05:59:01 INFO  SparkConfig:17 - Инициализация SparkSession...
2025-10-17 05:59:15 WARN  Shell:746 - Did not find winutils.exe: java.io.FileNotFoundException: Hadoop bin directory does not exist: D:\SpaceXSpark\bin -see https://cwiki.apache.org/confluence/display/HADOOP2/WindowsProblems
2025-10-17 05:59:15 WARN  NativeCodeLoader:60 - Unable to load native-hadoop library for your platform... using builtin-java classes where applicable
2025-10-17 05:59:16 INFO  Server:384 - jetty-11.0.24; built: 2024-08-26T18:11:22.448Z; git: 5dfc59a691b748796f922208956bd1f2794bcd16; jvm 21.0.6+7-LTS
2025-10-17 05:59:16 INFO  Server:439 - Started Server@13866329{STARTING}[11.0.24,sto=30000] @16468ms
2025-10-17 05:59:16 INFO  AbstractConnector:376 - Started ServerConnector@5e149662{HTTP/1.1, (http/1.1)}{0.0.0.0:4040}
2025-10-17 05:59:17 INFO  ContextHandler:907 - Started o.s.j.s.ServletContextHandler@16bd7ae1{/,null,AVAILABLE,@Spark}
2025-10-17 05:59:17 INFO  ContextHandler:1123 - Stopped o.s.j.s.ServletContextHandler@16bd7ae1{/,null,STOPPED,@Spark}
2025-10-17 05:59:17 INFO  ContextHandler:907 - Started o.s.j.s.ServletContextHandler@22ae905f{/jobs,null,AVAILABLE,@Spark}
2025-10-17 05:59:17 INFO  ContextHandler:907 - Started o.s.j.s.ServletContextHandler@4fbaa7f5{/jobs/json,null,AVAILABLE,@Spark}
2025-10-17 05:59:17 INFO  ContextHandler:907 - Started o.s.j.s.ServletContextHandler@6d4a05f7{/jobs/job,null,AVAILABLE,@Spark}
2025-10-17 05:59:17 INFO  ContextHandler:907 - Started o.s.j.s.ServletContextHandler@4b476233{/jobs/job/json,null,AVAILABLE,@Spark}
2025-10-17 05:59:17 INFO  ContextHandler:907 - Started o.s.j.s.ServletContextHandler@4f235e8e{/stages,null,AVAILABLE,@Spark}
2025-10-17 05:59:17 INFO  ContextHandler:907 - Started o.s.j.s.ServletContextHandler@29dcdd1c{/stages/json,null,AVAILABLE,@Spark}
2025-10-17 05:59:17 INFO  ContextHandler:907 - Started o.s.j.s.ServletContextHandler@524f5ea5{/stages/stage,null,AVAILABLE,@Spark}
2025-10-17 05:59:17 INFO  ContextHandler:907 - Started o.s.j.s.ServletContextHandler@17134190{/stages/stage/json,null,AVAILABLE,@Spark}
2025-10-17 05:59:17 INFO  ContextHandler:907 - Started o.s.j.s.ServletContextHandler@5599b5bb{/stages/pool,null,AVAILABLE,@Spark}
2025-10-17 05:59:17 INFO  ContextHandler:907 - Started o.s.j.s.ServletContextHandler@4264beb8{/stages/pool/json,null,AVAILABLE,@Spark}
2025-10-17 05:59:17 INFO  ContextHandler:907 - Started o.s.j.s.ServletContextHandler@7cd3e0da{/stages/taskThreadDump,null,AVAILABLE,@Spark}
2025-10-17 05:59:17 INFO  ContextHandler:907 - Started o.s.j.s.ServletContextHandler@67e77f52{/stages/taskThreadDump/json,null,AVAILABLE,@Spark}
2025-10-17 05:59:17 INFO  ContextHandler:907 - Started o.s.j.s.ServletContextHandler@1d1bf7bf{/storage,null,AVAILABLE,@Spark}
2025-10-17 05:59:17 INFO  ContextHandler:907 - Started o.s.j.s.ServletContextHandler@4d43a1b7{/storage/json,null,AVAILABLE,@Spark}
2025-10-17 05:59:17 INFO  ContextHandler:907 - Started o.s.j.s.ServletContextHandler@19705650{/storage/rdd,null,AVAILABLE,@Spark}
2025-10-17 05:59:17 INFO  ContextHandler:907 - Started o.s.j.s.ServletContextHandler@4a660b34{/storage/rdd/json,null,AVAILABLE,@Spark}
2025-10-17 05:59:17 INFO  ContextHandler:907 - Started o.s.j.s.ServletContextHandler@2df3545d{/environment,null,AVAILABLE,@Spark}
2025-10-17 05:59:17 INFO  ContextHandler:907 - Started o.s.j.s.ServletContextHandler@fe8aaeb{/environment/json,null,AVAILABLE,@Spark}
2025-10-17 05:59:17 INFO  ContextHandler:907 - Started o.s.j.s.ServletContextHandler@5cf0673d{/executors,null,AVAILABLE,@Spark}
2025-10-17 05:59:17 INFO  ContextHandler:907 - Started o.s.j.s.ServletContextHandler@a323a5b{/executors/json,null,AVAILABLE,@Spark}
2025-10-17 05:59:17 INFO  ContextHandler:907 - Started o.s.j.s.ServletContextHandler@ad0bb4e{/executors/threadDump,null,AVAILABLE,@Spark}
2025-10-17 05:59:17 INFO  ContextHandler:907 - Started o.s.j.s.ServletContextHandler@6a6da47a{/executors/threadDump/json,null,AVAILABLE,@Spark}
2025-10-17 05:59:17 INFO  ContextHandler:907 - Started o.s.j.s.ServletContextHandler@7f642bf{/executors/heapHistogram,null,AVAILABLE,@Spark}
2025-10-17 05:59:17 INFO  ContextHandler:907 - Started o.s.j.s.ServletContextHandler@44aa91e2{/executors/heapHistogram/json,null,AVAILABLE,@Spark}
2025-10-17 05:59:17 INFO  ContextHandler:907 - Started o.s.j.s.ServletContextHandler@650a1aff{/static,null,AVAILABLE,@Spark}
2025-10-17 05:59:17 INFO  ContextHandler:907 - Started o.s.j.s.ServletContextHandler@5dfc2a4{/,null,AVAILABLE,@Spark}
2025-10-17 05:59:17 INFO  ContextHandler:907 - Started o.s.j.s.ServletContextHandler@781c2497{/api,null,AVAILABLE,@Spark}
2025-10-17 05:59:17 INFO  ContextHandler:907 - Started o.s.j.s.ServletContextHandler@239b98cb{/metrics,null,AVAILABLE,@Spark}
2025-10-17 05:59:17 INFO  ContextHandler:907 - Started o.s.j.s.ServletContextHandler@49038f97{/jobs/job/kill,null,AVAILABLE,@Spark}
2025-10-17 05:59:17 INFO  ContextHandler:907 - Started o.s.j.s.ServletContextHandler@7ef41ca2{/stages/stage/kill,null,AVAILABLE,@Spark}
2025-10-17 05:59:17 INFO  ContextHandler:907 - Started o.s.j.s.ServletContextHandler@4b4927e5{/metrics/json,null,AVAILABLE,@Spark}
2025-10-17 05:59:18 INFO  SparkConfig:30 - SparkSession успешно создан!
2025-10-17 05:59:18 INFO  SparkConfig:31 - Имя приложения: SpaceX-Spark-App
2025-10-17 05:59:18 INFO  SparkConfig:32 - Режим выполнения (master): local[*]
2025-10-17 05:59:18 INFO  SparkConfig:33 - Версия Spark: 4.0.1
2025-10-17 05:59:18 INFO  ContextHandler:907 - Started o.s.j.s.ServletContextHandler@2ffb0d10{/SQL,null,AVAILABLE,@Spark}
2025-10-17 05:59:18 INFO  ContextHandler:907 - Started o.s.j.s.ServletContextHandler@3e9fb485{/SQL/json,null,AVAILABLE,@Spark}
2025-10-17 05:59:18 INFO  ContextHandler:907 - Started o.s.j.s.ServletContextHandler@63e70bf9{/SQL/execution,null,AVAILABLE,@Spark}
2025-10-17 05:59:18 INFO  ContextHandler:907 - Started o.s.j.s.ServletContextHandler@419f0ea{/SQL/execution/json,null,AVAILABLE,@Spark}
2025-10-17 05:59:18 INFO  ContextHandler:907 - Started o.s.j.s.ServletContextHandler@87aec6a{/static/sql,null,AVAILABLE,@Spark}
2025-10-17 05:59:20 INFO  LaunchRepository:26 - LaunchRepository инициализирован. Пустой Dataset создан.
2025-10-17 05:59:24 INFO  SpaceXService:31 - Отправка запроса к SpaceX API: https://api.spacexdata.com/v3/launches
2025-10-17 06:00:39 INFO  Server:479 - Stopped Server@13866329{STOPPING}[11.0.24,sto=30000]
2025-10-17 06:00:39 INFO  Server:135 - Shutdown Server@13866329{STOPPING}[11.0.24,sto=30000]
2025-10-17 06:00:39 INFO  AbstractConnector:431 - Stopped Spark@5e149662{HTTP/1.1, (http/1.1)}{0.0.0.0:4040}
2025-10-17 06:00:42 INFO  SparkConfig:17 - Инициализация SparkSession...
2025-10-17 06:00:49 WARN  Shell:746 - Did not find winutils.exe: java.io.FileNotFoundException: Hadoop bin directory does not exist: D:\SpaceXSpark\bin -see https://cwiki.apache.org/confluence/display/HADOOP2/WindowsProblems
2025-10-17 06:00:49 WARN  NativeCodeLoader:60 - Unable to load native-hadoop library for your platform... using builtin-java classes where applicable
2025-10-17 06:00:51 INFO  Server:384 - jetty-11.0.24; built: 2024-08-26T18:11:22.448Z; git: 5dfc59a691b748796f922208956bd1f2794bcd16; jvm 21.0.6+7-LTS
2025-10-17 06:00:51 INFO  Server:439 - Started Server@13866329{STARTING}[11.0.24,sto=30000] @9615ms
2025-10-17 06:00:51 INFO  AbstractConnector:376 - Started ServerConnector@5e149662{HTTP/1.1, (http/1.1)}{0.0.0.0:4040}
2025-10-17 06:00:51 INFO  ContextHandler:907 - Started o.s.j.s.ServletContextHandler@16bd7ae1{/,null,AVAILABLE,@Spark}
2025-10-17 06:00:51 INFO  ContextHandler:1123 - Stopped o.s.j.s.ServletContextHandler@16bd7ae1{/,null,STOPPED,@Spark}
2025-10-17 06:00:51 INFO  ContextHandler:907 - Started o.s.j.s.ServletContextHandler@22ae905f{/jobs,null,AVAILABLE,@Spark}
2025-10-17 06:00:51 INFO  ContextHandler:907 - Started o.s.j.s.ServletContextHandler@4fbaa7f5{/jobs/json,null,AVAILABLE,@Spark}
2025-10-17 06:00:51 INFO  ContextHandler:907 - Started o.s.j.s.ServletContextHandler@6d4a05f7{/jobs/job,null,AVAILABLE,@Spark}
2025-10-17 06:00:51 INFO  ContextHandler:907 - Started o.s.j.s.ServletContextHandler@4b476233{/jobs/job/json,null,AVAILABLE,@Spark}
2025-10-17 06:00:51 INFO  ContextHandler:907 - Started o.s.j.s.ServletContextHandler@4f235e8e{/stages,null,AVAILABLE,@Spark}
2025-10-17 06:00:51 INFO  ContextHandler:907 - Started o.s.j.s.ServletContextHandler@29dcdd1c{/stages/json,null,AVAILABLE,@Spark}
2025-10-17 06:00:51 INFO  ContextHandler:907 - Started o.s.j.s.ServletContextHandler@524f5ea5{/stages/stage,null,AVAILABLE,@Spark}
2025-10-17 06:00:51 INFO  ContextHandler:907 - Started o.s.j.s.ServletContextHandler@17134190{/stages/stage/json,null,AVAILABLE,@Spark}
2025-10-17 06:00:51 INFO  ContextHandler:907 - Started o.s.j.s.ServletContextHandler@5599b5bb{/stages/pool,null,AVAILABLE,@Spark}
2025-10-17 06:00:51 INFO  ContextHandler:907 - Started o.s.j.s.ServletContextHandler@4264beb8{/stages/pool/json,null,AVAILABLE,@Spark}
2025-10-17 06:00:51 INFO  ContextHandler:907 - Started o.s.j.s.ServletContextHandler@7cd3e0da{/stages/taskThreadDump,null,AVAILABLE,@Spark}
2025-10-17 06:00:51 INFO  ContextHandler:907 - Started o.s.j.s.ServletContextHandler@67e77f52{/stages/taskThreadDump/json,null,AVAILABLE,@Spark}
2025-10-17 06:00:51 INFO  ContextHandler:907 - Started o.s.j.s.ServletContextHandler@1d1bf7bf{/storage,null,AVAILABLE,@Spark}
2025-10-17 06:00:51 INFO  ContextHandler:907 - Started o.s.j.s.ServletContextHandler@4d43a1b7{/storage/json,null,AVAILABLE,@Spark}
2025-10-17 06:00:51 INFO  ContextHandler:907 - Started o.s.j.s.ServletContextHandler@19705650{/storage/rdd,null,AVAILABLE,@Spark}
2025-10-17 06:00:51 INFO  ContextHandler:907 - Started o.s.j.s.ServletContextHandler@4a660b34{/storage/rdd/json,null,AVAILABLE,@Spark}
2025-10-17 06:00:51 INFO  ContextHandler:907 - Started o.s.j.s.ServletContextHandler@2df3545d{/environment,null,AVAILABLE,@Spark}
2025-10-17 06:00:51 INFO  ContextHandler:907 - Started o.s.j.s.ServletContextHandler@fe8aaeb{/environment/json,null,AVAILABLE,@Spark}
2025-10-17 06:00:51 INFO  ContextHandler:907 - Started o.s.j.s.ServletContextHandler@5cf0673d{/executors,null,AVAILABLE,@Spark}
2025-10-17 06:00:51 INFO  ContextHandler:907 - Started o.s.j.s.ServletContextHandler@a323a5b{/executors/json,null,AVAILABLE,@Spark}
2025-10-17 06:00:51 INFO  ContextHandler:907 - Started o.s.j.s.ServletContextHandler@ad0bb4e{/executors/threadDump,null,AVAILABLE,@Spark}
2025-10-17 06:00:51 INFO  ContextHandler:907 - Started o.s.j.s.ServletContextHandler@6a6da47a{/executors/threadDump/json,null,AVAILABLE,@Spark}
2025-10-17 06:00:51 INFO  ContextHandler:907 - Started o.s.j.s.ServletContextHandler@7f642bf{/executors/heapHistogram,null,AVAILABLE,@Spark}
2025-10-17 06:00:51 INFO  ContextHandler:907 - Started o.s.j.s.ServletContextHandler@44aa91e2{/executors/heapHistogram/json,null,AVAILABLE,@Spark}
2025-10-17 06:00:51 INFO  ContextHandler:907 - Started o.s.j.s.ServletContextHandler@650a1aff{/static,null,AVAILABLE,@Spark}
2025-10-17 06:00:51 INFO  ContextHandler:907 - Started o.s.j.s.ServletContextHandler@5dfc2a4{/,null,AVAILABLE,@Spark}
2025-10-17 06:00:52 INFO  ContextHandler:907 - Started o.s.j.s.ServletContextHandler@781c2497{/api,null,AVAILABLE,@Spark}
2025-10-17 06:00:52 INFO  ContextHandler:907 - Started o.s.j.s.ServletContextHandler@239b98cb{/metrics,null,AVAILABLE,@Spark}
2025-10-17 06:00:52 INFO  ContextHandler:907 - Started o.s.j.s.ServletContextHandler@49038f97{/jobs/job/kill,null,AVAILABLE,@Spark}
2025-10-17 06:00:52 INFO  ContextHandler:907 - Started o.s.j.s.ServletContextHandler@7ef41ca2{/stages/stage/kill,null,AVAILABLE,@Spark}
2025-10-17 06:00:52 INFO  ContextHandler:907 - Started o.s.j.s.ServletContextHandler@4b4927e5{/metrics/json,null,AVAILABLE,@Spark}
2025-10-17 06:00:52 INFO  SparkConfig:30 - SparkSession успешно создан!
2025-10-17 06:00:52 INFO  SparkConfig:31 - Имя приложения: SpaceX-Spark-App
2025-10-17 06:00:52 INFO  SparkConfig:32 - Режим выполнения (master): local[*]
2025-10-17 06:00:52 INFO  SparkConfig:33 - Версия Spark: 4.0.1
2025-10-17 06:00:52 INFO  ContextHandler:907 - Started o.s.j.s.ServletContextHandler@2ffb0d10{/SQL,null,AVAILABLE,@Spark}
2025-10-17 06:00:52 INFO  ContextHandler:907 - Started o.s.j.s.ServletContextHandler@3e9fb485{/SQL/json,null,AVAILABLE,@Spark}
2025-10-17 06:00:52 INFO  ContextHandler:907 - Started o.s.j.s.ServletContextHandler@63e70bf9{/SQL/execution,null,AVAILABLE,@Spark}
2025-10-17 06:00:52 INFO  ContextHandler:907 - Started o.s.j.s.ServletContextHandler@419f0ea{/SQL/execution/json,null,AVAILABLE,@Spark}
2025-10-17 06:00:52 INFO  ContextHandler:907 - Started o.s.j.s.ServletContextHandler@87aec6a{/static/sql,null,AVAILABLE,@Spark}
2025-10-17 06:00:54 INFO  LaunchRepository:26 - LaunchRepository инициализирован. Пустой Dataset создан.
2025-10-17 06:00:58 INFO  SpaceXService:31 - Отправка запроса к SpaceX API: https://api.spacexdata.com/v3/launches
2025-10-17 06:01:14 INFO  SpaceXService:47 - Получено 111 запусков
2025-10-17 06:01:14 INFO  LaunchRepository:31 - Сохраняем список запусков, размер: 111
2025-10-17 06:01:19 INFO  LaunchRepository:34 - Список запусков добавлен. Текущее количество запусков: 111
2025-10-17 06:01:50 INFO  LaunchRepository:71 - Читаем все запуски. Всего: 111
2025-10-17 06:05:02 INFO  Server:479 - Stopped Server@13866329{STOPPING}[11.0.24,sto=30000]
2025-10-17 06:05:02 INFO  Server:135 - Shutdown Server@13866329{STOPPING}[11.0.24,sto=30000]
2025-10-17 06:05:02 INFO  AbstractConnector:431 - Stopped Spark@5e149662{HTTP/1.1, (http/1.1)}{0.0.0.0:4040}
2025-11-05 18:25:02 INFO  SparkConfig:17 - Инициализация SparkSession...
2025-11-05 18:25:03 WARN  Shell:746 - Did not find winutils.exe: java.io.FileNotFoundException: Hadoop bin directory does not exist: D:\SpaceXSpark\bin -see https://cwiki.apache.org/confluence/display/HADOOP2/WindowsProblems
2025-11-05 18:25:03 WARN  NativeCodeLoader:60 - Unable to load native-hadoop library for your platform... using builtin-java classes where applicable
2025-11-05 18:25:03 INFO  Server:384 - jetty-11.0.24; built: 2024-08-26T18:11:22.448Z; git: 5dfc59a691b748796f922208956bd1f2794bcd16; jvm 21.0.6+7-LTS
2025-11-05 18:25:03 INFO  Server:439 - Started Server@24876a7e{STARTING}[11.0.24,sto=30000] @2017ms
2025-11-05 18:25:03 INFO  AbstractConnector:376 - Started ServerConnector@1db64963{HTTP/1.1, (http/1.1)}{0.0.0.0:4040}
2025-11-05 18:25:03 INFO  ContextHandler:907 - Started o.s.j.s.ServletContextHandler@391515c7{/,null,AVAILABLE,@Spark}
2025-11-05 18:25:04 INFO  ContextHandler:1123 - Stopped o.s.j.s.ServletContextHandler@391515c7{/,null,STOPPED,@Spark}
2025-11-05 18:25:04 INFO  ContextHandler:907 - Started o.s.j.s.ServletContextHandler@538b3c88{/jobs,null,AVAILABLE,@Spark}
2025-11-05 18:25:04 INFO  ContextHandler:907 - Started o.s.j.s.ServletContextHandler@10e56da9{/jobs/json,null,AVAILABLE,@Spark}
2025-11-05 18:25:04 INFO  ContextHandler:907 - Started o.s.j.s.ServletContextHandler@22ae905f{/jobs/job,null,AVAILABLE,@Spark}
2025-11-05 18:25:04 INFO  ContextHandler:907 - Started o.s.j.s.ServletContextHandler@4fbaa7f5{/jobs/job/json,null,AVAILABLE,@Spark}
2025-11-05 18:25:04 INFO  ContextHandler:907 - Started o.s.j.s.ServletContextHandler@6d4a05f7{/stages,null,AVAILABLE,@Spark}
2025-11-05 18:25:04 INFO  ContextHandler:907 - Started o.s.j.s.ServletContextHandler@4b476233{/stages/json,null,AVAILABLE,@Spark}
2025-11-05 18:25:04 INFO  ContextHandler:907 - Started o.s.j.s.ServletContextHandler@4f235e8e{/stages/stage,null,AVAILABLE,@Spark}
2025-11-05 18:25:04 INFO  ContextHandler:907 - Started o.s.j.s.ServletContextHandler@29dcdd1c{/stages/stage/json,null,AVAILABLE,@Spark}
2025-11-05 18:25:04 INFO  ContextHandler:907 - Started o.s.j.s.ServletContextHandler@524f5ea5{/stages/pool,null,AVAILABLE,@Spark}
2025-11-05 18:25:04 INFO  ContextHandler:907 - Started o.s.j.s.ServletContextHandler@17134190{/stages/pool/json,null,AVAILABLE,@Spark}
2025-11-05 18:25:04 INFO  ContextHandler:907 - Started o.s.j.s.ServletContextHandler@5599b5bb{/stages/taskThreadDump,null,AVAILABLE,@Spark}
2025-11-05 18:25:04 INFO  ContextHandler:907 - Started o.s.j.s.ServletContextHandler@4264beb8{/stages/taskThreadDump/json,null,AVAILABLE,@Spark}
2025-11-05 18:25:04 INFO  ContextHandler:907 - Started o.s.j.s.ServletContextHandler@7cd3e0da{/storage,null,AVAILABLE,@Spark}
2025-11-05 18:25:04 INFO  ContextHandler:907 - Started o.s.j.s.ServletContextHandler@67e77f52{/storage/json,null,AVAILABLE,@Spark}
2025-11-05 18:25:04 INFO  ContextHandler:907 - Started o.s.j.s.ServletContextHandler@1d1bf7bf{/storage/rdd,null,AVAILABLE,@Spark}
2025-11-05 18:25:04 INFO  ContextHandler:907 - Started o.s.j.s.ServletContextHandler@4d43a1b7{/storage/rdd/json,null,AVAILABLE,@Spark}
2025-11-05 18:25:04 INFO  ContextHandler:907 - Started o.s.j.s.ServletContextHandler@19705650{/environment,null,AVAILABLE,@Spark}
2025-11-05 18:25:04 INFO  ContextHandler:907 - Started o.s.j.s.ServletContextHandler@4a660b34{/environment/json,null,AVAILABLE,@Spark}
2025-11-05 18:25:04 INFO  ContextHandler:907 - Started o.s.j.s.ServletContextHandler@2df3545d{/executors,null,AVAILABLE,@Spark}
2025-11-05 18:25:04 INFO  ContextHandler:907 - Started o.s.j.s.ServletContextHandler@fe8aaeb{/executors/json,null,AVAILABLE,@Spark}
2025-11-05 18:25:04 INFO  ContextHandler:907 - Started o.s.j.s.ServletContextHandler@5cf0673d{/executors/threadDump,null,AVAILABLE,@Spark}
2025-11-05 18:25:04 INFO  ContextHandler:907 - Started o.s.j.s.ServletContextHandler@a323a5b{/executors/threadDump/json,null,AVAILABLE,@Spark}
2025-11-05 18:25:04 INFO  ContextHandler:907 - Started o.s.j.s.ServletContextHandler@ad0bb4e{/executors/heapHistogram,null,AVAILABLE,@Spark}
2025-11-05 18:25:04 INFO  ContextHandler:907 - Started o.s.j.s.ServletContextHandler@6a6da47a{/executors/heapHistogram/json,null,AVAILABLE,@Spark}
2025-11-05 18:25:04 INFO  ContextHandler:907 - Started o.s.j.s.ServletContextHandler@7f642bf{/static,null,AVAILABLE,@Spark}
2025-11-05 18:25:04 INFO  ContextHandler:907 - Started o.s.j.s.ServletContextHandler@42107318{/,null,AVAILABLE,@Spark}
2025-11-05 18:25:04 INFO  ContextHandler:907 - Started o.s.j.s.ServletContextHandler@5d829ef0{/api,null,AVAILABLE,@Spark}
2025-11-05 18:25:04 INFO  ContextHandler:907 - Started o.s.j.s.ServletContextHandler@7a1371{/metrics,null,AVAILABLE,@Spark}
2025-11-05 18:25:04 INFO  ContextHandler:907 - Started o.s.j.s.ServletContextHandler@73aaec54{/jobs/job/kill,null,AVAILABLE,@Spark}
2025-11-05 18:25:04 INFO  ContextHandler:907 - Started o.s.j.s.ServletContextHandler@117b2cc6{/stages/stage/kill,null,AVAILABLE,@Spark}
2025-11-05 18:25:04 INFO  ContextHandler:907 - Started o.s.j.s.ServletContextHandler@3d4ecc67{/metrics/json,null,AVAILABLE,@Spark}
2025-11-05 18:25:04 INFO  SparkConfig:27 - SparkSession успешно создан!
2025-11-05 18:25:04 INFO  SparkConfig:28 - Имя приложения: SpaceX-Spark-App
2025-11-05 18:25:04 INFO  SparkConfig:29 - Режим выполнения (master): local[*]
2025-11-05 18:25:04 INFO  SparkConfig:30 - Версия Spark: 4.0.1
2025-11-05 18:25:04 INFO  ContextHandler:907 - Started o.s.j.s.ServletContextHandler@13dc6649{/SQL,null,AVAILABLE,@Spark}
2025-11-05 18:25:04 INFO  ContextHandler:907 - Started o.s.j.s.ServletContextHandler@250a946{/SQL/json,null,AVAILABLE,@Spark}
2025-11-05 18:25:04 INFO  ContextHandler:907 - Started o.s.j.s.ServletContextHandler@4f3fec43{/SQL/execution,null,AVAILABLE,@Spark}
2025-11-05 18:25:04 INFO  ContextHandler:907 - Started o.s.j.s.ServletContextHandler@10f20d38{/SQL/execution/json,null,AVAILABLE,@Spark}
2025-11-05 18:25:04 INFO  ContextHandler:907 - Started o.s.j.s.ServletContextHandler@48106381{/static/sql,null,AVAILABLE,@Spark}
2025-11-05 18:25:05 INFO  LaunchRepository:26 - LaunchRepository инициализирован. Пустой Dataset создан.
2025-11-05 18:28:12 INFO  Server:479 - Stopped Server@24876a7e{STOPPING}[11.0.24,sto=30000]
2025-11-05 18:28:12 INFO  Server:135 - Shutdown Server@24876a7e{STOPPING}[11.0.24,sto=30000]
2025-11-05 18:28:12 INFO  AbstractConnector:431 - Stopped Spark@1db64963{HTTP/1.1, (http/1.1)}{0.0.0.0:4040}
2025-11-05 18:28:17 INFO  SparkConfig:17 - Инициализация SparkSession...
2025-11-05 18:28:18 WARN  Shell:746 - Did not find winutils.exe: java.io.FileNotFoundException: Hadoop bin directory does not exist: D:\SpaceXSpark\bin -see https://cwiki.apache.org/confluence/display/HADOOP2/WindowsProblems
2025-11-05 18:28:18 WARN  NativeCodeLoader:60 - Unable to load native-hadoop library for your platform... using builtin-java classes where applicable
2025-11-05 18:28:18 INFO  Server:384 - jetty-11.0.24; built: 2024-08-26T18:11:22.448Z; git: 5dfc59a691b748796f922208956bd1f2794bcd16; jvm 21.0.6+7-LTS
2025-11-05 18:28:18 INFO  Server:439 - Started Server@24876a7e{STARTING}[11.0.24,sto=30000] @2302ms
2025-11-05 18:28:18 INFO  AbstractConnector:376 - Started ServerConnector@313ec5a6{HTTP/1.1, (http/1.1)}{0.0.0.0:4040}
2025-11-05 18:28:18 INFO  ContextHandler:907 - Started o.s.j.s.ServletContextHandler@391515c7{/,null,AVAILABLE,@Spark}
2025-11-05 18:28:19 INFO  ContextHandler:1123 - Stopped o.s.j.s.ServletContextHandler@391515c7{/,null,STOPPED,@Spark}
2025-11-05 18:28:19 INFO  ContextHandler:907 - Started o.s.j.s.ServletContextHandler@538b3c88{/jobs,null,AVAILABLE,@Spark}
2025-11-05 18:28:19 INFO  ContextHandler:907 - Started o.s.j.s.ServletContextHandler@10e56da9{/jobs/json,null,AVAILABLE,@Spark}
2025-11-05 18:28:19 INFO  ContextHandler:907 - Started o.s.j.s.ServletContextHandler@22ae905f{/jobs/job,null,AVAILABLE,@Spark}
2025-11-05 18:28:19 INFO  ContextHandler:907 - Started o.s.j.s.ServletContextHandler@4fbaa7f5{/jobs/job/json,null,AVAILABLE,@Spark}
2025-11-05 18:28:19 INFO  ContextHandler:907 - Started o.s.j.s.ServletContextHandler@6d4a05f7{/stages,null,AVAILABLE,@Spark}
2025-11-05 18:28:19 INFO  ContextHandler:907 - Started o.s.j.s.ServletContextHandler@4b476233{/stages/json,null,AVAILABLE,@Spark}
2025-11-05 18:28:19 INFO  ContextHandler:907 - Started o.s.j.s.ServletContextHandler@4f235e8e{/stages/stage,null,AVAILABLE,@Spark}
2025-11-05 18:28:19 INFO  ContextHandler:907 - Started o.s.j.s.ServletContextHandler@29dcdd1c{/stages/stage/json,null,AVAILABLE,@Spark}
2025-11-05 18:28:19 INFO  ContextHandler:907 - Started o.s.j.s.ServletContextHandler@524f5ea5{/stages/pool,null,AVAILABLE,@Spark}
2025-11-05 18:28:19 INFO  ContextHandler:907 - Started o.s.j.s.ServletContextHandler@17134190{/stages/pool/json,null,AVAILABLE,@Spark}
2025-11-05 18:28:19 INFO  ContextHandler:907 - Started o.s.j.s.ServletContextHandler@5599b5bb{/stages/taskThreadDump,null,AVAILABLE,@Spark}
2025-11-05 18:28:19 INFO  ContextHandler:907 - Started o.s.j.s.ServletContextHandler@4264beb8{/stages/taskThreadDump/json,null,AVAILABLE,@Spark}
2025-11-05 18:28:19 INFO  ContextHandler:907 - Started o.s.j.s.ServletContextHandler@7cd3e0da{/storage,null,AVAILABLE,@Spark}
2025-11-05 18:28:19 INFO  ContextHandler:907 - Started o.s.j.s.ServletContextHandler@67e77f52{/storage/json,null,AVAILABLE,@Spark}
2025-11-05 18:28:19 INFO  ContextHandler:907 - Started o.s.j.s.ServletContextHandler@1d1bf7bf{/storage/rdd,null,AVAILABLE,@Spark}
2025-11-05 18:28:19 INFO  ContextHandler:907 - Started o.s.j.s.ServletContextHandler@4d43a1b7{/storage/rdd/json,null,AVAILABLE,@Spark}
2025-11-05 18:28:19 INFO  ContextHandler:907 - Started o.s.j.s.ServletContextHandler@19705650{/environment,null,AVAILABLE,@Spark}
2025-11-05 18:28:19 INFO  ContextHandler:907 - Started o.s.j.s.ServletContextHandler@4a660b34{/environment/json,null,AVAILABLE,@Spark}
2025-11-05 18:28:19 INFO  ContextHandler:907 - Started o.s.j.s.ServletContextHandler@2df3545d{/executors,null,AVAILABLE,@Spark}
2025-11-05 18:28:19 INFO  ContextHandler:907 - Started o.s.j.s.ServletContextHandler@fe8aaeb{/executors/json,null,AVAILABLE,@Spark}
2025-11-05 18:28:19 INFO  ContextHandler:907 - Started o.s.j.s.ServletContextHandler@5cf0673d{/executors/threadDump,null,AVAILABLE,@Spark}
2025-11-05 18:28:19 INFO  ContextHandler:907 - Started o.s.j.s.ServletContextHandler@a323a5b{/executors/threadDump/json,null,AVAILABLE,@Spark}
2025-11-05 18:28:19 INFO  ContextHandler:907 - Started o.s.j.s.ServletContextHandler@ad0bb4e{/executors/heapHistogram,null,AVAILABLE,@Spark}
2025-11-05 18:28:19 INFO  ContextHandler:907 - Started o.s.j.s.ServletContextHandler@6a6da47a{/executors/heapHistogram/json,null,AVAILABLE,@Spark}
2025-11-05 18:28:19 INFO  ContextHandler:907 - Started o.s.j.s.ServletContextHandler@7f642bf{/static,null,AVAILABLE,@Spark}
2025-11-05 18:28:19 INFO  ContextHandler:907 - Started o.s.j.s.ServletContextHandler@42107318{/,null,AVAILABLE,@Spark}
2025-11-05 18:28:19 INFO  ContextHandler:907 - Started o.s.j.s.ServletContextHandler@5d829ef0{/api,null,AVAILABLE,@Spark}
2025-11-05 18:28:19 INFO  ContextHandler:907 - Started o.s.j.s.ServletContextHandler@7a1371{/metrics,null,AVAILABLE,@Spark}
2025-11-05 18:28:19 INFO  ContextHandler:907 - Started o.s.j.s.ServletContextHandler@73aaec54{/jobs/job/kill,null,AVAILABLE,@Spark}
2025-11-05 18:28:19 INFO  ContextHandler:907 - Started o.s.j.s.ServletContextHandler@117b2cc6{/stages/stage/kill,null,AVAILABLE,@Spark}
2025-11-05 18:28:19 INFO  ContextHandler:907 - Started o.s.j.s.ServletContextHandler@3d4ecc67{/metrics/json,null,AVAILABLE,@Spark}
2025-11-05 18:28:19 INFO  SparkConfig:27 - SparkSession успешно создан!
2025-11-05 18:28:19 INFO  SparkConfig:28 - Имя приложения: SpaceX-Spark-App
2025-11-05 18:28:19 INFO  SparkConfig:29 - Режим выполнения (master): local[*]
2025-11-05 18:28:19 INFO  SparkConfig:30 - Версия Spark: 4.0.1
2025-11-05 18:28:19 INFO  ContextHandler:907 - Started o.s.j.s.ServletContextHandler@13dc6649{/SQL,null,AVAILABLE,@Spark}
2025-11-05 18:28:19 INFO  ContextHandler:907 - Started o.s.j.s.ServletContextHandler@250a946{/SQL/json,null,AVAILABLE,@Spark}
2025-11-05 18:28:19 INFO  ContextHandler:907 - Started o.s.j.s.ServletContextHandler@4f3fec43{/SQL/execution,null,AVAILABLE,@Spark}
2025-11-05 18:28:19 INFO  ContextHandler:907 - Started o.s.j.s.ServletContextHandler@10f20d38{/SQL/execution/json,null,AVAILABLE,@Spark}
2025-11-05 18:28:19 INFO  ContextHandler:907 - Started o.s.j.s.ServletContextHandler@48106381{/static/sql,null,AVAILABLE,@Spark}
2025-11-05 18:28:20 INFO  LaunchRepository:26 - LaunchRepository инициализирован. Пустой Dataset создан.
2025-11-05 18:28:22 INFO  SpaceXService:31 - Отправка запроса к SpaceX API: https://api.spacexdata.com/v3/launches
2025-11-05 18:29:47 INFO  Server:479 - Stopped Server@24876a7e{STOPPING}[11.0.24,sto=30000]
2025-11-05 18:29:47 INFO  Server:135 - Shutdown Server@24876a7e{STOPPING}[11.0.24,sto=30000]
2025-11-05 18:29:47 INFO  AbstractConnector:431 - Stopped Spark@313ec5a6{HTTP/1.1, (http/1.1)}{0.0.0.0:4040}
2025-11-05 18:30:46 INFO  SparkConfig:17 - Инициализация SparkSession...
2025-11-05 18:37:31 INFO  SparkConfig:17 - Инициализация SparkSession...
2025-11-05 18:37:32 WARN  Shell:746 - Did not find winutils.exe: java.io.FileNotFoundException: java.io.FileNotFoundException: HADOOP_HOME and hadoop.home.dir are unset. -see https://cwiki.apache.org/confluence/display/HADOOP2/WindowsProblems
2025-11-05 18:37:32 WARN  NativeCodeLoader:60 - Unable to load native-hadoop library for your platform... using builtin-java classes where applicable
2025-11-05 18:37:33 INFO  Server:384 - jetty-11.0.24; built: 2024-08-26T18:11:22.448Z; git: 5dfc59a691b748796f922208956bd1f2794bcd16; jvm 21.0.6+7-LTS
2025-11-05 18:37:33 INFO  Server:439 - Started Server@1ea930eb{STARTING}[11.0.24,sto=30000] @2303ms
2025-11-05 18:37:33 INFO  AbstractConnector:376 - Started ServerConnector@6f0518e7{HTTP/1.1, (http/1.1)}{0.0.0.0:4040}
2025-11-05 18:37:33 INFO  ContextHandler:907 - Started o.s.j.s.ServletContextHandler@4e17442f{/,null,AVAILABLE,@Spark}
2025-11-05 18:37:33 INFO  ContextHandler:1123 - Stopped o.s.j.s.ServletContextHandler@4e17442f{/,null,STOPPED,@Spark}
2025-11-05 18:37:33 INFO  ContextHandler:907 - Started o.s.j.s.ServletContextHandler@2bfa17b0{/jobs,null,AVAILABLE,@Spark}
2025-11-05 18:37:33 INFO  ContextHandler:907 - Started o.s.j.s.ServletContextHandler@559fd5ec{/jobs/json,null,AVAILABLE,@Spark}
2025-11-05 18:37:33 INFO  ContextHandler:907 - Started o.s.j.s.ServletContextHandler@708dfe10{/jobs/job,null,AVAILABLE,@Spark}
2025-11-05 18:37:33 INFO  ContextHandler:907 - Started o.s.j.s.ServletContextHandler@2a120c88{/jobs/job/json,null,AVAILABLE,@Spark}
2025-11-05 18:37:33 INFO  ContextHandler:907 - Started o.s.j.s.ServletContextHandler@3739f3c9{/stages,null,AVAILABLE,@Spark}
2025-11-05 18:37:33 INFO  ContextHandler:907 - Started o.s.j.s.ServletContextHandler@40fe8fd5{/stages/json,null,AVAILABLE,@Spark}
2025-11-05 18:37:33 INFO  ContextHandler:907 - Started o.s.j.s.ServletContextHandler@4fa0ee7e{/stages/stage,null,AVAILABLE,@Spark}
2025-11-05 18:37:33 INFO  ContextHandler:907 - Started o.s.j.s.ServletContextHandler@141bb6b8{/stages/stage/json,null,AVAILABLE,@Spark}
2025-11-05 18:37:33 INFO  ContextHandler:907 - Started o.s.j.s.ServletContextHandler@1410d645{/stages/pool,null,AVAILABLE,@Spark}
2025-11-05 18:37:33 INFO  ContextHandler:907 - Started o.s.j.s.ServletContextHandler@5aa6da2{/stages/pool/json,null,AVAILABLE,@Spark}
2025-11-05 18:37:33 INFO  ContextHandler:907 - Started o.s.j.s.ServletContextHandler@13908f9c{/stages/taskThreadDump,null,AVAILABLE,@Spark}
2025-11-05 18:37:33 INFO  ContextHandler:907 - Started o.s.j.s.ServletContextHandler@640a8f93{/stages/taskThreadDump/json,null,AVAILABLE,@Spark}
2025-11-05 18:37:33 INFO  ContextHandler:907 - Started o.s.j.s.ServletContextHandler@74ce7fdf{/storage,null,AVAILABLE,@Spark}
2025-11-05 18:37:33 INFO  ContextHandler:907 - Started o.s.j.s.ServletContextHandler@2f60cbf2{/storage/json,null,AVAILABLE,@Spark}
2025-11-05 18:37:33 INFO  ContextHandler:907 - Started o.s.j.s.ServletContextHandler@642c72cf{/storage/rdd,null,AVAILABLE,@Spark}
2025-11-05 18:37:33 INFO  ContextHandler:907 - Started o.s.j.s.ServletContextHandler@67fac095{/storage/rdd/json,null,AVAILABLE,@Spark}
2025-11-05 18:37:33 INFO  ContextHandler:907 - Started o.s.j.s.ServletContextHandler@5dae5a70{/environment,null,AVAILABLE,@Spark}
2025-11-05 18:37:33 INFO  ContextHandler:907 - Started o.s.j.s.ServletContextHandler@47c96f2c{/environment/json,null,AVAILABLE,@Spark}
2025-11-05 18:37:33 INFO  ContextHandler:907 - Started o.s.j.s.ServletContextHandler@2dc21583{/executors,null,AVAILABLE,@Spark}
2025-11-05 18:37:33 INFO  ContextHandler:907 - Started o.s.j.s.ServletContextHandler@60816371{/executors/json,null,AVAILABLE,@Spark}
2025-11-05 18:37:33 INFO  ContextHandler:907 - Started o.s.j.s.ServletContextHandler@5ad6f98e{/executors/threadDump,null,AVAILABLE,@Spark}
2025-11-05 18:37:33 INFO  ContextHandler:907 - Started o.s.j.s.ServletContextHandler@3316527e{/executors/threadDump/json,null,AVAILABLE,@Spark}
2025-11-05 18:37:33 INFO  ContextHandler:907 - Started o.s.j.s.ServletContextHandler@15186ce0{/executors/heapHistogram,null,AVAILABLE,@Spark}
2025-11-05 18:37:33 INFO  ContextHandler:907 - Started o.s.j.s.ServletContextHandler@75dd0f94{/executors/heapHistogram/json,null,AVAILABLE,@Spark}
2025-11-05 18:37:33 INFO  ContextHandler:907 - Started o.s.j.s.ServletContextHandler@249b54af{/static,null,AVAILABLE,@Spark}
2025-11-05 18:37:33 INFO  ContextHandler:907 - Started o.s.j.s.ServletContextHandler@7b5833ee{/,null,AVAILABLE,@Spark}
2025-11-05 18:37:33 INFO  ContextHandler:907 - Started o.s.j.s.ServletContextHandler@27261190{/api,null,AVAILABLE,@Spark}
2025-11-05 18:37:33 INFO  ContextHandler:907 - Started o.s.j.s.ServletContextHandler@3b362f1{/metrics,null,AVAILABLE,@Spark}
2025-11-05 18:37:33 INFO  ContextHandler:907 - Started o.s.j.s.ServletContextHandler@8851ec{/jobs/job/kill,null,AVAILABLE,@Spark}
2025-11-05 18:37:33 INFO  ContextHandler:907 - Started o.s.j.s.ServletContextHandler@7198ab9a{/stages/stage/kill,null,AVAILABLE,@Spark}
2025-11-05 18:37:33 INFO  ContextHandler:907 - Started o.s.j.s.ServletContextHandler@58182b96{/metrics/json,null,AVAILABLE,@Spark}
2025-11-05 18:37:33 INFO  SparkConfig:27 - SparkSession успешно создан!
2025-11-05 18:37:33 INFO  SparkConfig:28 - Имя приложения: SpaceX-Spark-App
2025-11-05 18:37:33 INFO  SparkConfig:29 - Режим выполнения (master): local[*]
2025-11-05 18:37:33 INFO  SparkConfig:30 - Версия Spark: 4.0.1
2025-11-05 18:37:33 INFO  ContextHandler:907 - Started o.s.j.s.ServletContextHandler@77020328{/SQL,null,AVAILABLE,@Spark}
2025-11-05 18:37:33 INFO  ContextHandler:907 - Started o.s.j.s.ServletContextHandler@4377ed24{/SQL/json,null,AVAILABLE,@Spark}
2025-11-05 18:37:33 INFO  ContextHandler:907 - Started o.s.j.s.ServletContextHandler@f591271{/SQL/execution,null,AVAILABLE,@Spark}
2025-11-05 18:37:33 INFO  ContextHandler:907 - Started o.s.j.s.ServletContextHandler@b339a08{/SQL/execution/json,null,AVAILABLE,@Spark}
2025-11-05 18:37:33 INFO  ContextHandler:907 - Started o.s.j.s.ServletContextHandler@36d7a68a{/static/sql,null,AVAILABLE,@Spark}
2025-11-05 18:37:34 INFO  LaunchRepository:26 - LaunchRepository инициализирован. Пустой Dataset создан.
2025-11-05 18:37:34 INFO  LaunchRepository:31 - Сохраняем список запусков, размер: 2
2025-11-05 18:37:36 INFO  LaunchRepository:34 - Список запусков добавлен. Текущее количество запусков: 2
2025-11-05 18:37:36 INFO  LaunchRepository:71 - Читаем все запуски. Всего: 2
2025-11-05 18:37:36 INFO  LaunchRepository:52 - Читаем запуск с flight_number: 1
2025-11-05 18:37:36 INFO  LaunchRepository:64 - Запуск с flight_number 1 найден
2025-11-05 18:37:36 INFO  LaunchRepository:77 - Проверяем существование запуска с flight_number: 1
2025-11-05 18:37:36 INFO  LaunchRepository:85 - Запуск с flight_number 1 существует: true
2025-11-05 18:37:36 INFO  LaunchRepository:77 - Проверяем существование запуска с flight_number: 999
2025-11-05 18:37:36 INFO  LaunchRepository:85 - Запуск с flight_number 999 существует: false
2025-11-05 18:37:36 INFO  LaunchRepository:39 - Сохраняем запуск с flight_number: 3
2025-11-05 18:37:36 INFO  LaunchRepository:77 - Проверяем существование запуска с flight_number: 3
2025-11-05 18:37:36 INFO  LaunchRepository:85 - Запуск с flight_number 3 существует: false
2025-11-05 18:37:36 INFO  LaunchRepository:46 - Запуск добавлен. Текущее количество запусков: 3
2025-11-05 18:37:36 INFO  LaunchRepository:52 - Читаем запуск с flight_number: 3
2025-11-05 18:37:37 INFO  LaunchRepository:64 - Запуск с flight_number 3 найден
2025-11-05 18:37:37 INFO  LaunchRepository:39 - Сохраняем запуск с flight_number: 1
2025-11-05 18:37:37 INFO  LaunchRepository:77 - Проверяем существование запуска с flight_number: 1
2025-11-05 18:37:37 INFO  LaunchRepository:85 - Запуск с flight_number 1 существует: true
2025-11-05 18:37:37 INFO  LaunchRepository:41 - Запуск с flight_number 1 уже существует. Обновляем его.
2025-11-05 18:37:37 INFO  LaunchRepository:105 - Обновляем запуск с flight_number: 1
2025-11-05 18:37:37 INFO  LaunchRepository:110 - Запуск с flight_number 1 обновлен
2025-11-05 18:37:37 INFO  LaunchRepository:52 - Читаем запуск с flight_number: 1
2025-11-05 18:37:37 INFO  LaunchRepository:64 - Запуск с flight_number 1 найден
2025-11-05 18:37:37 INFO  LaunchRepository:105 - Обновляем запуск с flight_number: 2
2025-11-05 18:37:37 INFO  LaunchRepository:110 - Запуск с flight_number 2 обновлен
2025-11-05 18:37:37 INFO  LaunchRepository:52 - Читаем запуск с flight_number: 2
2025-11-05 18:37:37 INFO  LaunchRepository:64 - Запуск с flight_number 2 найден
2025-11-05 18:37:37 INFO  LaunchRepository:120 - Удаляем запуск с flight_number: 1
2025-11-05 18:37:37 INFO  LaunchRepository:128 - Удаление выполнено. Текущее количество запусков: 2
2025-11-05 18:37:37 INFO  LaunchRepository:52 - Читаем запуск с flight_number: 1
2025-11-05 18:37:37 WARN  LaunchRepository:61 - Запуск с flight_number 1 не найден
2025-11-05 18:37:37 INFO  LaunchRepository:71 - Читаем все запуски. Всего: 2
2025-11-05 18:37:37 INFO  LaunchRepository:133 - Удаляем все запуски
2025-11-05 18:37:37 INFO  LaunchRepository:135 - Все запуски удалены. Текущее количество: 0
2025-11-05 18:37:37 INFO  LaunchRepository:71 - Читаем все запуски. Всего: 0
2025-11-05 18:37:37 INFO  Server:479 - Stopped Server@1ea930eb{STOPPING}[11.0.24,sto=30000]
2025-11-05 18:37:37 INFO  Server:135 - Shutdown Server@1ea930eb{STOPPING}[11.0.24,sto=30000]
2025-11-05 18:37:37 INFO  AbstractConnector:431 - Stopped Spark@6f0518e7{HTTP/1.1, (http/1.1)}{0.0.0.0:4040}
2025-11-05 18:38:25 INFO  SparkConfig:17 - Инициализация SparkSession...
2025-11-05 18:38:26 WARN  Shell:746 - Did not find winutils.exe: java.io.FileNotFoundException: Hadoop bin directory does not exist: D:\SpaceXSpark\bin -see https://cwiki.apache.org/confluence/display/HADOOP2/WindowsProblems
2025-11-05 18:38:26 WARN  NativeCodeLoader:60 - Unable to load native-hadoop library for your platform... using builtin-java classes where applicable
2025-11-05 18:38:26 INFO  Server:384 - jetty-11.0.24; built: 2024-08-26T18:11:22.448Z; git: 5dfc59a691b748796f922208956bd1f2794bcd16; jvm 21.0.6+7-LTS
2025-11-05 18:38:26 INFO  Server:439 - Started Server@24876a7e{STARTING}[11.0.24,sto=30000] @2046ms
2025-11-05 18:38:26 INFO  AbstractConnector:376 - Started ServerConnector@1db64963{HTTP/1.1, (http/1.1)}{0.0.0.0:4040}
2025-11-05 18:38:26 INFO  ContextHandler:907 - Started o.s.j.s.ServletContextHandler@391515c7{/,null,AVAILABLE,@Spark}
2025-11-05 18:38:26 INFO  ContextHandler:1123 - Stopped o.s.j.s.ServletContextHandler@391515c7{/,null,STOPPED,@Spark}
2025-11-05 18:38:26 INFO  ContextHandler:907 - Started o.s.j.s.ServletContextHandler@3407aa4f{/jobs,null,AVAILABLE,@Spark}
2025-11-05 18:38:26 INFO  ContextHandler:907 - Started o.s.j.s.ServletContextHandler@538b3c88{/jobs/json,null,AVAILABLE,@Spark}
2025-11-05 18:38:26 INFO  ContextHandler:907 - Started o.s.j.s.ServletContextHandler@10e56da9{/jobs/job,null,AVAILABLE,@Spark}
2025-11-05 18:38:26 INFO  ContextHandler:907 - Started o.s.j.s.ServletContextHandler@22ae905f{/jobs/job/json,null,AVAILABLE,@Spark}
2025-11-05 18:38:26 INFO  ContextHandler:907 - Started o.s.j.s.ServletContextHandler@4fbaa7f5{/stages,null,AVAILABLE,@Spark}
2025-11-05 18:38:26 INFO  ContextHandler:907 - Started o.s.j.s.ServletContextHandler@6d4a05f7{/stages/json,null,AVAILABLE,@Spark}
2025-11-05 18:38:26 INFO  ContextHandler:907 - Started o.s.j.s.ServletContextHandler@4b476233{/stages/stage,null,AVAILABLE,@Spark}
2025-11-05 18:38:26 INFO  ContextHandler:907 - Started o.s.j.s.ServletContextHandler@4f235e8e{/stages/stage/json,null,AVAILABLE,@Spark}
2025-11-05 18:38:26 INFO  ContextHandler:907 - Started o.s.j.s.ServletContextHandler@29dcdd1c{/stages/pool,null,AVAILABLE,@Spark}
2025-11-05 18:38:26 INFO  ContextHandler:907 - Started o.s.j.s.ServletContextHandler@524f5ea5{/stages/pool/json,null,AVAILABLE,@Spark}
2025-11-05 18:38:26 INFO  ContextHandler:907 - Started o.s.j.s.ServletContextHandler@17134190{/stages/taskThreadDump,null,AVAILABLE,@Spark}
2025-11-05 18:38:26 INFO  ContextHandler:907 - Started o.s.j.s.ServletContextHandler@5599b5bb{/stages/taskThreadDump/json,null,AVAILABLE,@Spark}
2025-11-05 18:38:26 INFO  ContextHandler:907 - Started o.s.j.s.ServletContextHandler@4264beb8{/storage,null,AVAILABLE,@Spark}
2025-11-05 18:38:26 INFO  ContextHandler:907 - Started o.s.j.s.ServletContextHandler@7cd3e0da{/storage/json,null,AVAILABLE,@Spark}
2025-11-05 18:38:26 INFO  ContextHandler:907 - Started o.s.j.s.ServletContextHandler@67e77f52{/storage/rdd,null,AVAILABLE,@Spark}
2025-11-05 18:38:26 INFO  ContextHandler:907 - Started o.s.j.s.ServletContextHandler@1d1bf7bf{/storage/rdd/json,null,AVAILABLE,@Spark}
2025-11-05 18:38:26 INFO  ContextHandler:907 - Started o.s.j.s.ServletContextHandler@4d43a1b7{/environment,null,AVAILABLE,@Spark}
2025-11-05 18:38:26 INFO  ContextHandler:907 - Started o.s.j.s.ServletContextHandler@19705650{/environment/json,null,AVAILABLE,@Spark}
2025-11-05 18:38:26 INFO  ContextHandler:907 - Started o.s.j.s.ServletContextHandler@4a660b34{/executors,null,AVAILABLE,@Spark}
2025-11-05 18:38:26 INFO  ContextHandler:907 - Started o.s.j.s.ServletContextHandler@2df3545d{/executors/json,null,AVAILABLE,@Spark}
2025-11-05 18:38:26 INFO  ContextHandler:907 - Started o.s.j.s.ServletContextHandler@fe8aaeb{/executors/threadDump,null,AVAILABLE,@Spark}
2025-11-05 18:38:26 INFO  ContextHandler:907 - Started o.s.j.s.ServletContextHandler@5cf0673d{/executors/threadDump/json,null,AVAILABLE,@Spark}
2025-11-05 18:38:26 INFO  ContextHandler:907 - Started o.s.j.s.ServletContextHandler@a323a5b{/executors/heapHistogram,null,AVAILABLE,@Spark}
2025-11-05 18:38:26 INFO  ContextHandler:907 - Started o.s.j.s.ServletContextHandler@ad0bb4e{/executors/heapHistogram/json,null,AVAILABLE,@Spark}
2025-11-05 18:38:27 INFO  ContextHandler:907 - Started o.s.j.s.ServletContextHandler@6a6da47a{/static,null,AVAILABLE,@Spark}
2025-11-05 18:38:27 INFO  ContextHandler:907 - Started o.s.j.s.ServletContextHandler@2b170932{/,null,AVAILABLE,@Spark}
2025-11-05 18:38:27 INFO  ContextHandler:907 - Started o.s.j.s.ServletContextHandler@42107318{/api,null,AVAILABLE,@Spark}
2025-11-05 18:38:27 INFO  ContextHandler:907 - Started o.s.j.s.ServletContextHandler@3c60c681{/metrics,null,AVAILABLE,@Spark}
2025-11-05 18:38:27 INFO  ContextHandler:907 - Started o.s.j.s.ServletContextHandler@6c6928c{/jobs/job/kill,null,AVAILABLE,@Spark}
2025-11-05 18:38:27 INFO  ContextHandler:907 - Started o.s.j.s.ServletContextHandler@73aaec54{/stages/stage/kill,null,AVAILABLE,@Spark}
2025-11-05 18:38:27 INFO  ContextHandler:907 - Started o.s.j.s.ServletContextHandler@4eeb14e0{/metrics/json,null,AVAILABLE,@Spark}
2025-11-05 18:38:27 INFO  SparkConfig:27 - SparkSession успешно создан!
2025-11-05 18:38:27 INFO  SparkConfig:28 - Имя приложения: SpaceX-Spark-App
2025-11-05 18:38:27 INFO  SparkConfig:29 - Режим выполнения (master): local[*]
2025-11-05 18:38:27 INFO  SparkConfig:30 - Версия Spark: 4.0.1
2025-11-05 18:38:27 INFO  ContextHandler:907 - Started o.s.j.s.ServletContextHandler@7f2ca6f8{/SQL,null,AVAILABLE,@Spark}
2025-11-05 18:38:27 INFO  ContextHandler:907 - Started o.s.j.s.ServletContextHandler@13dc6649{/SQL/json,null,AVAILABLE,@Spark}
2025-11-05 18:38:27 INFO  ContextHandler:907 - Started o.s.j.s.ServletContextHandler@3982206a{/SQL/execution,null,AVAILABLE,@Spark}
2025-11-05 18:38:27 INFO  ContextHandler:907 - Started o.s.j.s.ServletContextHandler@4f3fec43{/SQL/execution/json,null,AVAILABLE,@Spark}
2025-11-05 18:38:27 INFO  ContextHandler:907 - Started o.s.j.s.ServletContextHandler@2d47b06{/static/sql,null,AVAILABLE,@Spark}
2025-11-05 18:38:28 INFO  LaunchRepository:26 - LaunchRepository инициализирован. Пустой Dataset создан.
2025-11-05 18:38:33 INFO  SpaceXService:31 - Отправка запроса к SpaceX API: https://api.spacexdata.com/v3/launches
2025-11-05 18:40:57 INFO  Server:479 - Stopped Server@24876a7e{STOPPING}[11.0.24,sto=30000]
2025-11-05 18:40:57 INFO  Server:135 - Shutdown Server@24876a7e{STOPPING}[11.0.24,sto=30000]
2025-11-05 18:40:57 INFO  AbstractConnector:431 - Stopped Spark@1db64963{HTTP/1.1, (http/1.1)}{0.0.0.0:4040}
2025-11-05 18:52:55 INFO  SparkConfig:17 - Инициализация SparkSession...
2025-11-05 18:52:56 WARN  Shell:746 - Did not find winutils.exe: java.io.FileNotFoundException: Hadoop bin directory does not exist: D:\SpaceXSpark\bin -see https://cwiki.apache.org/confluence/display/HADOOP2/WindowsProblems
2025-11-05 18:52:56 WARN  NativeCodeLoader:60 - Unable to load native-hadoop library for your platform... using builtin-java classes where applicable
2025-11-05 18:52:56 INFO  Server:384 - jetty-11.0.24; built: 2024-08-26T18:11:22.448Z; git: 5dfc59a691b748796f922208956bd1f2794bcd16; jvm 21.0.6+7-LTS
2025-11-05 18:52:56 INFO  Server:439 - Started Server@4962b41e{STARTING}[11.0.24,sto=30000] @2194ms
2025-11-05 18:52:56 INFO  AbstractConnector:376 - Started ServerConnector@2f647e5b{HTTP/1.1, (http/1.1)}{0.0.0.0:4040}
2025-11-05 18:52:56 INFO  ContextHandler:907 - Started o.s.j.s.ServletContextHandler@75eaba95{/,null,AVAILABLE,@Spark}
2025-11-05 18:52:57 INFO  ContextHandler:1123 - Stopped o.s.j.s.ServletContextHandler@75eaba95{/,null,STOPPED,@Spark}
2025-11-05 18:52:57 INFO  ContextHandler:907 - Started o.s.j.s.ServletContextHandler@1182413a{/jobs,null,AVAILABLE,@Spark}
2025-11-05 18:52:57 INFO  ContextHandler:907 - Started o.s.j.s.ServletContextHandler@5b14f482{/jobs/json,null,AVAILABLE,@Spark}
2025-11-05 18:52:57 INFO  ContextHandler:907 - Started o.s.j.s.ServletContextHandler@1a785fd5{/jobs/job,null,AVAILABLE,@Spark}
2025-11-05 18:52:57 INFO  ContextHandler:907 - Started o.s.j.s.ServletContextHandler@362a561e{/jobs/job/json,null,AVAILABLE,@Spark}
2025-11-05 18:52:57 INFO  ContextHandler:907 - Started o.s.j.s.ServletContextHandler@75ad30c1{/stages,null,AVAILABLE,@Spark}
2025-11-05 18:52:57 INFO  ContextHandler:907 - Started o.s.j.s.ServletContextHandler@6b9697ae{/stages/json,null,AVAILABLE,@Spark}
2025-11-05 18:52:57 INFO  ContextHandler:907 - Started o.s.j.s.ServletContextHandler@40c76f5a{/stages/stage,null,AVAILABLE,@Spark}
2025-11-05 18:52:57 INFO  ContextHandler:907 - Started o.s.j.s.ServletContextHandler@5546e754{/stages/stage/json,null,AVAILABLE,@Spark}
2025-11-05 18:52:57 INFO  ContextHandler:907 - Started o.s.j.s.ServletContextHandler@7196a8f1{/stages/pool,null,AVAILABLE,@Spark}
2025-11-05 18:52:57 INFO  ContextHandler:907 - Started o.s.j.s.ServletContextHandler@8f39224{/stages/pool/json,null,AVAILABLE,@Spark}
2025-11-05 18:52:57 INFO  ContextHandler:907 - Started o.s.j.s.ServletContextHandler@43e3a390{/stages/taskThreadDump,null,AVAILABLE,@Spark}
2025-11-05 18:52:57 INFO  ContextHandler:907 - Started o.s.j.s.ServletContextHandler@50dc49e1{/stages/taskThreadDump/json,null,AVAILABLE,@Spark}
2025-11-05 18:52:57 INFO  ContextHandler:907 - Started o.s.j.s.ServletContextHandler@3babcaed{/storage,null,AVAILABLE,@Spark}
2025-11-05 18:52:57 INFO  ContextHandler:907 - Started o.s.j.s.ServletContextHandler@19bfbe28{/storage/json,null,AVAILABLE,@Spark}
2025-11-05 18:52:57 INFO  ContextHandler:907 - Started o.s.j.s.ServletContextHandler@49ced9c7{/storage/rdd,null,AVAILABLE,@Spark}
2025-11-05 18:52:57 INFO  ContextHandler:907 - Started o.s.j.s.ServletContextHandler@75ed125a{/storage/rdd/json,null,AVAILABLE,@Spark}
2025-11-05 18:52:57 INFO  ContextHandler:907 - Started o.s.j.s.ServletContextHandler@5a85b4e6{/environment,null,AVAILABLE,@Spark}
2025-11-05 18:52:57 INFO  ContextHandler:907 - Started o.s.j.s.ServletContextHandler@6b09ce57{/environment/json,null,AVAILABLE,@Spark}
2025-11-05 18:52:57 INFO  ContextHandler:907 - Started o.s.j.s.ServletContextHandler@2b9aeedb{/executors,null,AVAILABLE,@Spark}
2025-11-05 18:52:57 INFO  ContextHandler:907 - Started o.s.j.s.ServletContextHandler@23ea8830{/executors/json,null,AVAILABLE,@Spark}
2025-11-05 18:52:57 INFO  ContextHandler:907 - Started o.s.j.s.ServletContextHandler@790ac3e0{/executors/threadDump,null,AVAILABLE,@Spark}
2025-11-05 18:52:57 INFO  ContextHandler:907 - Started o.s.j.s.ServletContextHandler@2cee5365{/executors/threadDump/json,null,AVAILABLE,@Spark}
2025-11-05 18:52:57 INFO  ContextHandler:907 - Started o.s.j.s.ServletContextHandler@56d6a1b1{/executors/heapHistogram,null,AVAILABLE,@Spark}
2025-11-05 18:52:57 INFO  ContextHandler:907 - Started o.s.j.s.ServletContextHandler@44da7eb3{/executors/heapHistogram/json,null,AVAILABLE,@Spark}
2025-11-05 18:52:57 INFO  ContextHandler:907 - Started o.s.j.s.ServletContextHandler@3d512652{/static,null,AVAILABLE,@Spark}
2025-11-05 18:52:57 INFO  ContextHandler:907 - Started o.s.j.s.ServletContextHandler@5e98032e{/,null,AVAILABLE,@Spark}
2025-11-05 18:52:57 INFO  ContextHandler:907 - Started o.s.j.s.ServletContextHandler@591be8aa{/api,null,AVAILABLE,@Spark}
2025-11-05 18:52:57 INFO  ContextHandler:907 - Started o.s.j.s.ServletContextHandler@afee63{/metrics,null,AVAILABLE,@Spark}
2025-11-05 18:52:57 INFO  ContextHandler:907 - Started o.s.j.s.ServletContextHandler@ff0e6d4{/jobs/job/kill,null,AVAILABLE,@Spark}
2025-11-05 18:52:57 INFO  ContextHandler:907 - Started o.s.j.s.ServletContextHandler@72a7aa4f{/stages/stage/kill,null,AVAILABLE,@Spark}
2025-11-05 18:52:57 INFO  ContextHandler:907 - Started o.s.j.s.ServletContextHandler@2fba0dac{/metrics/json,null,AVAILABLE,@Spark}
2025-11-05 18:52:57 INFO  SparkConfig:27 - SparkSession успешно создан!
2025-11-05 18:52:57 INFO  SparkConfig:28 - Имя приложения: SpaceX-Spark-App
2025-11-05 18:52:57 INFO  SparkConfig:29 - Режим выполнения (master): local[*]
2025-11-05 18:52:57 INFO  SparkConfig:30 - Версия Spark: 4.0.1
2025-11-05 18:52:57 INFO  ContextHandler:907 - Started o.s.j.s.ServletContextHandler@51a719e7{/SQL,null,AVAILABLE,@Spark}
2025-11-05 18:52:57 INFO  ContextHandler:907 - Started o.s.j.s.ServletContextHandler@1073c664{/SQL/json,null,AVAILABLE,@Spark}
2025-11-05 18:52:57 INFO  ContextHandler:907 - Started o.s.j.s.ServletContextHandler@182e4365{/SQL/execution,null,AVAILABLE,@Spark}
2025-11-05 18:52:57 INFO  ContextHandler:907 - Started o.s.j.s.ServletContextHandler@1e6d30c0{/SQL/execution/json,null,AVAILABLE,@Spark}
2025-11-05 18:52:57 INFO  ContextHandler:907 - Started o.s.j.s.ServletContextHandler@24fc2c80{/static/sql,null,AVAILABLE,@Spark}
2025-11-05 18:52:58 INFO  LaunchRepository:26 - LaunchRepository инициализирован. Пустой Dataset создан.
2025-11-05 18:53:01 INFO  Server:479 - Stopped Server@4962b41e{STOPPING}[11.0.24,sto=30000]
2025-11-05 18:53:01 INFO  Server:135 - Shutdown Server@4962b41e{STOPPING}[11.0.24,sto=30000]
2025-11-05 18:53:01 INFO  AbstractConnector:431 - Stopped Spark@2f647e5b{HTTP/1.1, (http/1.1)}{0.0.0.0:4040}
2025-11-05 18:53:37 INFO  SparkConfig:17 - Инициализация SparkSession...
2025-11-05 18:53:38 WARN  Shell:746 - Did not find winutils.exe: java.io.FileNotFoundException: Hadoop bin directory does not exist: D:\SpaceXSpark\bin -see https://cwiki.apache.org/confluence/display/HADOOP2/WindowsProblems
2025-11-05 18:53:38 WARN  NativeCodeLoader:60 - Unable to load native-hadoop library for your platform... using builtin-java classes where applicable
2025-11-05 18:53:38 INFO  Server:384 - jetty-11.0.24; built: 2024-08-26T18:11:22.448Z; git: 5dfc59a691b748796f922208956bd1f2794bcd16; jvm 21.0.6+7-LTS
2025-11-05 18:53:38 INFO  Server:439 - Started Server@6282b9f5{STARTING}[11.0.24,sto=30000] @2053ms
2025-11-05 18:53:39 INFO  AbstractConnector:376 - Started ServerConnector@2f647e5b{HTTP/1.1, (http/1.1)}{0.0.0.0:4040}
2025-11-05 18:53:39 INFO  ContextHandler:907 - Started o.s.j.s.ServletContextHandler@435e416c{/,null,AVAILABLE,@Spark}
2025-11-05 18:53:39 INFO  ContextHandler:1123 - Stopped o.s.j.s.ServletContextHandler@435e416c{/,null,STOPPED,@Spark}
2025-11-05 18:53:39 INFO  ContextHandler:907 - Started o.s.j.s.ServletContextHandler@1a785fd5{/jobs,null,AVAILABLE,@Spark}
2025-11-05 18:53:39 INFO  ContextHandler:907 - Started o.s.j.s.ServletContextHandler@362a561e{/jobs/json,null,AVAILABLE,@Spark}
2025-11-05 18:53:39 INFO  ContextHandler:907 - Started o.s.j.s.ServletContextHandler@75ad30c1{/jobs/job,null,AVAILABLE,@Spark}
2025-11-05 18:53:39 INFO  ContextHandler:907 - Started o.s.j.s.ServletContextHandler@6b9697ae{/jobs/job/json,null,AVAILABLE,@Spark}
2025-11-05 18:53:39 INFO  ContextHandler:907 - Started o.s.j.s.ServletContextHandler@40c76f5a{/stages,null,AVAILABLE,@Spark}
2025-11-05 18:53:39 INFO  ContextHandler:907 - Started o.s.j.s.ServletContextHandler@5546e754{/stages/json,null,AVAILABLE,@Spark}
2025-11-05 18:53:39 INFO  ContextHandler:907 - Started o.s.j.s.ServletContextHandler@7196a8f1{/stages/stage,null,AVAILABLE,@Spark}
2025-11-05 18:53:39 INFO  ContextHandler:907 - Started o.s.j.s.ServletContextHandler@8f39224{/stages/stage/json,null,AVAILABLE,@Spark}
2025-11-05 18:53:39 INFO  ContextHandler:907 - Started o.s.j.s.ServletContextHandler@43e3a390{/stages/pool,null,AVAILABLE,@Spark}
2025-11-05 18:53:39 INFO  ContextHandler:907 - Started o.s.j.s.ServletContextHandler@50dc49e1{/stages/pool/json,null,AVAILABLE,@Spark}
2025-11-05 18:53:39 INFO  ContextHandler:907 - Started o.s.j.s.ServletContextHandler@3babcaed{/stages/taskThreadDump,null,AVAILABLE,@Spark}
2025-11-05 18:53:39 INFO  ContextHandler:907 - Started o.s.j.s.ServletContextHandler@19bfbe28{/stages/taskThreadDump/json,null,AVAILABLE,@Spark}
2025-11-05 18:53:39 INFO  ContextHandler:907 - Started o.s.j.s.ServletContextHandler@49ced9c7{/storage,null,AVAILABLE,@Spark}
2025-11-05 18:53:39 INFO  ContextHandler:907 - Started o.s.j.s.ServletContextHandler@75ed125a{/storage/json,null,AVAILABLE,@Spark}
2025-11-05 18:53:39 INFO  ContextHandler:907 - Started o.s.j.s.ServletContextHandler@5a85b4e6{/storage/rdd,null,AVAILABLE,@Spark}
2025-11-05 18:53:39 INFO  ContextHandler:907 - Started o.s.j.s.ServletContextHandler@6b09ce57{/storage/rdd/json,null,AVAILABLE,@Spark}
2025-11-05 18:53:39 INFO  ContextHandler:907 - Started o.s.j.s.ServletContextHandler@2b9aeedb{/environment,null,AVAILABLE,@Spark}
2025-11-05 18:53:39 INFO  ContextHandler:907 - Started o.s.j.s.ServletContextHandler@23ea8830{/environment/json,null,AVAILABLE,@Spark}
2025-11-05 18:53:39 INFO  ContextHandler:907 - Started o.s.j.s.ServletContextHandler@790ac3e0{/executors,null,AVAILABLE,@Spark}
2025-11-05 18:53:39 INFO  ContextHandler:907 - Started o.s.j.s.ServletContextHandler@2cee5365{/executors/json,null,AVAILABLE,@Spark}
2025-11-05 18:53:39 INFO  ContextHandler:907 - Started o.s.j.s.ServletContextHandler@56d6a1b1{/executors/threadDump,null,AVAILABLE,@Spark}
2025-11-05 18:53:39 INFO  ContextHandler:907 - Started o.s.j.s.ServletContextHandler@44da7eb3{/executors/threadDump/json,null,AVAILABLE,@Spark}
2025-11-05 18:53:39 INFO  ContextHandler:907 - Started o.s.j.s.ServletContextHandler@3d512652{/executors/heapHistogram,null,AVAILABLE,@Spark}
2025-11-05 18:53:39 INFO  ContextHandler:907 - Started o.s.j.s.ServletContextHandler@3b96f8b0{/executors/heapHistogram/json,null,AVAILABLE,@Spark}
2025-11-05 18:53:39 INFO  ContextHandler:907 - Started o.s.j.s.ServletContextHandler@1fc0d9b4{/static,null,AVAILABLE,@Spark}
2025-11-05 18:53:39 INFO  ContextHandler:907 - Started o.s.j.s.ServletContextHandler@7f1f60a0{/,null,AVAILABLE,@Spark}
2025-11-05 18:53:39 INFO  ContextHandler:907 - Started o.s.j.s.ServletContextHandler@71b26880{/api,null,AVAILABLE,@Spark}
2025-11-05 18:53:39 INFO  ContextHandler:907 - Started o.s.j.s.ServletContextHandler@70d3cdbf{/metrics,null,AVAILABLE,@Spark}
2025-11-05 18:53:39 INFO  ContextHandler:907 - Started o.s.j.s.ServletContextHandler@5b322873{/jobs/job/kill,null,AVAILABLE,@Spark}
2025-11-05 18:53:39 INFO  ContextHandler:907 - Started o.s.j.s.ServletContextHandler@7ad889be{/stages/stage/kill,null,AVAILABLE,@Spark}
2025-11-05 18:53:39 INFO  ContextHandler:907 - Started o.s.j.s.ServletContextHandler@7be38eba{/metrics/json,null,AVAILABLE,@Spark}
2025-11-05 18:53:39 INFO  SparkConfig:27 - SparkSession успешно создан!
2025-11-05 18:53:39 INFO  SparkConfig:28 - Имя приложения: SpaceX-Spark-App
2025-11-05 18:53:39 INFO  SparkConfig:29 - Режим выполнения (master): local[*]
2025-11-05 18:53:39 INFO  SparkConfig:30 - Версия Spark: 4.0.1
2025-11-05 18:53:39 INFO  ContextHandler:907 - Started o.s.j.s.ServletContextHandler@38fb151a{/SQL,null,AVAILABLE,@Spark}
2025-11-05 18:53:39 INFO  ContextHandler:907 - Started o.s.j.s.ServletContextHandler@1b60d324{/SQL/json,null,AVAILABLE,@Spark}
2025-11-05 18:53:39 INFO  ContextHandler:907 - Started o.s.j.s.ServletContextHandler@69d667a5{/SQL/execution,null,AVAILABLE,@Spark}
2025-11-05 18:53:39 INFO  ContextHandler:907 - Started o.s.j.s.ServletContextHandler@8f4b803{/SQL/execution/json,null,AVAILABLE,@Spark}
2025-11-05 18:53:39 INFO  ContextHandler:907 - Started o.s.j.s.ServletContextHandler@1bbb42b4{/static/sql,null,AVAILABLE,@Spark}
2025-11-05 18:53:40 INFO  LaunchRepository:26 - LaunchRepository инициализирован. Пустой Dataset создан.
2025-11-05 18:53:51 INFO  LaunchRepository:71 - Читаем все запуски. Всего: 0
2025-11-05 18:53:58 INFO  LaunchRepository:77 - Проверяем существование запуска с flight_number: 1
2025-11-05 18:53:58 INFO  LaunchRepository:85 - Запуск с flight_number 1 существует: false
2025-11-05 18:54:36 INFO  LaunchRepository:39 - Сохраняем запуск с flight_number: 1
2025-11-05 18:54:36 INFO  LaunchRepository:77 - Проверяем существование запуска с flight_number: 1
2025-11-05 18:54:36 INFO  LaunchRepository:85 - Запуск с flight_number 1 существует: false
2025-11-05 18:54:36 INFO  LaunchRepository:46 - Запуск добавлен. Текущее количество запусков: 1
2025-11-05 18:54:39 INFO  LaunchRepository:71 - Читаем все запуски. Всего: 1
2025-11-05 18:54:45 INFO  LaunchRepository:71 - Читаем все запуски. Всего: 1
2025-11-05 18:54:50 INFO  Version:44 - HHH000412: Hibernate ORM core version 6.3.1.Final
2025-11-05 18:54:50 INFO  RegionFactoryInitiator:50 - HHH000026: Second-level cache disabled
2025-11-05 18:54:50 WARN  pooling:80 - HHH10001002: Using built-in connection pool (not intended for production use)
2025-11-05 18:54:50 INFO  pooling:135 - HHH10001005: Loaded JDBC driver class: org.postgresql.Driver
2025-11-05 18:54:50 INFO  pooling:157 - HHH10001012: Connecting with JDBC URL [jdbc:postgresql://localhost:5432/spacex]
2025-11-05 18:54:50 INFO  pooling:166 - HHH10001001: Connection properties: {password=****, user=postgres}
2025-11-05 18:54:50 INFO  pooling:170 - HHH10001003: Autocommit mode: false
2025-11-05 18:54:50 INFO  pooling:366 - HHH10001115: Connection pool size: 5 (min=1)
2025-11-05 18:54:51 WARN  deprecation:152 - HHH90000025: PostgreSQLDialect does not need to be specified explicitly using 'hibernate.dialect' (remove the property setting and it will be selected by default)
2025-11-05 18:54:52 INFO  JtaPlatformInitiator:58 - HHH000489: No JTA platform available (set 'hibernate.transaction.jta.platform' to enable JTA platform integration)
2025-11-05 18:54:52 INFO  access:52 - HHH10001501: Connection obtained from JdbcConnectionAccess [org.hibernate.engine.jdbc.env.internal.JdbcEnvironmentInitiator$ConnectionProviderJdbcConnectionAccess@60f3813e] for (non-JTA) DDL execution was not in auto-commit mode; the Connection 'local transaction' will be committed and the Connection will be set into auto-commit mode.
2025-11-05 18:54:52 WARN  SqlExceptionHelper:238 - SQL Warning Code: 0, SQLState: 00000
2025-11-05 18:54:52 WARN  SqlExceptionHelper:239 - ограничение "uk_ih7o6uruq86nl4ci3qgomppeb" в таблице "rockets" не существует, пропускается
2025-11-05 18:54:57 INFO  LaunchRepository:71 - Читаем все запуски. Всего: 1
2025-11-05 18:55:18 INFO  Server:479 - Stopped Server@6282b9f5{STOPPING}[11.0.24,sto=30000]
2025-11-05 18:55:18 INFO  Server:135 - Shutdown Server@6282b9f5{STOPPING}[11.0.24,sto=30000]
2025-11-05 18:55:18 INFO  AbstractConnector:431 - Stopped Spark@2f647e5b{HTTP/1.1, (http/1.1)}{0.0.0.0:4040}
2025-11-05 18:55:18 INFO  SparkConfig:41 - SparkSession остановлен.
2025-11-05 19:03:31 INFO  SparkConfig:17 - Инициализация SparkSession...
2025-11-05 19:03:32 WARN  Shell:746 - Did not find winutils.exe: java.io.FileNotFoundException: Hadoop bin directory does not exist: D:\SpaceXSpark\bin -see https://cwiki.apache.org/confluence/display/HADOOP2/WindowsProblems
2025-11-05 19:03:32 WARN  NativeCodeLoader:60 - Unable to load native-hadoop library for your platform... using builtin-java classes where applicable
2025-11-05 19:03:32 INFO  Server:384 - jetty-11.0.24; built: 2024-08-26T18:11:22.448Z; git: 5dfc59a691b748796f922208956bd1f2794bcd16; jvm 21.0.6+7-LTS
2025-11-05 19:03:32 INFO  Server:439 - Started Server@11c78080{STARTING}[11.0.24,sto=30000] @2085ms
2025-11-05 19:03:32 INFO  AbstractConnector:376 - Started ServerConnector@510487bd{HTTP/1.1, (http/1.1)}{0.0.0.0:4040}
2025-11-05 19:03:33 INFO  ContextHandler:907 - Started o.s.j.s.ServletContextHandler@58b311ba{/,null,AVAILABLE,@Spark}
2025-11-05 19:03:33 INFO  ContextHandler:1123 - Stopped o.s.j.s.ServletContextHandler@58b311ba{/,null,STOPPED,@Spark}
2025-11-05 19:03:33 INFO  ContextHandler:907 - Started o.s.j.s.ServletContextHandler@7ead1d80{/jobs,null,AVAILABLE,@Spark}
2025-11-05 19:03:33 INFO  ContextHandler:907 - Started o.s.j.s.ServletContextHandler@1182413a{/jobs/json,null,AVAILABLE,@Spark}
2025-11-05 19:03:33 INFO  ContextHandler:907 - Started o.s.j.s.ServletContextHandler@5b14f482{/jobs/job,null,AVAILABLE,@Spark}
2025-11-05 19:03:33 INFO  ContextHandler:907 - Started o.s.j.s.ServletContextHandler@1a785fd5{/jobs/job/json,null,AVAILABLE,@Spark}
2025-11-05 19:03:33 INFO  ContextHandler:907 - Started o.s.j.s.ServletContextHandler@362a561e{/stages,null,AVAILABLE,@Spark}
2025-11-05 19:03:33 INFO  ContextHandler:907 - Started o.s.j.s.ServletContextHandler@75ad30c1{/stages/json,null,AVAILABLE,@Spark}
2025-11-05 19:03:33 INFO  ContextHandler:907 - Started o.s.j.s.ServletContextHandler@6b9697ae{/stages/stage,null,AVAILABLE,@Spark}
2025-11-05 19:03:33 INFO  ContextHandler:907 - Started o.s.j.s.ServletContextHandler@40c76f5a{/stages/stage/json,null,AVAILABLE,@Spark}
2025-11-05 19:03:33 INFO  ContextHandler:907 - Started o.s.j.s.ServletContextHandler@5546e754{/stages/pool,null,AVAILABLE,@Spark}
2025-11-05 19:03:33 INFO  ContextHandler:907 - Started o.s.j.s.ServletContextHandler@7196a8f1{/stages/pool/json,null,AVAILABLE,@Spark}
2025-11-05 19:03:33 INFO  ContextHandler:907 - Started o.s.j.s.ServletContextHandler@8f39224{/stages/taskThreadDump,null,AVAILABLE,@Spark}
2025-11-05 19:03:33 INFO  ContextHandler:907 - Started o.s.j.s.ServletContextHandler@43e3a390{/stages/taskThreadDump/json,null,AVAILABLE,@Spark}
2025-11-05 19:03:33 INFO  ContextHandler:907 - Started o.s.j.s.ServletContextHandler@50dc49e1{/storage,null,AVAILABLE,@Spark}
2025-11-05 19:03:33 INFO  ContextHandler:907 - Started o.s.j.s.ServletContextHandler@3babcaed{/storage/json,null,AVAILABLE,@Spark}
2025-11-05 19:03:33 INFO  ContextHandler:907 - Started o.s.j.s.ServletContextHandler@19bfbe28{/storage/rdd,null,AVAILABLE,@Spark}
2025-11-05 19:03:33 INFO  ContextHandler:907 - Started o.s.j.s.ServletContextHandler@49ced9c7{/storage/rdd/json,null,AVAILABLE,@Spark}
2025-11-05 19:03:33 INFO  ContextHandler:907 - Started o.s.j.s.ServletContextHandler@75ed125a{/environment,null,AVAILABLE,@Spark}
2025-11-05 19:03:33 INFO  ContextHandler:907 - Started o.s.j.s.ServletContextHandler@5a85b4e6{/environment/json,null,AVAILABLE,@Spark}
2025-11-05 19:03:33 INFO  ContextHandler:907 - Started o.s.j.s.ServletContextHandler@6b09ce57{/executors,null,AVAILABLE,@Spark}
2025-11-05 19:03:33 INFO  ContextHandler:907 - Started o.s.j.s.ServletContextHandler@2b9aeedb{/executors/json,null,AVAILABLE,@Spark}
2025-11-05 19:03:33 INFO  ContextHandler:907 - Started o.s.j.s.ServletContextHandler@23ea8830{/executors/threadDump,null,AVAILABLE,@Spark}
2025-11-05 19:03:33 INFO  ContextHandler:907 - Started o.s.j.s.ServletContextHandler@790ac3e0{/executors/threadDump/json,null,AVAILABLE,@Spark}
2025-11-05 19:03:33 INFO  ContextHandler:907 - Started o.s.j.s.ServletContextHandler@2cee5365{/executors/heapHistogram,null,AVAILABLE,@Spark}
2025-11-05 19:03:33 INFO  ContextHandler:907 - Started o.s.j.s.ServletContextHandler@56d6a1b1{/executors/heapHistogram/json,null,AVAILABLE,@Spark}
2025-11-05 19:03:33 INFO  ContextHandler:907 - Started o.s.j.s.ServletContextHandler@44da7eb3{/static,null,AVAILABLE,@Spark}
2025-11-05 19:03:33 INFO  ContextHandler:907 - Started o.s.j.s.ServletContextHandler@3e151e1f{/,null,AVAILABLE,@Spark}
2025-11-05 19:03:33 INFO  ContextHandler:907 - Started o.s.j.s.ServletContextHandler@5e98032e{/api,null,AVAILABLE,@Spark}
2025-11-05 19:03:33 INFO  ContextHandler:907 - Started o.s.j.s.ServletContextHandler@60dcf9ec{/metrics,null,AVAILABLE,@Spark}
2025-11-05 19:03:33 INFO  ContextHandler:907 - Started o.s.j.s.ServletContextHandler@4b4927e5{/jobs/job/kill,null,AVAILABLE,@Spark}
2025-11-05 19:03:33 INFO  ContextHandler:907 - Started o.s.j.s.ServletContextHandler@ff0e6d4{/stages/stage/kill,null,AVAILABLE,@Spark}
2025-11-05 19:03:33 INFO  ContextHandler:907 - Started o.s.j.s.ServletContextHandler@3957d88b{/metrics/json,null,AVAILABLE,@Spark}
2025-11-05 19:03:33 INFO  SparkConfig:27 - SparkSession успешно создан!
2025-11-05 19:03:33 INFO  SparkConfig:28 - Имя приложения: SpaceX-Spark-App
2025-11-05 19:03:33 INFO  SparkConfig:29 - Режим выполнения (master): local[*]
2025-11-05 19:03:33 INFO  SparkConfig:30 - Версия Spark: 4.0.1
2025-11-05 19:03:33 INFO  ContextHandler:907 - Started o.s.j.s.ServletContextHandler@5529522f{/SQL,null,AVAILABLE,@Spark}
2025-11-05 19:03:33 INFO  ContextHandler:907 - Started o.s.j.s.ServletContextHandler@51a719e7{/SQL/json,null,AVAILABLE,@Spark}
2025-11-05 19:03:33 INFO  ContextHandler:907 - Started o.s.j.s.ServletContextHandler@152e7703{/SQL/execution,null,AVAILABLE,@Spark}
2025-11-05 19:03:33 INFO  ContextHandler:907 - Started o.s.j.s.ServletContextHandler@182e4365{/SQL/execution/json,null,AVAILABLE,@Spark}
2025-11-05 19:03:33 INFO  ContextHandler:907 - Started o.s.j.s.ServletContextHandler@42f9873e{/static/sql,null,AVAILABLE,@Spark}
2025-11-05 19:03:34 INFO  LaunchRepository:26 - LaunchRepository инициализирован. Пустой Dataset создан.
2025-11-05 19:03:44 INFO  LaunchRepository:71 - Читаем все запуски. Всего: 0
2025-11-05 19:03:53 INFO  LaunchRepository:77 - Проверяем существование запуска с flight_number: 2
2025-11-05 19:03:53 INFO  LaunchRepository:85 - Запуск с flight_number 2 существует: false
2025-11-05 19:04:14 INFO  LaunchRepository:39 - Сохраняем запуск с flight_number: 2
2025-11-05 19:04:14 INFO  LaunchRepository:77 - Проверяем существование запуска с flight_number: 2
2025-11-05 19:04:14 INFO  LaunchRepository:85 - Запуск с flight_number 2 существует: false
2025-11-05 19:04:14 INFO  LaunchRepository:46 - Запуск добавлен. Текущее количество запусков: 1
2025-11-05 19:04:17 INFO  LaunchRepository:71 - Читаем все запуски. Всего: 1
2025-11-05 19:04:20 INFO  Version:44 - HHH000412: Hibernate ORM core version 6.3.1.Final
2025-11-05 19:04:20 INFO  RegionFactoryInitiator:50 - HHH000026: Second-level cache disabled
2025-11-05 19:04:20 WARN  pooling:80 - HHH10001002: Using built-in connection pool (not intended for production use)
2025-11-05 19:04:20 INFO  pooling:135 - HHH10001005: Loaded JDBC driver class: org.postgresql.Driver
2025-11-05 19:04:20 INFO  pooling:157 - HHH10001012: Connecting with JDBC URL [jdbc:postgresql://localhost:5432/spacex]
2025-11-05 19:04:20 INFO  pooling:166 - HHH10001001: Connection properties: {password=****, user=postgres}
2025-11-05 19:04:20 INFO  pooling:170 - HHH10001003: Autocommit mode: false
2025-11-05 19:04:20 INFO  pooling:366 - HHH10001115: Connection pool size: 5 (min=1)
2025-11-05 19:04:20 WARN  deprecation:152 - HHH90000025: PostgreSQLDialect does not need to be specified explicitly using 'hibernate.dialect' (remove the property setting and it will be selected by default)
2025-11-05 19:04:21 INFO  JtaPlatformInitiator:58 - HHH000489: No JTA platform available (set 'hibernate.transaction.jta.platform' to enable JTA platform integration)
2025-11-05 19:04:21 INFO  access:52 - HHH10001501: Connection obtained from JdbcConnectionAccess [org.hibernate.engine.jdbc.env.internal.JdbcEnvironmentInitiator$ConnectionProviderJdbcConnectionAccess@7f14bdd1] for (non-JTA) DDL execution was not in auto-commit mode; the Connection 'local transaction' will be committed and the Connection will be set into auto-commit mode.
2025-11-05 19:04:26 INFO  Server:479 - Stopped Server@11c78080{STOPPING}[11.0.24,sto=30000]
2025-11-05 19:04:26 INFO  Server:135 - Shutdown Server@11c78080{STOPPING}[11.0.24,sto=30000]
2025-11-05 19:04:26 INFO  AbstractConnector:431 - Stopped Spark@510487bd{HTTP/1.1, (http/1.1)}{0.0.0.0:4040}
2025-11-05 19:04:26 INFO  SparkConfig:41 - SparkSession остановлен.
2025-11-05 19:04:50 INFO  SparkConfig:17 - Инициализация SparkSession...
2025-11-05 19:04:51 WARN  Shell:746 - Did not find winutils.exe: java.io.FileNotFoundException: Hadoop bin directory does not exist: D:\SpaceXSpark\bin -see https://cwiki.apache.org/confluence/display/HADOOP2/WindowsProblems
2025-11-05 19:04:51 WARN  NativeCodeLoader:60 - Unable to load native-hadoop library for your platform... using builtin-java classes where applicable
2025-11-05 19:04:52 INFO  Server:384 - jetty-11.0.24; built: 2024-08-26T18:11:22.448Z; git: 5dfc59a691b748796f922208956bd1f2794bcd16; jvm 21.0.6+7-LTS
2025-11-05 19:04:52 INFO  Server:439 - Started Server@5b5f9003{STARTING}[11.0.24,sto=30000] @2085ms
2025-11-05 19:04:52 INFO  AbstractConnector:376 - Started ServerConnector@53cc08c9{HTTP/1.1, (http/1.1)}{0.0.0.0:4040}
2025-11-05 19:04:52 INFO  ContextHandler:907 - Started o.s.j.s.ServletContextHandler@6af310c7{/,null,AVAILABLE,@Spark}
2025-11-05 19:04:52 INFO  ContextHandler:1123 - Stopped o.s.j.s.ServletContextHandler@6af310c7{/,null,STOPPED,@Spark}
2025-11-05 19:04:52 INFO  ContextHandler:907 - Started o.s.j.s.ServletContextHandler@4a660b34{/jobs,null,AVAILABLE,@Spark}
2025-11-05 19:04:52 INFO  ContextHandler:907 - Started o.s.j.s.ServletContextHandler@2df3545d{/jobs/json,null,AVAILABLE,@Spark}
2025-11-05 19:04:52 INFO  ContextHandler:907 - Started o.s.j.s.ServletContextHandler@fe8aaeb{/jobs/job,null,AVAILABLE,@Spark}
2025-11-05 19:04:52 INFO  ContextHandler:907 - Started o.s.j.s.ServletContextHandler@5cf0673d{/jobs/job/json,null,AVAILABLE,@Spark}
2025-11-05 19:04:52 INFO  ContextHandler:907 - Started o.s.j.s.ServletContextHandler@a323a5b{/stages,null,AVAILABLE,@Spark}
2025-11-05 19:04:52 INFO  ContextHandler:907 - Started o.s.j.s.ServletContextHandler@ad0bb4e{/stages/json,null,AVAILABLE,@Spark}
2025-11-05 19:04:52 INFO  ContextHandler:907 - Started o.s.j.s.ServletContextHandler@6a6da47a{/stages/stage,null,AVAILABLE,@Spark}
2025-11-05 19:04:52 INFO  ContextHandler:907 - Started o.s.j.s.ServletContextHandler@7f642bf{/stages/stage/json,null,AVAILABLE,@Spark}
2025-11-05 19:04:52 INFO  ContextHandler:907 - Started o.s.j.s.ServletContextHandler@44aa91e2{/stages/pool,null,AVAILABLE,@Spark}
2025-11-05 19:04:52 INFO  ContextHandler:907 - Started o.s.j.s.ServletContextHandler@650a1aff{/stages/pool/json,null,AVAILABLE,@Spark}
2025-11-05 19:04:52 INFO  ContextHandler:907 - Started o.s.j.s.ServletContextHandler@2b9e69fb{/stages/taskThreadDump,null,AVAILABLE,@Spark}
2025-11-05 19:04:52 INFO  ContextHandler:907 - Started o.s.j.s.ServletContextHandler@2c579202{/stages/taskThreadDump/json,null,AVAILABLE,@Spark}
2025-11-05 19:04:52 INFO  ContextHandler:907 - Started o.s.j.s.ServletContextHandler@11c7a0b4{/storage,null,AVAILABLE,@Spark}
2025-11-05 19:04:52 INFO  ContextHandler:907 - Started o.s.j.s.ServletContextHandler@653a5967{/storage/json,null,AVAILABLE,@Spark}
2025-11-05 19:04:52 INFO  ContextHandler:907 - Started o.s.j.s.ServletContextHandler@766b6d02{/storage/rdd,null,AVAILABLE,@Spark}
2025-11-05 19:04:52 INFO  ContextHandler:907 - Started o.s.j.s.ServletContextHandler@5c4f4330{/storage/rdd/json,null,AVAILABLE,@Spark}
2025-11-05 19:04:52 INFO  ContextHandler:907 - Started o.s.j.s.ServletContextHandler@63485d7{/environment,null,AVAILABLE,@Spark}
2025-11-05 19:04:52 INFO  ContextHandler:907 - Started o.s.j.s.ServletContextHandler@59a09be{/environment/json,null,AVAILABLE,@Spark}
2025-11-05 19:04:52 INFO  ContextHandler:907 - Started o.s.j.s.ServletContextHandler@5bb2fb2b{/executors,null,AVAILABLE,@Spark}
2025-11-05 19:04:52 INFO  ContextHandler:907 - Started o.s.j.s.ServletContextHandler@796c68bf{/executors/json,null,AVAILABLE,@Spark}
2025-11-05 19:04:52 INFO  ContextHandler:907 - Started o.s.j.s.ServletContextHandler@1a7163e3{/executors/threadDump,null,AVAILABLE,@Spark}
2025-11-05 19:04:52 INFO  ContextHandler:907 - Started o.s.j.s.ServletContextHandler@5e69cf07{/executors/threadDump/json,null,AVAILABLE,@Spark}
2025-11-05 19:04:52 INFO  ContextHandler:907 - Started o.s.j.s.ServletContextHandler@2c2e3460{/executors/heapHistogram,null,AVAILABLE,@Spark}
2025-11-05 19:04:52 INFO  ContextHandler:907 - Started o.s.j.s.ServletContextHandler@2b170932{/executors/heapHistogram/json,null,AVAILABLE,@Spark}
2025-11-05 19:04:52 INFO  ContextHandler:907 - Started o.s.j.s.ServletContextHandler@42107318{/static,null,AVAILABLE,@Spark}
2025-11-05 19:04:52 INFO  ContextHandler:907 - Started o.s.j.s.ServletContextHandler@77ea806f{/,null,AVAILABLE,@Spark}
2025-11-05 19:04:52 INFO  ContextHandler:907 - Started o.s.j.s.ServletContextHandler@14a1769d{/api,null,AVAILABLE,@Spark}
2025-11-05 19:04:52 INFO  ContextHandler:907 - Started o.s.j.s.ServletContextHandler@72a7aa4f{/metrics,null,AVAILABLE,@Spark}
2025-11-05 19:04:52 INFO  ContextHandler:907 - Started o.s.j.s.ServletContextHandler@35e2b89f{/jobs/job/kill,null,AVAILABLE,@Spark}
2025-11-05 19:04:52 INFO  ContextHandler:907 - Started o.s.j.s.ServletContextHandler@4c063cb9{/stages/stage/kill,null,AVAILABLE,@Spark}
2025-11-05 19:04:52 INFO  ContextHandler:907 - Started o.s.j.s.ServletContextHandler@2296127{/metrics/json,null,AVAILABLE,@Spark}
2025-11-05 19:04:52 INFO  SparkConfig:27 - SparkSession успешно создан!
2025-11-05 19:04:52 INFO  SparkConfig:28 - Имя приложения: SpaceX-Spark-App
2025-11-05 19:04:52 INFO  SparkConfig:29 - Режим выполнения (master): local[*]
2025-11-05 19:04:52 INFO  SparkConfig:30 - Версия Spark: 4.0.1
2025-11-05 19:04:52 INFO  ContextHandler:907 - Started o.s.j.s.ServletContextHandler@152e7703{/SQL,null,AVAILABLE,@Spark}
2025-11-05 19:04:52 INFO  ContextHandler:907 - Started o.s.j.s.ServletContextHandler@182e4365{/SQL/json,null,AVAILABLE,@Spark}
2025-11-05 19:04:52 INFO  ContextHandler:907 - Started o.s.j.s.ServletContextHandler@7fe87c0e{/SQL/execution,null,AVAILABLE,@Spark}
2025-11-05 19:04:52 INFO  ContextHandler:907 - Started o.s.j.s.ServletContextHandler@42f9873e{/SQL/execution/json,null,AVAILABLE,@Spark}
2025-11-05 19:04:52 INFO  ContextHandler:907 - Started o.s.j.s.ServletContextHandler@3f9f8d23{/static/sql,null,AVAILABLE,@Spark}
2025-11-05 19:04:53 INFO  LaunchRepository:26 - LaunchRepository инициализирован. Пустой Dataset создан.
2025-11-05 19:04:56 INFO  SpaceXService:31 - Отправка запроса к SpaceX API: https://api.spacexdata.com/v3/launches
2025-11-05 19:06:12 INFO  Server:479 - Stopped Server@5b5f9003{STOPPING}[11.0.24,sto=30000]
2025-11-05 19:06:12 INFO  Server:135 - Shutdown Server@5b5f9003{STOPPING}[11.0.24,sto=30000]
2025-11-05 19:06:12 INFO  AbstractConnector:431 - Stopped Spark@53cc08c9{HTTP/1.1, (http/1.1)}{0.0.0.0:4040}
2025-11-05 19:25:53 INFO  SparkConfig:17 - Инициализация SparkSession...
2025-11-05 19:25:54 WARN  Shell:746 - Did not find winutils.exe: java.io.FileNotFoundException: Hadoop bin directory does not exist: D:\SpaceXSpark\bin -see https://cwiki.apache.org/confluence/display/HADOOP2/WindowsProblems
2025-11-05 19:25:54 WARN  NativeCodeLoader:60 - Unable to load native-hadoop library for your platform... using builtin-java classes where applicable
2025-11-05 19:25:54 INFO  Server:384 - jetty-11.0.24; built: 2024-08-26T18:11:22.448Z; git: 5dfc59a691b748796f922208956bd1f2794bcd16; jvm 21.0.6+7-LTS
2025-11-05 19:25:54 INFO  Server:439 - Started Server@6282b9f5{STARTING}[11.0.24,sto=30000] @2143ms
2025-11-05 19:25:54 INFO  AbstractConnector:376 - Started ServerConnector@7134fdc7{HTTP/1.1, (http/1.1)}{0.0.0.0:4040}
2025-11-05 19:25:54 INFO  ContextHandler:907 - Started o.s.j.s.ServletContextHandler@435e416c{/,null,AVAILABLE,@Spark}
2025-11-05 19:25:55 INFO  ContextHandler:1123 - Stopped o.s.j.s.ServletContextHandler@435e416c{/,null,STOPPED,@Spark}
2025-11-05 19:25:55 INFO  ContextHandler:907 - Started o.s.j.s.ServletContextHandler@1a785fd5{/jobs,null,AVAILABLE,@Spark}
2025-11-05 19:25:55 INFO  ContextHandler:907 - Started o.s.j.s.ServletContextHandler@362a561e{/jobs/json,null,AVAILABLE,@Spark}
2025-11-05 19:25:55 INFO  ContextHandler:907 - Started o.s.j.s.ServletContextHandler@75ad30c1{/jobs/job,null,AVAILABLE,@Spark}
2025-11-05 19:25:55 INFO  ContextHandler:907 - Started o.s.j.s.ServletContextHandler@6b9697ae{/jobs/job/json,null,AVAILABLE,@Spark}
2025-11-05 19:25:55 INFO  ContextHandler:907 - Started o.s.j.s.ServletContextHandler@40c76f5a{/stages,null,AVAILABLE,@Spark}
2025-11-05 19:25:55 INFO  ContextHandler:907 - Started o.s.j.s.ServletContextHandler@5546e754{/stages/json,null,AVAILABLE,@Spark}
2025-11-05 19:25:55 INFO  ContextHandler:907 - Started o.s.j.s.ServletContextHandler@7196a8f1{/stages/stage,null,AVAILABLE,@Spark}
2025-11-05 19:25:55 INFO  ContextHandler:907 - Started o.s.j.s.ServletContextHandler@8f39224{/stages/stage/json,null,AVAILABLE,@Spark}
2025-11-05 19:25:55 INFO  ContextHandler:907 - Started o.s.j.s.ServletContextHandler@43e3a390{/stages/pool,null,AVAILABLE,@Spark}
2025-11-05 19:25:55 INFO  ContextHandler:907 - Started o.s.j.s.ServletContextHandler@50dc49e1{/stages/pool/json,null,AVAILABLE,@Spark}
2025-11-05 19:25:55 INFO  ContextHandler:907 - Started o.s.j.s.ServletContextHandler@3babcaed{/stages/taskThreadDump,null,AVAILABLE,@Spark}
2025-11-05 19:25:55 INFO  ContextHandler:907 - Started o.s.j.s.ServletContextHandler@19bfbe28{/stages/taskThreadDump/json,null,AVAILABLE,@Spark}
2025-11-05 19:25:55 INFO  ContextHandler:907 - Started o.s.j.s.ServletContextHandler@49ced9c7{/storage,null,AVAILABLE,@Spark}
2025-11-05 19:25:55 INFO  ContextHandler:907 - Started o.s.j.s.ServletContextHandler@75ed125a{/storage/json,null,AVAILABLE,@Spark}
2025-11-05 19:25:55 INFO  ContextHandler:907 - Started o.s.j.s.ServletContextHandler@5a85b4e6{/storage/rdd,null,AVAILABLE,@Spark}
2025-11-05 19:25:55 INFO  ContextHandler:907 - Started o.s.j.s.ServletContextHandler@6b09ce57{/storage/rdd/json,null,AVAILABLE,@Spark}
2025-11-05 19:25:55 INFO  ContextHandler:907 - Started o.s.j.s.ServletContextHandler@2b9aeedb{/environment,null,AVAILABLE,@Spark}
2025-11-05 19:25:55 INFO  ContextHandler:907 - Started o.s.j.s.ServletContextHandler@23ea8830{/environment/json,null,AVAILABLE,@Spark}
2025-11-05 19:25:55 INFO  ContextHandler:907 - Started o.s.j.s.ServletContextHandler@790ac3e0{/executors,null,AVAILABLE,@Spark}
2025-11-05 19:25:55 INFO  ContextHandler:907 - Started o.s.j.s.ServletContextHandler@2cee5365{/executors/json,null,AVAILABLE,@Spark}
2025-11-05 19:25:55 INFO  ContextHandler:907 - Started o.s.j.s.ServletContextHandler@56d6a1b1{/executors/threadDump,null,AVAILABLE,@Spark}
2025-11-05 19:25:55 INFO  ContextHandler:907 - Started o.s.j.s.ServletContextHandler@44da7eb3{/executors/threadDump/json,null,AVAILABLE,@Spark}
2025-11-05 19:25:55 INFO  ContextHandler:907 - Started o.s.j.s.ServletContextHandler@3d512652{/executors/heapHistogram,null,AVAILABLE,@Spark}
2025-11-05 19:25:55 INFO  ContextHandler:907 - Started o.s.j.s.ServletContextHandler@3b96f8b0{/executors/heapHistogram/json,null,AVAILABLE,@Spark}
2025-11-05 19:25:55 INFO  ContextHandler:907 - Started o.s.j.s.ServletContextHandler@1fc0d9b4{/static,null,AVAILABLE,@Spark}
2025-11-05 19:25:55 INFO  ContextHandler:907 - Started o.s.j.s.ServletContextHandler@7f1f60a0{/,null,AVAILABLE,@Spark}
2025-11-05 19:25:55 INFO  ContextHandler:907 - Started o.s.j.s.ServletContextHandler@71b26880{/api,null,AVAILABLE,@Spark}
2025-11-05 19:25:55 INFO  ContextHandler:907 - Started o.s.j.s.ServletContextHandler@70d3cdbf{/metrics,null,AVAILABLE,@Spark}
2025-11-05 19:25:55 INFO  ContextHandler:907 - Started o.s.j.s.ServletContextHandler@5b322873{/jobs/job/kill,null,AVAILABLE,@Spark}
2025-11-05 19:25:55 INFO  ContextHandler:907 - Started o.s.j.s.ServletContextHandler@7ad889be{/stages/stage/kill,null,AVAILABLE,@Spark}
2025-11-05 19:25:55 INFO  ContextHandler:907 - Started o.s.j.s.ServletContextHandler@7be38eba{/metrics/json,null,AVAILABLE,@Spark}
2025-11-05 19:25:55 INFO  SparkConfig:27 - SparkSession успешно создан!
2025-11-05 19:25:55 INFO  SparkConfig:28 - Имя приложения: SpaceX-Spark-App
2025-11-05 19:25:55 INFO  SparkConfig:29 - Режим выполнения (master): local[*]
2025-11-05 19:25:55 INFO  SparkConfig:30 - Версия Spark: 4.0.1
2025-11-05 19:25:55 INFO  ContextHandler:907 - Started o.s.j.s.ServletContextHandler@38fb151a{/SQL,null,AVAILABLE,@Spark}
2025-11-05 19:25:55 INFO  ContextHandler:907 - Started o.s.j.s.ServletContextHandler@1b60d324{/SQL/json,null,AVAILABLE,@Spark}
2025-11-05 19:25:55 INFO  ContextHandler:907 - Started o.s.j.s.ServletContextHandler@69d667a5{/SQL/execution,null,AVAILABLE,@Spark}
2025-11-05 19:25:55 INFO  ContextHandler:907 - Started o.s.j.s.ServletContextHandler@8f4b803{/SQL/execution/json,null,AVAILABLE,@Spark}
2025-11-05 19:25:55 INFO  ContextHandler:907 - Started o.s.j.s.ServletContextHandler@1bbb42b4{/static/sql,null,AVAILABLE,@Spark}
2025-11-05 19:25:56 INFO  LaunchRepository:26 - LaunchRepository инициализирован. Пустой Dataset создан.
2025-11-05 19:25:59 INFO  SpaceXService:31 - Отправка запроса к SpaceX API: https://api.spacexdata.com/v3/launches
2025-11-05 19:32:51 INFO  Server:479 - Stopped Server@6282b9f5{STOPPING}[11.0.24,sto=30000]
2025-11-05 19:32:51 INFO  Server:135 - Shutdown Server@6282b9f5{STOPPING}[11.0.24,sto=30000]
2025-11-05 19:32:51 INFO  AbstractConnector:431 - Stopped Spark@7134fdc7{HTTP/1.1, (http/1.1)}{0.0.0.0:4040}
2025-11-09 15:20:50 INFO  SparkConfig:17 - Инициализация SparkSession...
2025-11-09 15:20:52 WARN  Shell:746 - Did not find winutils.exe: java.io.FileNotFoundException: Hadoop bin directory does not exist: D:\SpaceXSpark\bin -see https://cwiki.apache.org/confluence/display/HADOOP2/WindowsProblems
2025-11-09 15:20:52 WARN  NativeCodeLoader:60 - Unable to load native-hadoop library for your platform... using builtin-java classes where applicable
2025-11-09 15:20:52 INFO  Server:384 - jetty-11.0.24; built: 2024-08-26T18:11:22.448Z; git: 5dfc59a691b748796f922208956bd1f2794bcd16; jvm 21.0.6+7-LTS
2025-11-09 15:20:52 INFO  Server:439 - Started Server@4962b41e{STARTING}[11.0.24,sto=30000] @3647ms
2025-11-09 15:20:52 INFO  AbstractConnector:376 - Started ServerConnector@12ea55dc{HTTP/1.1, (http/1.1)}{0.0.0.0:4040}
2025-11-09 15:20:52 INFO  ContextHandler:907 - Started o.s.j.s.ServletContextHandler@75eaba95{/,null,AVAILABLE,@Spark}
2025-11-09 15:20:53 INFO  ContextHandler:1123 - Stopped o.s.j.s.ServletContextHandler@75eaba95{/,null,STOPPED,@Spark}
2025-11-09 15:20:53 INFO  ContextHandler:907 - Started o.s.j.s.ServletContextHandler@1182413a{/jobs,null,AVAILABLE,@Spark}
2025-11-09 15:20:53 INFO  ContextHandler:907 - Started o.s.j.s.ServletContextHandler@5b14f482{/jobs/json,null,AVAILABLE,@Spark}
2025-11-09 15:20:53 INFO  ContextHandler:907 - Started o.s.j.s.ServletContextHandler@1a785fd5{/jobs/job,null,AVAILABLE,@Spark}
2025-11-09 15:20:53 INFO  ContextHandler:907 - Started o.s.j.s.ServletContextHandler@362a561e{/jobs/job/json,null,AVAILABLE,@Spark}
2025-11-09 15:20:53 INFO  ContextHandler:907 - Started o.s.j.s.ServletContextHandler@75ad30c1{/stages,null,AVAILABLE,@Spark}
2025-11-09 15:20:53 INFO  ContextHandler:907 - Started o.s.j.s.ServletContextHandler@6b9697ae{/stages/json,null,AVAILABLE,@Spark}
2025-11-09 15:20:53 INFO  ContextHandler:907 - Started o.s.j.s.ServletContextHandler@40c76f5a{/stages/stage,null,AVAILABLE,@Spark}
2025-11-09 15:20:53 INFO  ContextHandler:907 - Started o.s.j.s.ServletContextHandler@5546e754{/stages/stage/json,null,AVAILABLE,@Spark}
2025-11-09 15:20:53 INFO  ContextHandler:907 - Started o.s.j.s.ServletContextHandler@7196a8f1{/stages/pool,null,AVAILABLE,@Spark}
2025-11-09 15:20:53 INFO  ContextHandler:907 - Started o.s.j.s.ServletContextHandler@8f39224{/stages/pool/json,null,AVAILABLE,@Spark}
2025-11-09 15:20:53 INFO  ContextHandler:907 - Started o.s.j.s.ServletContextHandler@43e3a390{/stages/taskThreadDump,null,AVAILABLE,@Spark}
2025-11-09 15:20:53 INFO  ContextHandler:907 - Started o.s.j.s.ServletContextHandler@50dc49e1{/stages/taskThreadDump/json,null,AVAILABLE,@Spark}
2025-11-09 15:20:53 INFO  ContextHandler:907 - Started o.s.j.s.ServletContextHandler@3babcaed{/storage,null,AVAILABLE,@Spark}
2025-11-09 15:20:53 INFO  ContextHandler:907 - Started o.s.j.s.ServletContextHandler@19bfbe28{/storage/json,null,AVAILABLE,@Spark}
2025-11-09 15:20:53 INFO  ContextHandler:907 - Started o.s.j.s.ServletContextHandler@49ced9c7{/storage/rdd,null,AVAILABLE,@Spark}
2025-11-09 15:20:53 INFO  ContextHandler:907 - Started o.s.j.s.ServletContextHandler@75ed125a{/storage/rdd/json,null,AVAILABLE,@Spark}
2025-11-09 15:20:53 INFO  ContextHandler:907 - Started o.s.j.s.ServletContextHandler@5a85b4e6{/environment,null,AVAILABLE,@Spark}
2025-11-09 15:20:53 INFO  ContextHandler:907 - Started o.s.j.s.ServletContextHandler@6b09ce57{/environment/json,null,AVAILABLE,@Spark}
2025-11-09 15:20:53 INFO  ContextHandler:907 - Started o.s.j.s.ServletContextHandler@2b9aeedb{/executors,null,AVAILABLE,@Spark}
2025-11-09 15:20:53 INFO  ContextHandler:907 - Started o.s.j.s.ServletContextHandler@23ea8830{/executors/json,null,AVAILABLE,@Spark}
2025-11-09 15:20:53 INFO  ContextHandler:907 - Started o.s.j.s.ServletContextHandler@790ac3e0{/executors/threadDump,null,AVAILABLE,@Spark}
2025-11-09 15:20:53 INFO  ContextHandler:907 - Started o.s.j.s.ServletContextHandler@2cee5365{/executors/threadDump/json,null,AVAILABLE,@Spark}
2025-11-09 15:20:53 INFO  ContextHandler:907 - Started o.s.j.s.ServletContextHandler@56d6a1b1{/executors/heapHistogram,null,AVAILABLE,@Spark}
2025-11-09 15:20:53 INFO  ContextHandler:907 - Started o.s.j.s.ServletContextHandler@44da7eb3{/executors/heapHistogram/json,null,AVAILABLE,@Spark}
2025-11-09 15:20:53 INFO  ContextHandler:907 - Started o.s.j.s.ServletContextHandler@3d512652{/static,null,AVAILABLE,@Spark}
2025-11-09 15:20:53 INFO  ContextHandler:907 - Started o.s.j.s.ServletContextHandler@5e98032e{/,null,AVAILABLE,@Spark}
2025-11-09 15:20:53 INFO  ContextHandler:907 - Started o.s.j.s.ServletContextHandler@591be8aa{/api,null,AVAILABLE,@Spark}
2025-11-09 15:20:53 INFO  ContextHandler:907 - Started o.s.j.s.ServletContextHandler@afee63{/metrics,null,AVAILABLE,@Spark}
2025-11-09 15:20:53 INFO  ContextHandler:907 - Started o.s.j.s.ServletContextHandler@ff0e6d4{/jobs/job/kill,null,AVAILABLE,@Spark}
2025-11-09 15:20:53 INFO  ContextHandler:907 - Started o.s.j.s.ServletContextHandler@72a7aa4f{/stages/stage/kill,null,AVAILABLE,@Spark}
2025-11-09 15:20:53 INFO  ContextHandler:907 - Started o.s.j.s.ServletContextHandler@2fba0dac{/metrics/json,null,AVAILABLE,@Spark}
2025-11-09 15:20:53 INFO  SparkConfig:27 - SparkSession успешно создан!
2025-11-09 15:20:53 INFO  SparkConfig:28 - Имя приложения: SpaceX-Spark-App
2025-11-09 15:20:53 INFO  SparkConfig:29 - Режим выполнения (master): local[*]
2025-11-09 15:20:53 INFO  SparkConfig:30 - Версия Spark: 4.0.1
2025-11-09 15:20:53 INFO  ContextHandler:907 - Started o.s.j.s.ServletContextHandler@51a719e7{/SQL,null,AVAILABLE,@Spark}
2025-11-09 15:20:53 INFO  ContextHandler:907 - Started o.s.j.s.ServletContextHandler@1073c664{/SQL/json,null,AVAILABLE,@Spark}
2025-11-09 15:20:53 INFO  ContextHandler:907 - Started o.s.j.s.ServletContextHandler@182e4365{/SQL/execution,null,AVAILABLE,@Spark}
2025-11-09 15:20:53 INFO  ContextHandler:907 - Started o.s.j.s.ServletContextHandler@1e6d30c0{/SQL/execution/json,null,AVAILABLE,@Spark}
2025-11-09 15:20:53 INFO  ContextHandler:907 - Started o.s.j.s.ServletContextHandler@24fc2c80{/static/sql,null,AVAILABLE,@Spark}
2025-11-09 15:20:54 INFO  LaunchRepository:26 - LaunchRepository инициализирован. Пустой Dataset создан.
2025-11-09 15:20:58 INFO  SpaceXService:31 - Отправка запроса к SpaceX API: https://api.spacexdata.com/v3/launches
2025-11-09 15:21:28 INFO  Server:479 - Stopped Server@4962b41e{STOPPING}[11.0.24,sto=30000]
2025-11-09 15:21:28 INFO  Server:135 - Shutdown Server@4962b41e{STOPPING}[11.0.24,sto=30000]
2025-11-09 15:21:28 INFO  AbstractConnector:431 - Stopped Spark@12ea55dc{HTTP/1.1, (http/1.1)}{0.0.0.0:4040}
2025-11-09 15:38:48 INFO  SparkConfig:17 - Инициализация SparkSession...
2025-11-09 15:38:49 WARN  Shell:746 - Did not find winutils.exe: java.io.FileNotFoundException: Hadoop bin directory does not exist: D:\SpaceXSpark\bin -see https://cwiki.apache.org/confluence/display/HADOOP2/WindowsProblems
2025-11-09 15:38:49 WARN  NativeCodeLoader:60 - Unable to load native-hadoop library for your platform... using builtin-java classes where applicable
2025-11-09 15:38:50 INFO  Server:384 - jetty-11.0.24; built: 2024-08-26T18:11:22.448Z; git: 5dfc59a691b748796f922208956bd1f2794bcd16; jvm 21.0.6+7-LTS
2025-11-09 15:38:50 INFO  Server:439 - Started Server@4962b41e{STARTING}[11.0.24,sto=30000] @9271ms
2025-11-09 15:38:50 INFO  AbstractConnector:376 - Started ServerConnector@1419aced{HTTP/1.1, (http/1.1)}{0.0.0.0:4040}
2025-11-09 15:38:50 INFO  ContextHandler:907 - Started o.s.j.s.ServletContextHandler@75eaba95{/,null,AVAILABLE,@Spark}
2025-11-09 15:38:50 INFO  ContextHandler:1123 - Stopped o.s.j.s.ServletContextHandler@75eaba95{/,null,STOPPED,@Spark}
2025-11-09 15:38:50 INFO  ContextHandler:907 - Started o.s.j.s.ServletContextHandler@1182413a{/jobs,null,AVAILABLE,@Spark}
2025-11-09 15:38:50 INFO  ContextHandler:907 - Started o.s.j.s.ServletContextHandler@5b14f482{/jobs/json,null,AVAILABLE,@Spark}
2025-11-09 15:38:50 INFO  ContextHandler:907 - Started o.s.j.s.ServletContextHandler@1a785fd5{/jobs/job,null,AVAILABLE,@Spark}
2025-11-09 15:38:50 INFO  ContextHandler:907 - Started o.s.j.s.ServletContextHandler@362a561e{/jobs/job/json,null,AVAILABLE,@Spark}
2025-11-09 15:38:50 INFO  ContextHandler:907 - Started o.s.j.s.ServletContextHandler@75ad30c1{/stages,null,AVAILABLE,@Spark}
2025-11-09 15:38:50 INFO  ContextHandler:907 - Started o.s.j.s.ServletContextHandler@6b9697ae{/stages/json,null,AVAILABLE,@Spark}
2025-11-09 15:38:50 INFO  ContextHandler:907 - Started o.s.j.s.ServletContextHandler@40c76f5a{/stages/stage,null,AVAILABLE,@Spark}
2025-11-09 15:38:50 INFO  ContextHandler:907 - Started o.s.j.s.ServletContextHandler@5546e754{/stages/stage/json,null,AVAILABLE,@Spark}
2025-11-09 15:38:50 INFO  ContextHandler:907 - Started o.s.j.s.ServletContextHandler@7196a8f1{/stages/pool,null,AVAILABLE,@Spark}
2025-11-09 15:38:50 INFO  ContextHandler:907 - Started o.s.j.s.ServletContextHandler@8f39224{/stages/pool/json,null,AVAILABLE,@Spark}
2025-11-09 15:38:50 INFO  ContextHandler:907 - Started o.s.j.s.ServletContextHandler@43e3a390{/stages/taskThreadDump,null,AVAILABLE,@Spark}
2025-11-09 15:38:50 INFO  ContextHandler:907 - Started o.s.j.s.ServletContextHandler@50dc49e1{/stages/taskThreadDump/json,null,AVAILABLE,@Spark}
2025-11-09 15:38:50 INFO  ContextHandler:907 - Started o.s.j.s.ServletContextHandler@3babcaed{/storage,null,AVAILABLE,@Spark}
2025-11-09 15:38:50 INFO  ContextHandler:907 - Started o.s.j.s.ServletContextHandler@19bfbe28{/storage/json,null,AVAILABLE,@Spark}
2025-11-09 15:38:50 INFO  ContextHandler:907 - Started o.s.j.s.ServletContextHandler@49ced9c7{/storage/rdd,null,AVAILABLE,@Spark}
2025-11-09 15:38:50 INFO  ContextHandler:907 - Started o.s.j.s.ServletContextHandler@75ed125a{/storage/rdd/json,null,AVAILABLE,@Spark}
2025-11-09 15:38:50 INFO  ContextHandler:907 - Started o.s.j.s.ServletContextHandler@5a85b4e6{/environment,null,AVAILABLE,@Spark}
2025-11-09 15:38:50 INFO  ContextHandler:907 - Started o.s.j.s.ServletContextHandler@6b09ce57{/environment/json,null,AVAILABLE,@Spark}
2025-11-09 15:38:50 INFO  ContextHandler:907 - Started o.s.j.s.ServletContextHandler@2b9aeedb{/executors,null,AVAILABLE,@Spark}
2025-11-09 15:38:50 INFO  ContextHandler:907 - Started o.s.j.s.ServletContextHandler@23ea8830{/executors/json,null,AVAILABLE,@Spark}
2025-11-09 15:38:50 INFO  ContextHandler:907 - Started o.s.j.s.ServletContextHandler@790ac3e0{/executors/threadDump,null,AVAILABLE,@Spark}
2025-11-09 15:38:50 INFO  ContextHandler:907 - Started o.s.j.s.ServletContextHandler@2cee5365{/executors/threadDump/json,null,AVAILABLE,@Spark}
2025-11-09 15:38:50 INFO  ContextHandler:907 - Started o.s.j.s.ServletContextHandler@56d6a1b1{/executors/heapHistogram,null,AVAILABLE,@Spark}
2025-11-09 15:38:50 INFO  ContextHandler:907 - Started o.s.j.s.ServletContextHandler@44da7eb3{/executors/heapHistogram/json,null,AVAILABLE,@Spark}
2025-11-09 15:38:50 INFO  ContextHandler:907 - Started o.s.j.s.ServletContextHandler@3d512652{/static,null,AVAILABLE,@Spark}
2025-11-09 15:38:50 INFO  ContextHandler:907 - Started o.s.j.s.ServletContextHandler@5e98032e{/,null,AVAILABLE,@Spark}
2025-11-09 15:38:50 INFO  ContextHandler:907 - Started o.s.j.s.ServletContextHandler@591be8aa{/api,null,AVAILABLE,@Spark}
2025-11-09 15:38:50 INFO  ContextHandler:907 - Started o.s.j.s.ServletContextHandler@afee63{/metrics,null,AVAILABLE,@Spark}
2025-11-09 15:38:50 INFO  ContextHandler:907 - Started o.s.j.s.ServletContextHandler@ff0e6d4{/jobs/job/kill,null,AVAILABLE,@Spark}
2025-11-09 15:38:50 INFO  ContextHandler:907 - Started o.s.j.s.ServletContextHandler@72a7aa4f{/stages/stage/kill,null,AVAILABLE,@Spark}
2025-11-09 15:38:50 INFO  ContextHandler:907 - Started o.s.j.s.ServletContextHandler@2fba0dac{/metrics/json,null,AVAILABLE,@Spark}
2025-11-09 15:38:50 INFO  SparkConfig:27 - SparkSession успешно создан!
2025-11-09 15:38:50 INFO  SparkConfig:28 - Имя приложения: SpaceX-Spark-App
2025-11-09 15:38:50 INFO  SparkConfig:29 - Режим выполнения (master): local[*]
2025-11-09 15:38:50 INFO  SparkConfig:30 - Версия Spark: 4.0.1
2025-11-09 15:38:51 INFO  ContextHandler:907 - Started o.s.j.s.ServletContextHandler@51a719e7{/SQL,null,AVAILABLE,@Spark}
2025-11-09 15:38:51 INFO  ContextHandler:907 - Started o.s.j.s.ServletContextHandler@1073c664{/SQL/json,null,AVAILABLE,@Spark}
2025-11-09 15:38:51 INFO  ContextHandler:907 - Started o.s.j.s.ServletContextHandler@182e4365{/SQL/execution,null,AVAILABLE,@Spark}
2025-11-09 15:38:51 INFO  ContextHandler:907 - Started o.s.j.s.ServletContextHandler@1e6d30c0{/SQL/execution/json,null,AVAILABLE,@Spark}
2025-11-09 15:38:51 INFO  ContextHandler:907 - Started o.s.j.s.ServletContextHandler@24fc2c80{/static/sql,null,AVAILABLE,@Spark}
2025-11-09 15:38:52 INFO  LaunchRepository:26 - LaunchRepository инициализирован. Пустой Dataset создан.
2025-11-09 15:38:55 INFO  SpaceXService:31 - Отправка запроса к SpaceX API: https://api.spacexdata.com/v3/launches
2025-11-09 15:38:57 INFO  SpaceXService:47 - Получено 111 запусков
2025-11-09 15:38:57 INFO  LaunchRepository:31 - Сохраняем список запусков, размер: 111
2025-11-09 15:38:59 INFO  LaunchRepository:34 - Список запусков добавлен. Текущее количество запусков: 111
2025-11-09 15:39:04 INFO  LaunchRepository:71 - Читаем все запуски. Всего: 111
2025-11-09 15:39:13 INFO  LaunchRepository:71 - Читаем все запуски. Всего: 111
2025-11-09 15:39:20 INFO  LaunchRepository:71 - Читаем все запуски. Всего: 111
2025-11-09 15:39:22 INFO  Version:44 - HHH000412: Hibernate ORM core version 6.3.1.Final
2025-11-09 15:39:23 INFO  RegionFactoryInitiator:50 - HHH000026: Second-level cache disabled
2025-11-09 15:39:23 WARN  pooling:80 - HHH10001002: Using built-in connection pool (not intended for production use)
2025-11-09 15:39:23 INFO  pooling:135 - HHH10001005: Loaded JDBC driver class: org.postgresql.Driver
2025-11-09 15:39:23 INFO  pooling:157 - HHH10001012: Connecting with JDBC URL [jdbc:postgresql://localhost:5432/spacex]
2025-11-09 15:39:23 INFO  pooling:166 - HHH10001001: Connection properties: {password=****, user=postgres}
2025-11-09 15:39:23 INFO  pooling:170 - HHH10001003: Autocommit mode: false
2025-11-09 15:39:23 INFO  pooling:366 - HHH10001115: Connection pool size: 5 (min=1)
2025-11-09 15:39:23 WARN  deprecation:152 - HHH90000025: PostgreSQLDialect does not need to be specified explicitly using 'hibernate.dialect' (remove the property setting and it will be selected by default)
2025-11-09 15:39:24 INFO  JtaPlatformInitiator:58 - HHH000489: No JTA platform available (set 'hibernate.transaction.jta.platform' to enable JTA platform integration)
2025-11-09 15:39:24 INFO  access:52 - HHH10001501: Connection obtained from JdbcConnectionAccess [org.hibernate.engine.jdbc.env.internal.JdbcEnvironmentInitiator$ConnectionProviderJdbcConnectionAccess@746169cd] for (non-JTA) DDL execution was not in auto-commit mode; the Connection 'local transaction' will be committed and the Connection will be set into auto-commit mode.
2025-11-09 15:39:37 INFO  Server:479 - Stopped Server@4962b41e{STOPPING}[11.0.24,sto=30000]
2025-11-09 15:39:37 INFO  Server:135 - Shutdown Server@4962b41e{STOPPING}[11.0.24,sto=30000]
2025-11-09 15:39:37 INFO  AbstractConnector:431 - Stopped Spark@1419aced{HTTP/1.1, (http/1.1)}{0.0.0.0:4040}
2026-01-10 11:43:40 INFO  SparkConfig:17 - Инициализация SparkSession...
2026-01-10 11:43:41 WARN  Shell:746 - Did not find winutils.exe: java.io.FileNotFoundException: java.io.FileNotFoundException: HADOOP_HOME and hadoop.home.dir are unset. -see https://cwiki.apache.org/confluence/display/HADOOP2/WindowsProblems
2026-01-10 11:43:41 WARN  NativeCodeLoader:60 - Unable to load native-hadoop library for your platform... using builtin-java classes where applicable
2026-01-10 11:43:42 INFO  Server:384 - jetty-11.0.24; built: 2024-08-26T18:11:22.448Z; git: 5dfc59a691b748796f922208956bd1f2794bcd16; jvm 21.0.6+7-LTS
2026-01-10 11:43:42 INFO  Server:439 - Started Server@7e050be1{STARTING}[11.0.24,sto=30000] @2979ms
2026-01-10 11:43:42 INFO  AbstractConnector:376 - Started ServerConnector@679cc33d{HTTP/1.1, (http/1.1)}{0.0.0.0:4040}
2026-01-10 11:43:42 INFO  ContextHandler:907 - Started o.s.j.s.ServletContextHandler@5b665a30{/,null,AVAILABLE,@Spark}
2026-01-10 11:43:42 INFO  ContextHandler:1123 - Stopped o.s.j.s.ServletContextHandler@5b665a30{/,null,STOPPED,@Spark}
2026-01-10 11:43:42 INFO  ContextHandler:907 - Started o.s.j.s.ServletContextHandler@3514ac7d{/jobs,null,AVAILABLE,@Spark}
2026-01-10 11:43:42 INFO  ContextHandler:907 - Started o.s.j.s.ServletContextHandler@160c7c42{/jobs/json,null,AVAILABLE,@Spark}
2026-01-10 11:43:42 INFO  ContextHandler:907 - Started o.s.j.s.ServletContextHandler@5503c7d{/jobs/job,null,AVAILABLE,@Spark}
2026-01-10 11:43:42 INFO  ContextHandler:907 - Started o.s.j.s.ServletContextHandler@2ec0ca83{/jobs/job/json,null,AVAILABLE,@Spark}
2026-01-10 11:43:42 INFO  ContextHandler:907 - Started o.s.j.s.ServletContextHandler@7827d7b{/stages,null,AVAILABLE,@Spark}
2026-01-10 11:43:42 INFO  ContextHandler:907 - Started o.s.j.s.ServletContextHandler@2e7a9db7{/stages/json,null,AVAILABLE,@Spark}
2026-01-10 11:43:42 INFO  ContextHandler:907 - Started o.s.j.s.ServletContextHandler@11cc9e1e{/stages/stage,null,AVAILABLE,@Spark}
2026-01-10 11:43:42 INFO  ContextHandler:907 - Started o.s.j.s.ServletContextHandler@5b0e9e0c{/stages/stage/json,null,AVAILABLE,@Spark}
2026-01-10 11:43:42 INFO  ContextHandler:907 - Started o.s.j.s.ServletContextHandler@21ea1d9d{/stages/pool,null,AVAILABLE,@Spark}
2026-01-10 11:43:42 INFO  ContextHandler:907 - Started o.s.j.s.ServletContextHandler@36a58466{/stages/pool/json,null,AVAILABLE,@Spark}
2026-01-10 11:43:42 INFO  ContextHandler:907 - Started o.s.j.s.ServletContextHandler@9147ba2{/stages/taskThreadDump,null,AVAILABLE,@Spark}
2026-01-10 11:43:42 INFO  ContextHandler:907 - Started o.s.j.s.ServletContextHandler@2efcc0b3{/stages/taskThreadDump/json,null,AVAILABLE,@Spark}
2026-01-10 11:43:42 INFO  ContextHandler:907 - Started o.s.j.s.ServletContextHandler@60a6840c{/storage,null,AVAILABLE,@Spark}
2026-01-10 11:43:42 INFO  ContextHandler:907 - Started o.s.j.s.ServletContextHandler@1be3f8f8{/storage/json,null,AVAILABLE,@Spark}
2026-01-10 11:43:42 INFO  ContextHandler:907 - Started o.s.j.s.ServletContextHandler@2ceb68a1{/storage/rdd,null,AVAILABLE,@Spark}
2026-01-10 11:43:42 INFO  ContextHandler:907 - Started o.s.j.s.ServletContextHandler@69c33ea2{/storage/rdd/json,null,AVAILABLE,@Spark}
2026-01-10 11:43:42 INFO  ContextHandler:907 - Started o.s.j.s.ServletContextHandler@2e3900dc{/environment,null,AVAILABLE,@Spark}
2026-01-10 11:43:42 INFO  ContextHandler:907 - Started o.s.j.s.ServletContextHandler@2a16d4dc{/environment/json,null,AVAILABLE,@Spark}
2026-01-10 11:43:42 INFO  ContextHandler:907 - Started o.s.j.s.ServletContextHandler@13d984ee{/executors,null,AVAILABLE,@Spark}
2026-01-10 11:43:42 INFO  ContextHandler:907 - Started o.s.j.s.ServletContextHandler@5341641d{/executors/json,null,AVAILABLE,@Spark}
2026-01-10 11:43:42 INFO  ContextHandler:907 - Started o.s.j.s.ServletContextHandler@7b3c0ecb{/executors/threadDump,null,AVAILABLE,@Spark}
2026-01-10 11:43:42 INFO  ContextHandler:907 - Started o.s.j.s.ServletContextHandler@3006bfb{/executors/threadDump/json,null,AVAILABLE,@Spark}
2026-01-10 11:43:42 INFO  ContextHandler:907 - Started o.s.j.s.ServletContextHandler@5402612e{/executors/heapHistogram,null,AVAILABLE,@Spark}
2026-01-10 11:43:42 INFO  ContextHandler:907 - Started o.s.j.s.ServletContextHandler@431babe6{/executors/heapHistogram/json,null,AVAILABLE,@Spark}
2026-01-10 11:43:42 INFO  ContextHandler:907 - Started o.s.j.s.ServletContextHandler@5072e638{/static,null,AVAILABLE,@Spark}
2026-01-10 11:43:42 INFO  ContextHandler:907 - Started o.s.j.s.ServletContextHandler@4345fd45{/,null,AVAILABLE,@Spark}
2026-01-10 11:43:42 INFO  ContextHandler:907 - Started o.s.j.s.ServletContextHandler@10d905c1{/api,null,AVAILABLE,@Spark}
2026-01-10 11:43:42 INFO  ContextHandler:907 - Started o.s.j.s.ServletContextHandler@7a62d697{/metrics,null,AVAILABLE,@Spark}
2026-01-10 11:43:42 INFO  ContextHandler:907 - Started o.s.j.s.ServletContextHandler@62ab5e63{/jobs/job/kill,null,AVAILABLE,@Spark}
2026-01-10 11:43:42 INFO  ContextHandler:907 - Started o.s.j.s.ServletContextHandler@5e8f0f98{/stages/stage/kill,null,AVAILABLE,@Spark}
2026-01-10 11:43:42 INFO  ContextHandler:907 - Started o.s.j.s.ServletContextHandler@62158991{/metrics/json,null,AVAILABLE,@Spark}
2026-01-10 11:43:42 INFO  SparkConfig:27 - SparkSession успешно создан!
2026-01-10 11:43:42 INFO  SparkConfig:28 - Имя приложения: SpaceX-Spark-App
2026-01-10 11:43:42 INFO  SparkConfig:29 - Режим выполнения (master): local[*]
2026-01-10 11:43:42 INFO  SparkConfig:30 - Версия Spark: 4.0.1
2026-01-10 11:43:43 INFO  ContextHandler:907 - Started o.s.j.s.ServletContextHandler@4888d1ea{/SQL,null,AVAILABLE,@Spark}
2026-01-10 11:43:43 INFO  ContextHandler:907 - Started o.s.j.s.ServletContextHandler@3fd9e01c{/SQL/json,null,AVAILABLE,@Spark}
2026-01-10 11:43:43 INFO  ContextHandler:907 - Started o.s.j.s.ServletContextHandler@1f19d423{/SQL/execution,null,AVAILABLE,@Spark}
2026-01-10 11:43:43 INFO  ContextHandler:907 - Started o.s.j.s.ServletContextHandler@23933031{/SQL/execution/json,null,AVAILABLE,@Spark}
2026-01-10 11:43:43 INFO  ContextHandler:907 - Started o.s.j.s.ServletContextHandler@68360fb9{/static/sql,null,AVAILABLE,@Spark}
2026-01-10 11:43:44 INFO  LaunchRepository:26 - LaunchRepository инициализирован. Пустой Dataset создан.
2026-01-10 11:43:44 INFO  LaunchRepository:31 - Сохраняем список запусков, размер: 2
2026-01-10 11:43:45 INFO  LaunchRepository:34 - Список запусков добавлен. Текущее количество запусков: 2
2026-01-10 11:43:46 INFO  LaunchRepository:71 - Читаем все запуски. Всего: 2
2026-01-10 11:43:46 INFO  LaunchRepository:52 - Читаем запуск с flight_number: 1
2026-01-10 11:43:46 INFO  LaunchRepository:64 - Запуск с flight_number 1 найден
2026-01-10 11:43:46 INFO  LaunchRepository:77 - Проверяем существование запуска с flight_number: 1
2026-01-10 11:43:46 INFO  LaunchRepository:85 - Запуск с flight_number 1 существует: true
2026-01-10 11:43:46 INFO  LaunchRepository:77 - Проверяем существование запуска с flight_number: 999
2026-01-10 11:43:46 INFO  LaunchRepository:85 - Запуск с flight_number 999 существует: false
2026-01-10 11:43:46 INFO  LaunchRepository:39 - Сохраняем запуск с flight_number: 3
2026-01-10 11:43:46 INFO  LaunchRepository:77 - Проверяем существование запуска с flight_number: 3
2026-01-10 11:43:46 INFO  LaunchRepository:85 - Запуск с flight_number 3 существует: false
2026-01-10 11:43:46 INFO  LaunchRepository:46 - Запуск добавлен. Текущее количество запусков: 3
2026-01-10 11:43:46 INFO  LaunchRepository:52 - Читаем запуск с flight_number: 3
2026-01-10 11:43:46 INFO  LaunchRepository:64 - Запуск с flight_number 3 найден
2026-01-10 11:43:46 INFO  LaunchRepository:39 - Сохраняем запуск с flight_number: 1
2026-01-10 11:43:46 INFO  LaunchRepository:77 - Проверяем существование запуска с flight_number: 1
2026-01-10 11:43:46 INFO  LaunchRepository:85 - Запуск с flight_number 1 существует: true
2026-01-10 11:43:46 INFO  LaunchRepository:41 - Запуск с flight_number 1 уже существует. Обновляем его.
2026-01-10 11:43:46 INFO  LaunchRepository:105 - Обновляем запуск с flight_number: 1
2026-01-10 11:43:46 INFO  LaunchRepository:110 - Запуск с flight_number 1 обновлен
2026-01-10 11:43:46 INFO  LaunchRepository:52 - Читаем запуск с flight_number: 1
2026-01-10 11:43:46 INFO  LaunchRepository:64 - Запуск с flight_number 1 найден
2026-01-10 11:43:46 INFO  LaunchRepository:105 - Обновляем запуск с flight_number: 2
2026-01-10 11:43:46 INFO  LaunchRepository:110 - Запуск с flight_number 2 обновлен
2026-01-10 11:43:46 INFO  LaunchRepository:52 - Читаем запуск с flight_number: 2
2026-01-10 11:43:46 INFO  LaunchRepository:64 - Запуск с flight_number 2 найден
2026-01-10 11:43:46 INFO  LaunchRepository:120 - Удаляем запуск с flight_number: 1
2026-01-10 11:43:46 INFO  LaunchRepository:128 - Удаление выполнено. Текущее количество запусков: 2
2026-01-10 11:43:46 INFO  LaunchRepository:52 - Читаем запуск с flight_number: 1
2026-01-10 11:43:46 WARN  LaunchRepository:61 - Запуск с flight_number 1 не найден
2026-01-10 11:43:46 INFO  LaunchRepository:71 - Читаем все запуски. Всего: 2
2026-01-10 11:43:46 INFO  LaunchRepository:133 - Удаляем все запуски
2026-01-10 11:43:46 INFO  LaunchRepository:135 - Все запуски удалены. Текущее количество: 0
2026-01-10 11:43:46 INFO  LaunchRepository:71 - Читаем все запуски. Всего: 0
2026-01-10 11:43:47 INFO  SpaceXService:31 - Отправка запроса к SpaceX API: https://api.spacexdata.com/v3/launches
2026-01-10 11:43:52 INFO  SpaceXService:47 - Получено 111 запусков
2026-01-10 11:43:52 INFO  Server:479 - Stopped Server@7e050be1{STOPPING}[11.0.24,sto=30000]
2026-01-10 11:43:52 INFO  Server:135 - Shutdown Server@7e050be1{STOPPING}[11.0.24,sto=30000]
2026-01-10 11:43:52 INFO  AbstractConnector:431 - Stopped Spark@679cc33d{HTTP/1.1, (http/1.1)}{0.0.0.0:4040}
2026-01-10 11:43:52 INFO  SparkConfig:41 - SparkSession остановлен.
2026-01-10 11:47:45 INFO  SparkConfig:17 - Инициализация SparkSession...
2026-01-10 11:47:46 WARN  Shell:746 - Did not find winutils.exe: java.io.FileNotFoundException: java.io.FileNotFoundException: HADOOP_HOME and hadoop.home.dir are unset. -see https://cwiki.apache.org/confluence/display/HADOOP2/WindowsProblems
2026-01-10 11:47:46 WARN  NativeCodeLoader:60 - Unable to load native-hadoop library for your platform... using builtin-java classes where applicable
2026-01-10 11:47:47 INFO  Server:384 - jetty-11.0.24; built: 2024-08-26T18:11:22.448Z; git: 5dfc59a691b748796f922208956bd1f2794bcd16; jvm 21.0.6+7-LTS
2026-01-10 11:47:47 INFO  Server:439 - Started Server@7e050be1{STARTING}[11.0.24,sto=30000] @2460ms
2026-01-10 11:47:47 INFO  AbstractConnector:376 - Started ServerConnector@1dd7801d{HTTP/1.1, (http/1.1)}{0.0.0.0:4040}
2026-01-10 11:47:47 INFO  ContextHandler:907 - Started o.s.j.s.ServletContextHandler@5b665a30{/,null,AVAILABLE,@Spark}
2026-01-10 11:47:47 INFO  ContextHandler:1123 - Stopped o.s.j.s.ServletContextHandler@5b665a30{/,null,STOPPED,@Spark}
2026-01-10 11:47:47 INFO  ContextHandler:907 - Started o.s.j.s.ServletContextHandler@3514ac7d{/jobs,null,AVAILABLE,@Spark}
2026-01-10 11:47:47 INFO  ContextHandler:907 - Started o.s.j.s.ServletContextHandler@160c7c42{/jobs/json,null,AVAILABLE,@Spark}
2026-01-10 11:47:47 INFO  ContextHandler:907 - Started o.s.j.s.ServletContextHandler@5503c7d{/jobs/job,null,AVAILABLE,@Spark}
2026-01-10 11:47:47 INFO  ContextHandler:907 - Started o.s.j.s.ServletContextHandler@2ec0ca83{/jobs/job/json,null,AVAILABLE,@Spark}
2026-01-10 11:47:47 INFO  ContextHandler:907 - Started o.s.j.s.ServletContextHandler@7827d7b{/stages,null,AVAILABLE,@Spark}
2026-01-10 11:47:47 INFO  ContextHandler:907 - Started o.s.j.s.ServletContextHandler@2e7a9db7{/stages/json,null,AVAILABLE,@Spark}
2026-01-10 11:47:47 INFO  ContextHandler:907 - Started o.s.j.s.ServletContextHandler@11cc9e1e{/stages/stage,null,AVAILABLE,@Spark}
2026-01-10 11:47:47 INFO  ContextHandler:907 - Started o.s.j.s.ServletContextHandler@5b0e9e0c{/stages/stage/json,null,AVAILABLE,@Spark}
2026-01-10 11:47:47 INFO  ContextHandler:907 - Started o.s.j.s.ServletContextHandler@21ea1d9d{/stages/pool,null,AVAILABLE,@Spark}
2026-01-10 11:47:47 INFO  ContextHandler:907 - Started o.s.j.s.ServletContextHandler@36a58466{/stages/pool/json,null,AVAILABLE,@Spark}
2026-01-10 11:47:47 INFO  ContextHandler:907 - Started o.s.j.s.ServletContextHandler@9147ba2{/stages/taskThreadDump,null,AVAILABLE,@Spark}
2026-01-10 11:47:47 INFO  ContextHandler:907 - Started o.s.j.s.ServletContextHandler@2efcc0b3{/stages/taskThreadDump/json,null,AVAILABLE,@Spark}
2026-01-10 11:47:47 INFO  ContextHandler:907 - Started o.s.j.s.ServletContextHandler@60a6840c{/storage,null,AVAILABLE,@Spark}
2026-01-10 11:47:47 INFO  ContextHandler:907 - Started o.s.j.s.ServletContextHandler@1be3f8f8{/storage/json,null,AVAILABLE,@Spark}
2026-01-10 11:47:47 INFO  ContextHandler:907 - Started o.s.j.s.ServletContextHandler@2ceb68a1{/storage/rdd,null,AVAILABLE,@Spark}
2026-01-10 11:47:47 INFO  ContextHandler:907 - Started o.s.j.s.ServletContextHandler@69c33ea2{/storage/rdd/json,null,AVAILABLE,@Spark}
2026-01-10 11:47:47 INFO  ContextHandler:907 - Started o.s.j.s.ServletContextHandler@2e3900dc{/environment,null,AVAILABLE,@Spark}
2026-01-10 11:47:47 INFO  ContextHandler:907 - Started o.s.j.s.ServletContextHandler@2a16d4dc{/environment/json,null,AVAILABLE,@Spark}
2026-01-10 11:47:47 INFO  ContextHandler:907 - Started o.s.j.s.ServletContextHandler@13d984ee{/executors,null,AVAILABLE,@Spark}
2026-01-10 11:47:47 INFO  ContextHandler:907 - Started o.s.j.s.ServletContextHandler@5341641d{/executors/json,null,AVAILABLE,@Spark}
2026-01-10 11:47:47 INFO  ContextHandler:907 - Started o.s.j.s.ServletContextHandler@7b3c0ecb{/executors/threadDump,null,AVAILABLE,@Spark}
2026-01-10 11:47:47 INFO  ContextHandler:907 - Started o.s.j.s.ServletContextHandler@3006bfb{/executors/threadDump/json,null,AVAILABLE,@Spark}
2026-01-10 11:47:47 INFO  ContextHandler:907 - Started o.s.j.s.ServletContextHandler@5402612e{/executors/heapHistogram,null,AVAILABLE,@Spark}
2026-01-10 11:47:47 INFO  ContextHandler:907 - Started o.s.j.s.ServletContextHandler@431babe6{/executors/heapHistogram/json,null,AVAILABLE,@Spark}
2026-01-10 11:47:47 INFO  ContextHandler:907 - Started o.s.j.s.ServletContextHandler@5072e638{/static,null,AVAILABLE,@Spark}
2026-01-10 11:47:47 INFO  ContextHandler:907 - Started o.s.j.s.ServletContextHandler@4345fd45{/,null,AVAILABLE,@Spark}
2026-01-10 11:47:47 INFO  ContextHandler:907 - Started o.s.j.s.ServletContextHandler@10d905c1{/api,null,AVAILABLE,@Spark}
2026-01-10 11:47:47 INFO  ContextHandler:907 - Started o.s.j.s.ServletContextHandler@7a62d697{/metrics,null,AVAILABLE,@Spark}
2026-01-10 11:47:47 INFO  ContextHandler:907 - Started o.s.j.s.ServletContextHandler@62ab5e63{/jobs/job/kill,null,AVAILABLE,@Spark}
2026-01-10 11:47:47 INFO  ContextHandler:907 - Started o.s.j.s.ServletContextHandler@5e8f0f98{/stages/stage/kill,null,AVAILABLE,@Spark}
2026-01-10 11:47:47 INFO  ContextHandler:907 - Started o.s.j.s.ServletContextHandler@62158991{/metrics/json,null,AVAILABLE,@Spark}
2026-01-10 11:47:47 INFO  SparkConfig:27 - SparkSession успешно создан!
2026-01-10 11:47:47 INFO  SparkConfig:28 - Имя приложения: SpaceX-Spark-App
2026-01-10 11:47:47 INFO  SparkConfig:29 - Режим выполнения (master): local[*]
2026-01-10 11:47:47 INFO  SparkConfig:30 - Версия Spark: 4.0.1
2026-01-10 11:47:48 INFO  ContextHandler:907 - Started o.s.j.s.ServletContextHandler@4888d1ea{/SQL,null,AVAILABLE,@Spark}
2026-01-10 11:47:48 INFO  ContextHandler:907 - Started o.s.j.s.ServletContextHandler@3fd9e01c{/SQL/json,null,AVAILABLE,@Spark}
2026-01-10 11:47:48 INFO  ContextHandler:907 - Started o.s.j.s.ServletContextHandler@1f19d423{/SQL/execution,null,AVAILABLE,@Spark}
2026-01-10 11:47:48 INFO  ContextHandler:907 - Started o.s.j.s.ServletContextHandler@23933031{/SQL/execution/json,null,AVAILABLE,@Spark}
2026-01-10 11:47:48 INFO  ContextHandler:907 - Started o.s.j.s.ServletContextHandler@68360fb9{/static/sql,null,AVAILABLE,@Spark}
2026-01-10 11:47:49 INFO  LaunchRepository:26 - LaunchRepository инициализирован. Пустой Dataset создан.
2026-01-10 11:47:49 INFO  LaunchRepository:31 - Сохраняем список запусков, размер: 2
2026-01-10 11:47:51 INFO  LaunchRepository:34 - Список запусков добавлен. Текущее количество запусков: 2
2026-01-10 11:47:51 INFO  LaunchRepository:71 - Читаем все запуски. Всего: 2
2026-01-10 11:47:51 INFO  LaunchRepository:52 - Читаем запуск с flight_number: 1
2026-01-10 11:47:51 INFO  LaunchRepository:64 - Запуск с flight_number 1 найден
2026-01-10 11:47:51 INFO  LaunchRepository:77 - Проверяем существование запуска с flight_number: 1
2026-01-10 11:47:51 INFO  LaunchRepository:85 - Запуск с flight_number 1 существует: true
2026-01-10 11:47:51 INFO  LaunchRepository:77 - Проверяем существование запуска с flight_number: 999
2026-01-10 11:47:51 INFO  LaunchRepository:85 - Запуск с flight_number 999 существует: false
2026-01-10 11:47:51 INFO  LaunchRepository:39 - Сохраняем запуск с flight_number: 3
2026-01-10 11:47:51 INFO  LaunchRepository:77 - Проверяем существование запуска с flight_number: 3
2026-01-10 11:47:51 INFO  LaunchRepository:85 - Запуск с flight_number 3 существует: false
2026-01-10 11:47:51 INFO  LaunchRepository:46 - Запуск добавлен. Текущее количество запусков: 3
2026-01-10 11:47:51 INFO  LaunchRepository:52 - Читаем запуск с flight_number: 3
2026-01-10 11:47:51 INFO  LaunchRepository:64 - Запуск с flight_number 3 найден
2026-01-10 11:47:51 INFO  LaunchRepository:39 - Сохраняем запуск с flight_number: 1
2026-01-10 11:47:51 INFO  LaunchRepository:77 - Проверяем существование запуска с flight_number: 1
2026-01-10 11:47:51 INFO  LaunchRepository:85 - Запуск с flight_number 1 существует: true
2026-01-10 11:47:51 INFO  LaunchRepository:41 - Запуск с flight_number 1 уже существует. Обновляем его.
2026-01-10 11:47:51 INFO  LaunchRepository:105 - Обновляем запуск с flight_number: 1
2026-01-10 11:47:51 INFO  LaunchRepository:110 - Запуск с flight_number 1 обновлен
2026-01-10 11:47:51 INFO  LaunchRepository:52 - Читаем запуск с flight_number: 1
2026-01-10 11:47:51 INFO  LaunchRepository:64 - Запуск с flight_number 1 найден
2026-01-10 11:47:51 INFO  LaunchRepository:105 - Обновляем запуск с flight_number: 2
2026-01-10 11:47:51 INFO  LaunchRepository:110 - Запуск с flight_number 2 обновлен
2026-01-10 11:47:51 INFO  LaunchRepository:52 - Читаем запуск с flight_number: 2
2026-01-10 11:47:51 INFO  LaunchRepository:64 - Запуск с flight_number 2 найден
2026-01-10 11:47:51 INFO  LaunchRepository:120 - Удаляем запуск с flight_number: 1
2026-01-10 11:47:51 INFO  LaunchRepository:128 - Удаление выполнено. Текущее количество запусков: 2
2026-01-10 11:47:51 INFO  LaunchRepository:52 - Читаем запуск с flight_number: 1
2026-01-10 11:47:51 WARN  LaunchRepository:61 - Запуск с flight_number 1 не найден
2026-01-10 11:47:51 INFO  LaunchRepository:71 - Читаем все запуски. Всего: 2
2026-01-10 11:47:51 INFO  LaunchRepository:133 - Удаляем все запуски
2026-01-10 11:47:51 INFO  LaunchRepository:135 - Все запуски удалены. Текущее количество: 0
2026-01-10 11:47:52 INFO  LaunchRepository:71 - Читаем все запуски. Всего: 0
2026-01-10 11:47:52 INFO  SpaceXService:31 - Отправка запроса к SpaceX API: https://api.spacexdata.com/v3/launches
2026-01-10 11:48:16 INFO  SpaceXService:47 - Получено 111 запусков
2026-01-10 11:48:16 INFO  Server:479 - Stopped Server@7e050be1{STOPPING}[11.0.24,sto=30000]
2026-01-10 11:48:16 INFO  Server:135 - Shutdown Server@7e050be1{STOPPING}[11.0.24,sto=30000]
2026-01-10 11:48:16 INFO  AbstractConnector:431 - Stopped Spark@1dd7801d{HTTP/1.1, (http/1.1)}{0.0.0.0:4040}
2026-01-10 11:48:16 INFO  SparkConfig:41 - SparkSession остановлен.
2026-01-10 12:17:43 INFO  SparkConfig:17 - Инициализация SparkSession...
2026-01-10 12:17:44 WARN  Shell:746 - Did not find winutils.exe: java.io.FileNotFoundException: java.io.FileNotFoundException: HADOOP_HOME and hadoop.home.dir are unset. -see https://cwiki.apache.org/confluence/display/HADOOP2/WindowsProblems
2026-01-10 12:17:44 WARN  NativeCodeLoader:60 - Unable to load native-hadoop library for your platform... using builtin-java classes where applicable
2026-01-10 12:17:45 INFO  Server:384 - jetty-11.0.24; built: 2024-08-26T18:11:22.448Z; git: 5dfc59a691b748796f922208956bd1f2794bcd16; jvm 21.0.6+7-LTS
2026-01-10 12:17:45 INFO  Server:439 - Started Server@7e050be1{STARTING}[11.0.24,sto=30000] @2761ms
2026-01-10 12:17:45 INFO  AbstractConnector:376 - Started ServerConnector@3c0e622b{HTTP/1.1, (http/1.1)}{0.0.0.0:4040}
2026-01-10 12:17:45 INFO  ContextHandler:907 - Started o.s.j.s.ServletContextHandler@5b665a30{/,null,AVAILABLE,@Spark}
2026-01-10 12:17:45 INFO  ContextHandler:1123 - Stopped o.s.j.s.ServletContextHandler@5b665a30{/,null,STOPPED,@Spark}
2026-01-10 12:17:45 INFO  ContextHandler:907 - Started o.s.j.s.ServletContextHandler@3514ac7d{/jobs,null,AVAILABLE,@Spark}
2026-01-10 12:17:45 INFO  ContextHandler:907 - Started o.s.j.s.ServletContextHandler@160c7c42{/jobs/json,null,AVAILABLE,@Spark}
2026-01-10 12:17:45 INFO  ContextHandler:907 - Started o.s.j.s.ServletContextHandler@5503c7d{/jobs/job,null,AVAILABLE,@Spark}
2026-01-10 12:17:45 INFO  ContextHandler:907 - Started o.s.j.s.ServletContextHandler@2ec0ca83{/jobs/job/json,null,AVAILABLE,@Spark}
2026-01-10 12:17:45 INFO  ContextHandler:907 - Started o.s.j.s.ServletContextHandler@7827d7b{/stages,null,AVAILABLE,@Spark}
2026-01-10 12:17:45 INFO  ContextHandler:907 - Started o.s.j.s.ServletContextHandler@2e7a9db7{/stages/json,null,AVAILABLE,@Spark}
2026-01-10 12:17:45 INFO  ContextHandler:907 - Started o.s.j.s.ServletContextHandler@11cc9e1e{/stages/stage,null,AVAILABLE,@Spark}
2026-01-10 12:17:45 INFO  ContextHandler:907 - Started o.s.j.s.ServletContextHandler@5b0e9e0c{/stages/stage/json,null,AVAILABLE,@Spark}
2026-01-10 12:17:45 INFO  ContextHandler:907 - Started o.s.j.s.ServletContextHandler@21ea1d9d{/stages/pool,null,AVAILABLE,@Spark}
2026-01-10 12:17:45 INFO  ContextHandler:907 - Started o.s.j.s.ServletContextHandler@36a58466{/stages/pool/json,null,AVAILABLE,@Spark}
2026-01-10 12:17:45 INFO  ContextHandler:907 - Started o.s.j.s.ServletContextHandler@9147ba2{/stages/taskThreadDump,null,AVAILABLE,@Spark}
2026-01-10 12:17:45 INFO  ContextHandler:907 - Started o.s.j.s.ServletContextHandler@2efcc0b3{/stages/taskThreadDump/json,null,AVAILABLE,@Spark}
2026-01-10 12:17:45 INFO  ContextHandler:907 - Started o.s.j.s.ServletContextHandler@60a6840c{/storage,null,AVAILABLE,@Spark}
2026-01-10 12:17:45 INFO  ContextHandler:907 - Started o.s.j.s.ServletContextHandler@1be3f8f8{/storage/json,null,AVAILABLE,@Spark}
2026-01-10 12:17:45 INFO  ContextHandler:907 - Started o.s.j.s.ServletContextHandler@2ceb68a1{/storage/rdd,null,AVAILABLE,@Spark}
2026-01-10 12:17:45 INFO  ContextHandler:907 - Started o.s.j.s.ServletContextHandler@69c33ea2{/storage/rdd/json,null,AVAILABLE,@Spark}
2026-01-10 12:17:45 INFO  ContextHandler:907 - Started o.s.j.s.ServletContextHandler@2e3900dc{/environment,null,AVAILABLE,@Spark}
2026-01-10 12:17:45 INFO  ContextHandler:907 - Started o.s.j.s.ServletContextHandler@2a16d4dc{/environment/json,null,AVAILABLE,@Spark}
2026-01-10 12:17:45 INFO  ContextHandler:907 - Started o.s.j.s.ServletContextHandler@13d984ee{/executors,null,AVAILABLE,@Spark}
2026-01-10 12:17:45 INFO  ContextHandler:907 - Started o.s.j.s.ServletContextHandler@5341641d{/executors/json,null,AVAILABLE,@Spark}
2026-01-10 12:17:45 INFO  ContextHandler:907 - Started o.s.j.s.ServletContextHandler@7b3c0ecb{/executors/threadDump,null,AVAILABLE,@Spark}
2026-01-10 12:17:45 INFO  ContextHandler:907 - Started o.s.j.s.ServletContextHandler@3006bfb{/executors/threadDump/json,null,AVAILABLE,@Spark}
2026-01-10 12:17:45 INFO  ContextHandler:907 - Started o.s.j.s.ServletContextHandler@5402612e{/executors/heapHistogram,null,AVAILABLE,@Spark}
2026-01-10 12:17:45 INFO  ContextHandler:907 - Started o.s.j.s.ServletContextHandler@431babe6{/executors/heapHistogram/json,null,AVAILABLE,@Spark}
2026-01-10 12:17:45 INFO  ContextHandler:907 - Started o.s.j.s.ServletContextHandler@5072e638{/static,null,AVAILABLE,@Spark}
2026-01-10 12:17:45 INFO  ContextHandler:907 - Started o.s.j.s.ServletContextHandler@4345fd45{/,null,AVAILABLE,@Spark}
2026-01-10 12:17:45 INFO  ContextHandler:907 - Started o.s.j.s.ServletContextHandler@10d905c1{/api,null,AVAILABLE,@Spark}
2026-01-10 12:17:45 INFO  ContextHandler:907 - Started o.s.j.s.ServletContextHandler@7a62d697{/metrics,null,AVAILABLE,@Spark}
2026-01-10 12:17:45 INFO  ContextHandler:907 - Started o.s.j.s.ServletContextHandler@62ab5e63{/jobs/job/kill,null,AVAILABLE,@Spark}
2026-01-10 12:17:45 INFO  ContextHandler:907 - Started o.s.j.s.ServletContextHandler@5e8f0f98{/stages/stage/kill,null,AVAILABLE,@Spark}
2026-01-10 12:17:45 INFO  ContextHandler:907 - Started o.s.j.s.ServletContextHandler@62158991{/metrics/json,null,AVAILABLE,@Spark}
2026-01-10 12:17:45 INFO  SparkConfig:27 - SparkSession успешно создан!
2026-01-10 12:17:45 INFO  SparkConfig:28 - Имя приложения: SpaceX-Spark-App
2026-01-10 12:17:45 INFO  SparkConfig:29 - Режим выполнения (master): local[*]
2026-01-10 12:17:45 INFO  SparkConfig:30 - Версия Spark: 4.0.1
2026-01-10 12:17:46 INFO  ContextHandler:907 - Started o.s.j.s.ServletContextHandler@4888d1ea{/SQL,null,AVAILABLE,@Spark}
2026-01-10 12:17:46 INFO  ContextHandler:907 - Started o.s.j.s.ServletContextHandler@3fd9e01c{/SQL/json,null,AVAILABLE,@Spark}
2026-01-10 12:17:46 INFO  ContextHandler:907 - Started o.s.j.s.ServletContextHandler@1f19d423{/SQL/execution,null,AVAILABLE,@Spark}
2026-01-10 12:17:46 INFO  ContextHandler:907 - Started o.s.j.s.ServletContextHandler@23933031{/SQL/execution/json,null,AVAILABLE,@Spark}
2026-01-10 12:17:46 INFO  ContextHandler:907 - Started o.s.j.s.ServletContextHandler@68360fb9{/static/sql,null,AVAILABLE,@Spark}
2026-01-10 12:17:47 INFO  LaunchRepository:26 - LaunchRepository инициализирован. Пустой Dataset создан.
2026-01-10 12:17:47 INFO  LaunchRepository:31 - Сохраняем список запусков, размер: 2
2026-01-10 12:17:49 INFO  LaunchRepository:34 - Список запусков добавлен. Текущее количество запусков: 2
2026-01-10 12:17:49 INFO  LaunchRepository:71 - Читаем все запуски. Всего: 2
2026-01-10 12:17:49 INFO  LaunchRepository:52 - Читаем запуск с flight_number: 1
2026-01-10 12:17:49 INFO  LaunchRepository:64 - Запуск с flight_number 1 найден
2026-01-10 12:17:49 INFO  LaunchRepository:77 - Проверяем существование запуска с flight_number: 1
2026-01-10 12:17:49 INFO  LaunchRepository:85 - Запуск с flight_number 1 существует: true
2026-01-10 12:17:49 INFO  LaunchRepository:77 - Проверяем существование запуска с flight_number: 999
2026-01-10 12:17:49 INFO  LaunchRepository:85 - Запуск с flight_number 999 существует: false
2026-01-10 12:17:49 INFO  LaunchRepository:39 - Сохраняем запуск с flight_number: 3
2026-01-10 12:17:49 INFO  LaunchRepository:77 - Проверяем существование запуска с flight_number: 3
2026-01-10 12:17:49 INFO  LaunchRepository:85 - Запуск с flight_number 3 существует: false
2026-01-10 12:17:49 INFO  LaunchRepository:46 - Запуск добавлен. Текущее количество запусков: 3
2026-01-10 12:17:49 INFO  LaunchRepository:52 - Читаем запуск с flight_number: 3
2026-01-10 12:17:49 INFO  LaunchRepository:64 - Запуск с flight_number 3 найден
2026-01-10 12:17:49 INFO  LaunchRepository:39 - Сохраняем запуск с flight_number: 1
2026-01-10 12:17:49 INFO  LaunchRepository:77 - Проверяем существование запуска с flight_number: 1
2026-01-10 12:17:49 INFO  LaunchRepository:85 - Запуск с flight_number 1 существует: true
2026-01-10 12:17:49 INFO  LaunchRepository:41 - Запуск с flight_number 1 уже существует. Обновляем его.
2026-01-10 12:17:49 INFO  LaunchRepository:105 - Обновляем запуск с flight_number: 1
2026-01-10 12:17:49 INFO  LaunchRepository:110 - Запуск с flight_number 1 обновлен
2026-01-10 12:17:49 INFO  LaunchRepository:52 - Читаем запуск с flight_number: 1
2026-01-10 12:17:49 INFO  LaunchRepository:64 - Запуск с flight_number 1 найден
2026-01-10 12:17:49 INFO  LaunchRepository:105 - Обновляем запуск с flight_number: 2
2026-01-10 12:17:49 INFO  LaunchRepository:110 - Запуск с flight_number 2 обновлен
2026-01-10 12:17:49 INFO  LaunchRepository:52 - Читаем запуск с flight_number: 2
2026-01-10 12:17:49 INFO  LaunchRepository:64 - Запуск с flight_number 2 найден
2026-01-10 12:17:49 INFO  LaunchRepository:120 - Удаляем запуск с flight_number: 1
2026-01-10 12:17:49 INFO  LaunchRepository:128 - Удаление выполнено. Текущее количество запусков: 2
2026-01-10 12:17:49 INFO  LaunchRepository:52 - Читаем запуск с flight_number: 1
2026-01-10 12:17:49 WARN  LaunchRepository:61 - Запуск с flight_number 1 не найден
2026-01-10 12:17:49 INFO  LaunchRepository:71 - Читаем все запуски. Всего: 2
2026-01-10 12:17:49 INFO  LaunchRepository:133 - Удаляем все запуски
2026-01-10 12:17:50 INFO  LaunchRepository:135 - Все запуски удалены. Текущее количество: 0
2026-01-10 12:17:50 INFO  LaunchRepository:71 - Читаем все запуски. Всего: 0
2026-01-10 12:17:50 INFO  SpaceXService:31 - Отправка запроса к SpaceX API: https://api.spacexdata.com/v3/launches
2026-01-10 12:17:58 INFO  SpaceXService:47 - Получено 111 запусков
2026-01-10 12:17:58 INFO  Server:479 - Stopped Server@7e050be1{STOPPING}[11.0.24,sto=30000]
2026-01-10 12:17:58 INFO  Server:135 - Shutdown Server@7e050be1{STOPPING}[11.0.24,sto=30000]
2026-01-10 12:17:58 INFO  AbstractConnector:431 - Stopped Spark@3c0e622b{HTTP/1.1, (http/1.1)}{0.0.0.0:4040}
2026-01-10 12:17:58 INFO  SparkConfig:41 - SparkSession остановлен.
2026-01-10 12:24:45 INFO  SparkConfig:17 - Инициализация SparkSession...
2026-01-10 12:24:46 WARN  Shell:746 - Did not find winutils.exe: java.io.FileNotFoundException: java.io.FileNotFoundException: HADOOP_HOME and hadoop.home.dir are unset. -see https://cwiki.apache.org/confluence/display/HADOOP2/WindowsProblems
2026-01-10 12:24:46 WARN  NativeCodeLoader:60 - Unable to load native-hadoop library for your platform... using builtin-java classes where applicable
2026-01-10 12:24:46 INFO  Server:384 - jetty-11.0.24; built: 2024-08-26T18:11:22.448Z; git: 5dfc59a691b748796f922208956bd1f2794bcd16; jvm 21.0.6+7-LTS
2026-01-10 12:24:46 INFO  Server:439 - Started Server@7e050be1{STARTING}[11.0.24,sto=30000] @2307ms
2026-01-10 12:24:46 INFO  AbstractConnector:376 - Started ServerConnector@22e7616f{HTTP/1.1, (http/1.1)}{0.0.0.0:4040}
2026-01-10 12:24:46 INFO  ContextHandler:907 - Started o.s.j.s.ServletContextHandler@5b665a30{/,null,AVAILABLE,@Spark}
2026-01-10 12:24:47 INFO  ContextHandler:1123 - Stopped o.s.j.s.ServletContextHandler@5b665a30{/,null,STOPPED,@Spark}
2026-01-10 12:24:47 INFO  ContextHandler:907 - Started o.s.j.s.ServletContextHandler@3514ac7d{/jobs,null,AVAILABLE,@Spark}
2026-01-10 12:24:47 INFO  ContextHandler:907 - Started o.s.j.s.ServletContextHandler@160c7c42{/jobs/json,null,AVAILABLE,@Spark}
2026-01-10 12:24:47 INFO  ContextHandler:907 - Started o.s.j.s.ServletContextHandler@5503c7d{/jobs/job,null,AVAILABLE,@Spark}
2026-01-10 12:24:47 INFO  ContextHandler:907 - Started o.s.j.s.ServletContextHandler@2ec0ca83{/jobs/job/json,null,AVAILABLE,@Spark}
2026-01-10 12:24:47 INFO  ContextHandler:907 - Started o.s.j.s.ServletContextHandler@7827d7b{/stages,null,AVAILABLE,@Spark}
2026-01-10 12:24:47 INFO  ContextHandler:907 - Started o.s.j.s.ServletContextHandler@2e7a9db7{/stages/json,null,AVAILABLE,@Spark}
2026-01-10 12:24:47 INFO  ContextHandler:907 - Started o.s.j.s.ServletContextHandler@11cc9e1e{/stages/stage,null,AVAILABLE,@Spark}
2026-01-10 12:24:47 INFO  ContextHandler:907 - Started o.s.j.s.ServletContextHandler@5b0e9e0c{/stages/stage/json,null,AVAILABLE,@Spark}
2026-01-10 12:24:47 INFO  ContextHandler:907 - Started o.s.j.s.ServletContextHandler@21ea1d9d{/stages/pool,null,AVAILABLE,@Spark}
2026-01-10 12:24:47 INFO  ContextHandler:907 - Started o.s.j.s.ServletContextHandler@36a58466{/stages/pool/json,null,AVAILABLE,@Spark}
2026-01-10 12:24:47 INFO  ContextHandler:907 - Started o.s.j.s.ServletContextHandler@9147ba2{/stages/taskThreadDump,null,AVAILABLE,@Spark}
2026-01-10 12:24:47 INFO  ContextHandler:907 - Started o.s.j.s.ServletContextHandler@2efcc0b3{/stages/taskThreadDump/json,null,AVAILABLE,@Spark}
2026-01-10 12:24:47 INFO  ContextHandler:907 - Started o.s.j.s.ServletContextHandler@60a6840c{/storage,null,AVAILABLE,@Spark}
2026-01-10 12:24:47 INFO  ContextHandler:907 - Started o.s.j.s.ServletContextHandler@1be3f8f8{/storage/json,null,AVAILABLE,@Spark}
2026-01-10 12:24:47 INFO  ContextHandler:907 - Started o.s.j.s.ServletContextHandler@2ceb68a1{/storage/rdd,null,AVAILABLE,@Spark}
2026-01-10 12:24:47 INFO  ContextHandler:907 - Started o.s.j.s.ServletContextHandler@69c33ea2{/storage/rdd/json,null,AVAILABLE,@Spark}
2026-01-10 12:24:47 INFO  ContextHandler:907 - Started o.s.j.s.ServletContextHandler@2e3900dc{/environment,null,AVAILABLE,@Spark}
2026-01-10 12:24:47 INFO  ContextHandler:907 - Started o.s.j.s.ServletContextHandler@2a16d4dc{/environment/json,null,AVAILABLE,@Spark}
2026-01-10 12:24:47 INFO  ContextHandler:907 - Started o.s.j.s.ServletContextHandler@13d984ee{/executors,null,AVAILABLE,@Spark}
2026-01-10 12:24:47 INFO  ContextHandler:907 - Started o.s.j.s.ServletContextHandler@5341641d{/executors/json,null,AVAILABLE,@Spark}
2026-01-10 12:24:47 INFO  ContextHandler:907 - Started o.s.j.s.ServletContextHandler@7b3c0ecb{/executors/threadDump,null,AVAILABLE,@Spark}
2026-01-10 12:24:47 INFO  ContextHandler:907 - Started o.s.j.s.ServletContextHandler@3006bfb{/executors/threadDump/json,null,AVAILABLE,@Spark}
2026-01-10 12:24:47 INFO  ContextHandler:907 - Started o.s.j.s.ServletContextHandler@5402612e{/executors/heapHistogram,null,AVAILABLE,@Spark}
2026-01-10 12:24:47 INFO  ContextHandler:907 - Started o.s.j.s.ServletContextHandler@431babe6{/executors/heapHistogram/json,null,AVAILABLE,@Spark}
2026-01-10 12:24:47 INFO  ContextHandler:907 - Started o.s.j.s.ServletContextHandler@5072e638{/static,null,AVAILABLE,@Spark}
2026-01-10 12:24:47 INFO  ContextHandler:907 - Started o.s.j.s.ServletContextHandler@4345fd45{/,null,AVAILABLE,@Spark}
2026-01-10 12:24:47 INFO  ContextHandler:907 - Started o.s.j.s.ServletContextHandler@10d905c1{/api,null,AVAILABLE,@Spark}
2026-01-10 12:24:47 INFO  ContextHandler:907 - Started o.s.j.s.ServletContextHandler@7a62d697{/metrics,null,AVAILABLE,@Spark}
2026-01-10 12:24:47 INFO  ContextHandler:907 - Started o.s.j.s.ServletContextHandler@62ab5e63{/jobs/job/kill,null,AVAILABLE,@Spark}
2026-01-10 12:24:47 INFO  ContextHandler:907 - Started o.s.j.s.ServletContextHandler@5e8f0f98{/stages/stage/kill,null,AVAILABLE,@Spark}
2026-01-10 12:24:47 INFO  ContextHandler:907 - Started o.s.j.s.ServletContextHandler@62158991{/metrics/json,null,AVAILABLE,@Spark}
2026-01-10 12:24:47 INFO  SparkConfig:27 - SparkSession успешно создан!
2026-01-10 12:24:47 INFO  SparkConfig:28 - Имя приложения: SpaceX-Spark-App
2026-01-10 12:24:47 INFO  SparkConfig:29 - Режим выполнения (master): local[*]
2026-01-10 12:24:47 INFO  SparkConfig:30 - Версия Spark: 4.0.1
2026-01-10 12:24:47 INFO  ContextHandler:907 - Started o.s.j.s.ServletContextHandler@4888d1ea{/SQL,null,AVAILABLE,@Spark}
2026-01-10 12:24:47 INFO  ContextHandler:907 - Started o.s.j.s.ServletContextHandler@3fd9e01c{/SQL/json,null,AVAILABLE,@Spark}
2026-01-10 12:24:47 INFO  ContextHandler:907 - Started o.s.j.s.ServletContextHandler@1f19d423{/SQL/execution,null,AVAILABLE,@Spark}
2026-01-10 12:24:47 INFO  ContextHandler:907 - Started o.s.j.s.ServletContextHandler@23933031{/SQL/execution/json,null,AVAILABLE,@Spark}
2026-01-10 12:24:47 INFO  ContextHandler:907 - Started o.s.j.s.ServletContextHandler@68360fb9{/static/sql,null,AVAILABLE,@Spark}
2026-01-10 12:24:48 INFO  LaunchRepository:26 - LaunchRepository инициализирован. Пустой Dataset создан.
2026-01-10 12:24:48 INFO  LaunchRepository:31 - Сохраняем список запусков, размер: 2
2026-01-10 12:24:50 INFO  LaunchRepository:34 - Список запусков добавлен. Текущее количество запусков: 2
2026-01-10 12:24:50 INFO  LaunchRepository:71 - Читаем все запуски. Всего: 2
2026-01-10 12:24:50 INFO  LaunchRepository:52 - Читаем запуск с flight_number: 1
2026-01-10 12:24:50 INFO  LaunchRepository:64 - Запуск с flight_number 1 найден
2026-01-10 12:24:50 INFO  LaunchRepository:77 - Проверяем существование запуска с flight_number: 1
2026-01-10 12:24:50 INFO  LaunchRepository:85 - Запуск с flight_number 1 существует: true
2026-01-10 12:24:50 INFO  LaunchRepository:77 - Проверяем существование запуска с flight_number: 999
2026-01-10 12:24:50 INFO  LaunchRepository:85 - Запуск с flight_number 999 существует: false
2026-01-10 12:24:50 INFO  LaunchRepository:39 - Сохраняем запуск с flight_number: 3
2026-01-10 12:24:50 INFO  LaunchRepository:77 - Проверяем существование запуска с flight_number: 3
2026-01-10 12:24:50 INFO  LaunchRepository:85 - Запуск с flight_number 3 существует: false
2026-01-10 12:24:50 INFO  LaunchRepository:46 - Запуск добавлен. Текущее количество запусков: 3
2026-01-10 12:24:50 INFO  LaunchRepository:52 - Читаем запуск с flight_number: 3
2026-01-10 12:24:50 INFO  LaunchRepository:64 - Запуск с flight_number 3 найден
2026-01-10 12:24:50 INFO  LaunchRepository:39 - Сохраняем запуск с flight_number: 1
2026-01-10 12:24:50 INFO  LaunchRepository:77 - Проверяем существование запуска с flight_number: 1
2026-01-10 12:24:50 INFO  LaunchRepository:85 - Запуск с flight_number 1 существует: true
2026-01-10 12:24:50 INFO  LaunchRepository:41 - Запуск с flight_number 1 уже существует. Обновляем его.
2026-01-10 12:24:50 INFO  LaunchRepository:105 - Обновляем запуск с flight_number: 1
2026-01-10 12:24:50 INFO  LaunchRepository:110 - Запуск с flight_number 1 обновлен
2026-01-10 12:24:50 INFO  LaunchRepository:52 - Читаем запуск с flight_number: 1
2026-01-10 12:24:50 INFO  LaunchRepository:64 - Запуск с flight_number 1 найден
2026-01-10 12:24:50 INFO  LaunchRepository:105 - Обновляем запуск с flight_number: 2
2026-01-10 12:24:50 INFO  LaunchRepository:110 - Запуск с flight_number 2 обновлен
2026-01-10 12:24:50 INFO  LaunchRepository:52 - Читаем запуск с flight_number: 2
2026-01-10 12:24:50 INFO  LaunchRepository:64 - Запуск с flight_number 2 найден
2026-01-10 12:24:50 INFO  LaunchRepository:120 - Удаляем запуск с flight_number: 1
2026-01-10 12:24:50 INFO  LaunchRepository:128 - Удаление выполнено. Текущее количество запусков: 2
2026-01-10 12:24:50 INFO  LaunchRepository:52 - Читаем запуск с flight_number: 1
2026-01-10 12:24:50 WARN  LaunchRepository:61 - Запуск с flight_number 1 не найден
2026-01-10 12:24:50 INFO  LaunchRepository:71 - Читаем все запуски. Всего: 2
2026-01-10 12:24:50 INFO  LaunchRepository:133 - Удаляем все запуски
2026-01-10 12:24:50 INFO  LaunchRepository:135 - Все запуски удалены. Текущее количество: 0
2026-01-10 12:24:50 INFO  LaunchRepository:71 - Читаем все запуски. Всего: 0
2026-01-10 12:24:51 INFO  SpaceXService:31 - Отправка запроса к SpaceX API: https://api.spacexdata.com/v3/launches
2026-01-10 12:25:06 INFO  SpaceXService:47 - Получено 111 запусков
2026-01-10 12:25:06 INFO  Server:479 - Stopped Server@7e050be1{STOPPING}[11.0.24,sto=30000]
2026-01-10 12:25:06 INFO  Server:135 - Shutdown Server@7e050be1{STOPPING}[11.0.24,sto=30000]
2026-01-10 12:25:06 INFO  AbstractConnector:431 - Stopped Spark@22e7616f{HTTP/1.1, (http/1.1)}{0.0.0.0:4040}
2026-01-10 12:25:06 INFO  SparkConfig:41 - SparkSession остановлен.
2026-01-10 12:31:42 INFO  SparkConfig:17 - Инициализация SparkSession...
2026-01-10 12:31:43 WARN  Shell:746 - Did not find winutils.exe: java.io.FileNotFoundException: java.io.FileNotFoundException: HADOOP_HOME and hadoop.home.dir are unset. -see https://cwiki.apache.org/confluence/display/HADOOP2/WindowsProblems
2026-01-10 12:31:43 WARN  NativeCodeLoader:60 - Unable to load native-hadoop library for your platform... using builtin-java classes where applicable
2026-01-10 12:31:44 INFO  Server:384 - jetty-11.0.24; built: 2024-08-26T18:11:22.448Z; git: 5dfc59a691b748796f922208956bd1f2794bcd16; jvm 21.0.6+7-LTS
2026-01-10 12:31:44 INFO  Server:439 - Started Server@1b47b7f5{STARTING}[11.0.24,sto=30000] @3079ms
2026-01-10 12:31:44 INFO  AbstractConnector:376 - Started ServerConnector@1fe527b7{HTTP/1.1, (http/1.1)}{0.0.0.0:4040}
2026-01-10 12:31:44 INFO  ContextHandler:907 - Started o.s.j.s.ServletContextHandler@26a45089{/,null,AVAILABLE,@Spark}
2026-01-10 12:31:44 INFO  ContextHandler:1123 - Stopped o.s.j.s.ServletContextHandler@26a45089{/,null,STOPPED,@Spark}
2026-01-10 12:31:44 INFO  ContextHandler:907 - Started o.s.j.s.ServletContextHandler@79c4f23b{/jobs,null,AVAILABLE,@Spark}
2026-01-10 12:31:44 INFO  ContextHandler:907 - Started o.s.j.s.ServletContextHandler@15371de2{/jobs/json,null,AVAILABLE,@Spark}
2026-01-10 12:31:44 INFO  ContextHandler:907 - Started o.s.j.s.ServletContextHandler@5b5b53c6{/jobs/job,null,AVAILABLE,@Spark}
2026-01-10 12:31:44 INFO  ContextHandler:907 - Started o.s.j.s.ServletContextHandler@3350ab4{/jobs/job/json,null,AVAILABLE,@Spark}
2026-01-10 12:31:44 INFO  ContextHandler:907 - Started o.s.j.s.ServletContextHandler@646cb2e{/stages,null,AVAILABLE,@Spark}
2026-01-10 12:31:44 INFO  ContextHandler:907 - Started o.s.j.s.ServletContextHandler@5315266{/stages/json,null,AVAILABLE,@Spark}
2026-01-10 12:31:44 INFO  ContextHandler:907 - Started o.s.j.s.ServletContextHandler@216328b2{/stages/stage,null,AVAILABLE,@Spark}
2026-01-10 12:31:44 INFO  ContextHandler:907 - Started o.s.j.s.ServletContextHandler@54234569{/stages/stage/json,null,AVAILABLE,@Spark}
2026-01-10 12:31:44 INFO  ContextHandler:907 - Started o.s.j.s.ServletContextHandler@19f497aa{/stages/pool,null,AVAILABLE,@Spark}
2026-01-10 12:31:44 INFO  ContextHandler:907 - Started o.s.j.s.ServletContextHandler@78e387d6{/stages/pool/json,null,AVAILABLE,@Spark}
2026-01-10 12:31:44 INFO  ContextHandler:907 - Started o.s.j.s.ServletContextHandler@3460e4ed{/stages/taskThreadDump,null,AVAILABLE,@Spark}
2026-01-10 12:31:44 INFO  ContextHandler:907 - Started o.s.j.s.ServletContextHandler@4a453f8d{/stages/taskThreadDump/json,null,AVAILABLE,@Spark}
2026-01-10 12:31:44 INFO  ContextHandler:907 - Started o.s.j.s.ServletContextHandler@53525379{/storage,null,AVAILABLE,@Spark}
2026-01-10 12:31:44 INFO  ContextHandler:907 - Started o.s.j.s.ServletContextHandler@78b9155e{/storage/json,null,AVAILABLE,@Spark}
2026-01-10 12:31:44 INFO  ContextHandler:907 - Started o.s.j.s.ServletContextHandler@6de33fde{/storage/rdd,null,AVAILABLE,@Spark}
2026-01-10 12:31:44 INFO  ContextHandler:907 - Started o.s.j.s.ServletContextHandler@59e0d521{/storage/rdd/json,null,AVAILABLE,@Spark}
2026-01-10 12:31:44 INFO  ContextHandler:907 - Started o.s.j.s.ServletContextHandler@5ad0c70a{/environment,null,AVAILABLE,@Spark}
2026-01-10 12:31:44 INFO  ContextHandler:907 - Started o.s.j.s.ServletContextHandler@75805562{/environment/json,null,AVAILABLE,@Spark}
2026-01-10 12:31:44 INFO  ContextHandler:907 - Started o.s.j.s.ServletContextHandler@4fedf908{/executors,null,AVAILABLE,@Spark}
2026-01-10 12:31:44 INFO  ContextHandler:907 - Started o.s.j.s.ServletContextHandler@241d1052{/executors/json,null,AVAILABLE,@Spark}
2026-01-10 12:31:44 INFO  ContextHandler:907 - Started o.s.j.s.ServletContextHandler@5bb99d1d{/executors/threadDump,null,AVAILABLE,@Spark}
2026-01-10 12:31:44 INFO  ContextHandler:907 - Started o.s.j.s.ServletContextHandler@4fd37449{/executors/threadDump/json,null,AVAILABLE,@Spark}
2026-01-10 12:31:44 INFO  ContextHandler:907 - Started o.s.j.s.ServletContextHandler@43445fc6{/executors/heapHistogram,null,AVAILABLE,@Spark}
2026-01-10 12:31:44 INFO  ContextHandler:907 - Started o.s.j.s.ServletContextHandler@17befef0{/executors/heapHistogram/json,null,AVAILABLE,@Spark}
2026-01-10 12:31:44 INFO  ContextHandler:907 - Started o.s.j.s.ServletContextHandler@3129299f{/static,null,AVAILABLE,@Spark}
2026-01-10 12:31:44 INFO  ContextHandler:907 - Started o.s.j.s.ServletContextHandler@4152bd0f{/,null,AVAILABLE,@Spark}
2026-01-10 12:31:44 INFO  ContextHandler:907 - Started o.s.j.s.ServletContextHandler@e4b54d3{/api,null,AVAILABLE,@Spark}
2026-01-10 12:31:44 INFO  ContextHandler:907 - Started o.s.j.s.ServletContextHandler@edbc2bf{/metrics,null,AVAILABLE,@Spark}
2026-01-10 12:31:44 INFO  ContextHandler:907 - Started o.s.j.s.ServletContextHandler@e91facf{/jobs/job/kill,null,AVAILABLE,@Spark}
2026-01-10 12:31:44 INFO  ContextHandler:907 - Started o.s.j.s.ServletContextHandler@6bf0f70a{/stages/stage/kill,null,AVAILABLE,@Spark}
2026-01-10 12:31:44 INFO  ContextHandler:907 - Started o.s.j.s.ServletContextHandler@40738846{/metrics/json,null,AVAILABLE,@Spark}
2026-01-10 12:31:44 INFO  SparkConfig:27 - SparkSession успешно создан!
2026-01-10 12:31:44 INFO  SparkConfig:28 - Имя приложения: SpaceX-Spark-App
2026-01-10 12:31:44 INFO  SparkConfig:29 - Режим выполнения (master): local[*]
2026-01-10 12:31:44 INFO  SparkConfig:30 - Версия Spark: 4.0.1
2026-01-10 12:31:44 INFO  ContextHandler:907 - Started o.s.j.s.ServletContextHandler@217b0952{/SQL,null,AVAILABLE,@Spark}
2026-01-10 12:31:44 INFO  ContextHandler:907 - Started o.s.j.s.ServletContextHandler@36330be8{/SQL/json,null,AVAILABLE,@Spark}
2026-01-10 12:31:44 INFO  ContextHandler:907 - Started o.s.j.s.ServletContextHandler@73958426{/SQL/execution,null,AVAILABLE,@Spark}
2026-01-10 12:31:44 INFO  ContextHandler:907 - Started o.s.j.s.ServletContextHandler@4d0b7fd5{/SQL/execution/json,null,AVAILABLE,@Spark}
2026-01-10 12:31:44 INFO  ContextHandler:907 - Started o.s.j.s.ServletContextHandler@1c787389{/static/sql,null,AVAILABLE,@Spark}
2026-01-10 12:31:46 INFO  LaunchRepository:26 - LaunchRepository инициализирован. Пустой Dataset создан.
2026-01-10 12:31:46 INFO  LaunchRepository:31 - Сохраняем список запусков, размер: 2
2026-01-10 12:31:47 INFO  LaunchRepository:34 - Список запусков добавлен. Текущее количество запусков: 2
2026-01-10 12:31:47 INFO  LaunchRepository:71 - Читаем все запуски. Всего: 2
2026-01-10 12:31:48 INFO  LaunchRepository:52 - Читаем запуск с flight_number: 1
2026-01-10 12:31:48 INFO  LaunchRepository:64 - Запуск с flight_number 1 найден
2026-01-10 12:31:48 INFO  LaunchRepository:77 - Проверяем существование запуска с flight_number: 1
2026-01-10 12:31:48 INFO  LaunchRepository:85 - Запуск с flight_number 1 существует: true
2026-01-10 12:31:48 INFO  LaunchRepository:77 - Проверяем существование запуска с flight_number: 999
2026-01-10 12:31:48 INFO  LaunchRepository:85 - Запуск с flight_number 999 существует: false
2026-01-10 12:31:48 INFO  LaunchRepository:39 - Сохраняем запуск с flight_number: 3
2026-01-10 12:31:48 INFO  LaunchRepository:77 - Проверяем существование запуска с flight_number: 3
2026-01-10 12:31:48 INFO  LaunchRepository:85 - Запуск с flight_number 3 существует: false
2026-01-10 12:31:48 INFO  LaunchRepository:46 - Запуск добавлен. Текущее количество запусков: 3
2026-01-10 12:31:48 INFO  LaunchRepository:52 - Читаем запуск с flight_number: 3
2026-01-10 12:31:48 INFO  LaunchRepository:64 - Запуск с flight_number 3 найден
2026-01-10 12:31:48 INFO  LaunchRepository:39 - Сохраняем запуск с flight_number: 1
2026-01-10 12:31:48 INFO  LaunchRepository:77 - Проверяем существование запуска с flight_number: 1
2026-01-10 12:31:48 INFO  LaunchRepository:85 - Запуск с flight_number 1 существует: true
2026-01-10 12:31:48 INFO  LaunchRepository:41 - Запуск с flight_number 1 уже существует. Обновляем его.
2026-01-10 12:31:48 INFO  LaunchRepository:105 - Обновляем запуск с flight_number: 1
2026-01-10 12:31:48 INFO  LaunchRepository:110 - Запуск с flight_number 1 обновлен
2026-01-10 12:31:48 INFO  LaunchRepository:52 - Читаем запуск с flight_number: 1
2026-01-10 12:31:48 INFO  LaunchRepository:64 - Запуск с flight_number 1 найден
2026-01-10 12:31:48 INFO  LaunchRepository:105 - Обновляем запуск с flight_number: 2
2026-01-10 12:31:48 INFO  LaunchRepository:110 - Запуск с flight_number 2 обновлен
2026-01-10 12:31:48 INFO  LaunchRepository:52 - Читаем запуск с flight_number: 2
2026-01-10 12:31:48 INFO  LaunchRepository:64 - Запуск с flight_number 2 найден
2026-01-10 12:31:48 INFO  LaunchRepository:120 - Удаляем запуск с flight_number: 1
2026-01-10 12:31:48 INFO  LaunchRepository:128 - Удаление выполнено. Текущее количество запусков: 2
2026-01-10 12:31:48 INFO  LaunchRepository:52 - Читаем запуск с flight_number: 1
2026-01-10 12:31:48 WARN  LaunchRepository:61 - Запуск с flight_number 1 не найден
2026-01-10 12:31:48 INFO  LaunchRepository:71 - Читаем все запуски. Всего: 2
2026-01-10 12:31:48 INFO  LaunchRepository:133 - Удаляем все запуски
2026-01-10 12:31:48 INFO  LaunchRepository:135 - Все запуски удалены. Текущее количество: 0
2026-01-10 12:31:48 INFO  LaunchRepository:71 - Читаем все запуски. Всего: 0
2026-01-10 12:31:49 INFO  SpaceXService:31 - Отправка запроса к SpaceX API: https://api.spacexdata.com/v3/launches
2026-01-10 12:31:50 INFO  SpaceXService:47 - Получено 111 запусков
2026-01-10 12:31:50 INFO  Server:479 - Stopped Server@1b47b7f5{STOPPING}[11.0.24,sto=30000]
2026-01-10 12:31:50 INFO  Server:135 - Shutdown Server@1b47b7f5{STOPPING}[11.0.24,sto=30000]
2026-01-10 12:31:50 INFO  AbstractConnector:431 - Stopped Spark@1fe527b7{HTTP/1.1, (http/1.1)}{0.0.0.0:4040}
2026-01-10 12:31:50 INFO  SparkConfig:41 - SparkSession остановлен.
2026-01-10 12:38:54 INFO  SparkConfig:17 - Инициализация SparkSession...
2026-01-10 12:38:55 WARN  Shell:746 - Did not find winutils.exe: java.io.FileNotFoundException: java.io.FileNotFoundException: HADOOP_HOME and hadoop.home.dir are unset. -see https://cwiki.apache.org/confluence/display/HADOOP2/WindowsProblems
2026-01-10 12:38:55 WARN  NativeCodeLoader:60 - Unable to load native-hadoop library for your platform... using builtin-java classes where applicable
2026-01-10 12:38:55 INFO  Server:384 - jetty-11.0.24; built: 2024-08-26T18:11:22.448Z; git: 5dfc59a691b748796f922208956bd1f2794bcd16; jvm 21.0.6+7-LTS
2026-01-10 12:38:55 INFO  Server:439 - Started Server@7e050be1{STARTING}[11.0.24,sto=30000] @2250ms
2026-01-10 12:38:55 INFO  AbstractConnector:376 - Started ServerConnector@1cb59c81{HTTP/1.1, (http/1.1)}{0.0.0.0:4040}
2026-01-10 12:38:55 INFO  ContextHandler:907 - Started o.s.j.s.ServletContextHandler@5b665a30{/,null,AVAILABLE,@Spark}
2026-01-10 12:38:56 INFO  ContextHandler:1123 - Stopped o.s.j.s.ServletContextHandler@5b665a30{/,null,STOPPED,@Spark}
2026-01-10 12:38:56 INFO  ContextHandler:907 - Started o.s.j.s.ServletContextHandler@3514ac7d{/jobs,null,AVAILABLE,@Spark}
2026-01-10 12:38:56 INFO  ContextHandler:907 - Started o.s.j.s.ServletContextHandler@160c7c42{/jobs/json,null,AVAILABLE,@Spark}
2026-01-10 12:38:56 INFO  ContextHandler:907 - Started o.s.j.s.ServletContextHandler@5503c7d{/jobs/job,null,AVAILABLE,@Spark}
2026-01-10 12:38:56 INFO  ContextHandler:907 - Started o.s.j.s.ServletContextHandler@2ec0ca83{/jobs/job/json,null,AVAILABLE,@Spark}
2026-01-10 12:38:56 INFO  ContextHandler:907 - Started o.s.j.s.ServletContextHandler@7827d7b{/stages,null,AVAILABLE,@Spark}
2026-01-10 12:38:56 INFO  ContextHandler:907 - Started o.s.j.s.ServletContextHandler@2e7a9db7{/stages/json,null,AVAILABLE,@Spark}
2026-01-10 12:38:56 INFO  ContextHandler:907 - Started o.s.j.s.ServletContextHandler@11cc9e1e{/stages/stage,null,AVAILABLE,@Spark}
2026-01-10 12:38:56 INFO  ContextHandler:907 - Started o.s.j.s.ServletContextHandler@5b0e9e0c{/stages/stage/json,null,AVAILABLE,@Spark}
2026-01-10 12:38:56 INFO  ContextHandler:907 - Started o.s.j.s.ServletContextHandler@21ea1d9d{/stages/pool,null,AVAILABLE,@Spark}
2026-01-10 12:38:56 INFO  ContextHandler:907 - Started o.s.j.s.ServletContextHandler@36a58466{/stages/pool/json,null,AVAILABLE,@Spark}
2026-01-10 12:38:56 INFO  ContextHandler:907 - Started o.s.j.s.ServletContextHandler@9147ba2{/stages/taskThreadDump,null,AVAILABLE,@Spark}
2026-01-10 12:38:56 INFO  ContextHandler:907 - Started o.s.j.s.ServletContextHandler@2efcc0b3{/stages/taskThreadDump/json,null,AVAILABLE,@Spark}
2026-01-10 12:38:56 INFO  ContextHandler:907 - Started o.s.j.s.ServletContextHandler@60a6840c{/storage,null,AVAILABLE,@Spark}
2026-01-10 12:38:56 INFO  ContextHandler:907 - Started o.s.j.s.ServletContextHandler@1be3f8f8{/storage/json,null,AVAILABLE,@Spark}
2026-01-10 12:38:56 INFO  ContextHandler:907 - Started o.s.j.s.ServletContextHandler@2ceb68a1{/storage/rdd,null,AVAILABLE,@Spark}
2026-01-10 12:38:56 INFO  ContextHandler:907 - Started o.s.j.s.ServletContextHandler@69c33ea2{/storage/rdd/json,null,AVAILABLE,@Spark}
2026-01-10 12:38:56 INFO  ContextHandler:907 - Started o.s.j.s.ServletContextHandler@2e3900dc{/environment,null,AVAILABLE,@Spark}
2026-01-10 12:38:56 INFO  ContextHandler:907 - Started o.s.j.s.ServletContextHandler@2a16d4dc{/environment/json,null,AVAILABLE,@Spark}
2026-01-10 12:38:56 INFO  ContextHandler:907 - Started o.s.j.s.ServletContextHandler@13d984ee{/executors,null,AVAILABLE,@Spark}
2026-01-10 12:38:56 INFO  ContextHandler:907 - Started o.s.j.s.ServletContextHandler@5341641d{/executors/json,null,AVAILABLE,@Spark}
2026-01-10 12:38:56 INFO  ContextHandler:907 - Started o.s.j.s.ServletContextHandler@7b3c0ecb{/executors/threadDump,null,AVAILABLE,@Spark}
2026-01-10 12:38:56 INFO  ContextHandler:907 - Started o.s.j.s.ServletContextHandler@3006bfb{/executors/threadDump/json,null,AVAILABLE,@Spark}
2026-01-10 12:38:56 INFO  ContextHandler:907 - Started o.s.j.s.ServletContextHandler@5402612e{/executors/heapHistogram,null,AVAILABLE,@Spark}
2026-01-10 12:38:56 INFO  ContextHandler:907 - Started o.s.j.s.ServletContextHandler@431babe6{/executors/heapHistogram/json,null,AVAILABLE,@Spark}
2026-01-10 12:38:56 INFO  ContextHandler:907 - Started o.s.j.s.ServletContextHandler@5072e638{/static,null,AVAILABLE,@Spark}
2026-01-10 12:38:56 INFO  ContextHandler:907 - Started o.s.j.s.ServletContextHandler@4345fd45{/,null,AVAILABLE,@Spark}
2026-01-10 12:38:56 INFO  ContextHandler:907 - Started o.s.j.s.ServletContextHandler@10d905c1{/api,null,AVAILABLE,@Spark}
2026-01-10 12:38:56 INFO  ContextHandler:907 - Started o.s.j.s.ServletContextHandler@7a62d697{/metrics,null,AVAILABLE,@Spark}
2026-01-10 12:38:56 INFO  ContextHandler:907 - Started o.s.j.s.ServletContextHandler@62ab5e63{/jobs/job/kill,null,AVAILABLE,@Spark}
2026-01-10 12:38:56 INFO  ContextHandler:907 - Started o.s.j.s.ServletContextHandler@5e8f0f98{/stages/stage/kill,null,AVAILABLE,@Spark}
2026-01-10 12:38:56 INFO  ContextHandler:907 - Started o.s.j.s.ServletContextHandler@62158991{/metrics/json,null,AVAILABLE,@Spark}
2026-01-10 12:38:56 INFO  SparkConfig:27 - SparkSession успешно создан!
2026-01-10 12:38:56 INFO  SparkConfig:28 - Имя приложения: SpaceX-Spark-App
2026-01-10 12:38:56 INFO  SparkConfig:29 - Режим выполнения (master): local[*]
2026-01-10 12:38:56 INFO  SparkConfig:30 - Версия Spark: 4.0.1
2026-01-10 12:38:56 INFO  ContextHandler:907 - Started o.s.j.s.ServletContextHandler@4888d1ea{/SQL,null,AVAILABLE,@Spark}
2026-01-10 12:38:56 INFO  ContextHandler:907 - Started o.s.j.s.ServletContextHandler@3fd9e01c{/SQL/json,null,AVAILABLE,@Spark}
2026-01-10 12:38:56 INFO  ContextHandler:907 - Started o.s.j.s.ServletContextHandler@1f19d423{/SQL/execution,null,AVAILABLE,@Spark}
2026-01-10 12:38:56 INFO  ContextHandler:907 - Started o.s.j.s.ServletContextHandler@23933031{/SQL/execution/json,null,AVAILABLE,@Spark}
2026-01-10 12:38:56 INFO  ContextHandler:907 - Started o.s.j.s.ServletContextHandler@68360fb9{/static/sql,null,AVAILABLE,@Spark}
2026-01-10 12:38:57 INFO  LaunchRepository:26 - LaunchRepository инициализирован. Пустой Dataset создан.
2026-01-10 12:38:57 INFO  LaunchRepository:31 - Сохраняем список запусков, размер: 2
2026-01-10 12:38:58 INFO  LaunchRepository:34 - Список запусков добавлен. Текущее количество запусков: 2
2026-01-10 12:38:59 INFO  LaunchRepository:71 - Читаем все запуски. Всего: 2
2026-01-10 12:38:59 INFO  LaunchRepository:52 - Читаем запуск с flight_number: 1
2026-01-10 12:38:59 INFO  LaunchRepository:64 - Запуск с flight_number 1 найден
2026-01-10 12:38:59 INFO  LaunchRepository:77 - Проверяем существование запуска с flight_number: 1
2026-01-10 12:38:59 INFO  LaunchRepository:85 - Запуск с flight_number 1 существует: true
2026-01-10 12:38:59 INFO  LaunchRepository:77 - Проверяем существование запуска с flight_number: 999
2026-01-10 12:38:59 INFO  LaunchRepository:85 - Запуск с flight_number 999 существует: false
2026-01-10 12:38:59 INFO  LaunchRepository:39 - Сохраняем запуск с flight_number: 3
2026-01-10 12:38:59 INFO  LaunchRepository:77 - Проверяем существование запуска с flight_number: 3
2026-01-10 12:38:59 INFO  LaunchRepository:85 - Запуск с flight_number 3 существует: false
2026-01-10 12:38:59 INFO  LaunchRepository:46 - Запуск добавлен. Текущее количество запусков: 3
2026-01-10 12:38:59 INFO  LaunchRepository:52 - Читаем запуск с flight_number: 3
2026-01-10 12:38:59 INFO  LaunchRepository:64 - Запуск с flight_number 3 найден
2026-01-10 12:38:59 INFO  LaunchRepository:39 - Сохраняем запуск с flight_number: 1
2026-01-10 12:38:59 INFO  LaunchRepository:77 - Проверяем существование запуска с flight_number: 1
2026-01-10 12:38:59 INFO  LaunchRepository:85 - Запуск с flight_number 1 существует: true
2026-01-10 12:38:59 INFO  LaunchRepository:41 - Запуск с flight_number 1 уже существует. Обновляем его.
2026-01-10 12:38:59 INFO  LaunchRepository:105 - Обновляем запуск с flight_number: 1
2026-01-10 12:38:59 INFO  LaunchRepository:110 - Запуск с flight_number 1 обновлен
2026-01-10 12:38:59 INFO  LaunchRepository:52 - Читаем запуск с flight_number: 1
2026-01-10 12:38:59 INFO  LaunchRepository:64 - Запуск с flight_number 1 найден
2026-01-10 12:38:59 INFO  LaunchRepository:105 - Обновляем запуск с flight_number: 2
2026-01-10 12:38:59 INFO  LaunchRepository:110 - Запуск с flight_number 2 обновлен
2026-01-10 12:38:59 INFO  LaunchRepository:52 - Читаем запуск с flight_number: 2
2026-01-10 12:38:59 INFO  LaunchRepository:64 - Запуск с flight_number 2 найден
2026-01-10 12:38:59 INFO  LaunchRepository:120 - Удаляем запуск с flight_number: 1
2026-01-10 12:38:59 INFO  LaunchRepository:128 - Удаление выполнено. Текущее количество запусков: 2
2026-01-10 12:38:59 INFO  LaunchRepository:52 - Читаем запуск с flight_number: 1
2026-01-10 12:38:59 WARN  LaunchRepository:61 - Запуск с flight_number 1 не найден
2026-01-10 12:38:59 INFO  LaunchRepository:71 - Читаем все запуски. Всего: 2
2026-01-10 12:38:59 INFO  LaunchRepository:133 - Удаляем все запуски
2026-01-10 12:38:59 INFO  LaunchRepository:135 - Все запуски удалены. Текущее количество: 0
2026-01-10 12:38:59 INFO  LaunchRepository:71 - Читаем все запуски. Всего: 0
2026-01-10 12:39:00 INFO  SpaceXService:31 - Отправка запроса к SpaceX API: https://api.spacexdata.com/v3/launches
2026-01-10 12:39:17 INFO  SpaceXService:47 - Получено 111 запусков
2026-01-10 12:39:17 INFO  Server:479 - Stopped Server@7e050be1{STOPPING}[11.0.24,sto=30000]
2026-01-10 12:39:17 INFO  Server:135 - Shutdown Server@7e050be1{STOPPING}[11.0.24,sto=30000]
2026-01-10 12:39:17 INFO  AbstractConnector:431 - Stopped Spark@1cb59c81{HTTP/1.1, (http/1.1)}{0.0.0.0:4040}
2026-01-10 12:39:17 INFO  SparkConfig:41 - SparkSession остановлен.
2026-01-10 12:44:05 INFO  SparkConfig:17 - Инициализация SparkSession...
2026-01-10 12:44:06 WARN  Shell:746 - Did not find winutils.exe: java.io.FileNotFoundException: java.io.FileNotFoundException: HADOOP_HOME and hadoop.home.dir are unset. -see https://cwiki.apache.org/confluence/display/HADOOP2/WindowsProblems
2026-01-10 12:44:06 WARN  NativeCodeLoader:60 - Unable to load native-hadoop library for your platform... using builtin-java classes where applicable
2026-01-10 12:44:07 INFO  Server:384 - jetty-11.0.24; built: 2024-08-26T18:11:22.448Z; git: 5dfc59a691b748796f922208956bd1f2794bcd16; jvm 21.0.6+7-LTS
2026-01-10 12:44:07 INFO  Server:439 - Started Server@7e050be1{STARTING}[11.0.24,sto=30000] @2669ms
2026-01-10 12:44:07 INFO  AbstractConnector:376 - Started ServerConnector@53e5bcfd{HTTP/1.1, (http/1.1)}{0.0.0.0:4040}
2026-01-10 12:44:07 INFO  ContextHandler:907 - Started o.s.j.s.ServletContextHandler@5b665a30{/,null,AVAILABLE,@Spark}
2026-01-10 12:44:07 INFO  ContextHandler:1123 - Stopped o.s.j.s.ServletContextHandler@5b665a30{/,null,STOPPED,@Spark}
2026-01-10 12:44:07 INFO  ContextHandler:907 - Started o.s.j.s.ServletContextHandler@3514ac7d{/jobs,null,AVAILABLE,@Spark}
2026-01-10 12:44:07 INFO  ContextHandler:907 - Started o.s.j.s.ServletContextHandler@160c7c42{/jobs/json,null,AVAILABLE,@Spark}
2026-01-10 12:44:07 INFO  ContextHandler:907 - Started o.s.j.s.ServletContextHandler@5503c7d{/jobs/job,null,AVAILABLE,@Spark}
2026-01-10 12:44:07 INFO  ContextHandler:907 - Started o.s.j.s.ServletContextHandler@2ec0ca83{/jobs/job/json,null,AVAILABLE,@Spark}
2026-01-10 12:44:07 INFO  ContextHandler:907 - Started o.s.j.s.ServletContextHandler@7827d7b{/stages,null,AVAILABLE,@Spark}
2026-01-10 12:44:07 INFO  ContextHandler:907 - Started o.s.j.s.ServletContextHandler@2e7a9db7{/stages/json,null,AVAILABLE,@Spark}
2026-01-10 12:44:07 INFO  ContextHandler:907 - Started o.s.j.s.ServletContextHandler@11cc9e1e{/stages/stage,null,AVAILABLE,@Spark}
2026-01-10 12:44:07 INFO  ContextHandler:907 - Started o.s.j.s.ServletContextHandler@5b0e9e0c{/stages/stage/json,null,AVAILABLE,@Spark}
2026-01-10 12:44:07 INFO  ContextHandler:907 - Started o.s.j.s.ServletContextHandler@21ea1d9d{/stages/pool,null,AVAILABLE,@Spark}
2026-01-10 12:44:07 INFO  ContextHandler:907 - Started o.s.j.s.ServletContextHandler@36a58466{/stages/pool/json,null,AVAILABLE,@Spark}
2026-01-10 12:44:07 INFO  ContextHandler:907 - Started o.s.j.s.ServletContextHandler@9147ba2{/stages/taskThreadDump,null,AVAILABLE,@Spark}
2026-01-10 12:44:07 INFO  ContextHandler:907 - Started o.s.j.s.ServletContextHandler@2efcc0b3{/stages/taskThreadDump/json,null,AVAILABLE,@Spark}
2026-01-10 12:44:07 INFO  ContextHandler:907 - Started o.s.j.s.ServletContextHandler@60a6840c{/storage,null,AVAILABLE,@Spark}
2026-01-10 12:44:07 INFO  ContextHandler:907 - Started o.s.j.s.ServletContextHandler@1be3f8f8{/storage/json,null,AVAILABLE,@Spark}
2026-01-10 12:44:07 INFO  ContextHandler:907 - Started o.s.j.s.ServletContextHandler@2ceb68a1{/storage/rdd,null,AVAILABLE,@Spark}
2026-01-10 12:44:07 INFO  ContextHandler:907 - Started o.s.j.s.ServletContextHandler@69c33ea2{/storage/rdd/json,null,AVAILABLE,@Spark}
2026-01-10 12:44:07 INFO  ContextHandler:907 - Started o.s.j.s.ServletContextHandler@2e3900dc{/environment,null,AVAILABLE,@Spark}
2026-01-10 12:44:07 INFO  ContextHandler:907 - Started o.s.j.s.ServletContextHandler@2a16d4dc{/environment/json,null,AVAILABLE,@Spark}
2026-01-10 12:44:07 INFO  ContextHandler:907 - Started o.s.j.s.ServletContextHandler@13d984ee{/executors,null,AVAILABLE,@Spark}
2026-01-10 12:44:07 INFO  ContextHandler:907 - Started o.s.j.s.ServletContextHandler@5341641d{/executors/json,null,AVAILABLE,@Spark}
2026-01-10 12:44:07 INFO  ContextHandler:907 - Started o.s.j.s.ServletContextHandler@7b3c0ecb{/executors/threadDump,null,AVAILABLE,@Spark}
2026-01-10 12:44:07 INFO  ContextHandler:907 - Started o.s.j.s.ServletContextHandler@3006bfb{/executors/threadDump/json,null,AVAILABLE,@Spark}
2026-01-10 12:44:07 INFO  ContextHandler:907 - Started o.s.j.s.ServletContextHandler@5402612e{/executors/heapHistogram,null,AVAILABLE,@Spark}
2026-01-10 12:44:07 INFO  ContextHandler:907 - Started o.s.j.s.ServletContextHandler@431babe6{/executors/heapHistogram/json,null,AVAILABLE,@Spark}
2026-01-10 12:44:07 INFO  ContextHandler:907 - Started o.s.j.s.ServletContextHandler@5072e638{/static,null,AVAILABLE,@Spark}
2026-01-10 12:44:07 INFO  ContextHandler:907 - Started o.s.j.s.ServletContextHandler@4345fd45{/,null,AVAILABLE,@Spark}
2026-01-10 12:44:07 INFO  ContextHandler:907 - Started o.s.j.s.ServletContextHandler@10d905c1{/api,null,AVAILABLE,@Spark}
2026-01-10 12:44:07 INFO  ContextHandler:907 - Started o.s.j.s.ServletContextHandler@7a62d697{/metrics,null,AVAILABLE,@Spark}
2026-01-10 12:44:07 INFO  ContextHandler:907 - Started o.s.j.s.ServletContextHandler@62ab5e63{/jobs/job/kill,null,AVAILABLE,@Spark}
2026-01-10 12:44:07 INFO  ContextHandler:907 - Started o.s.j.s.ServletContextHandler@5e8f0f98{/stages/stage/kill,null,AVAILABLE,@Spark}
2026-01-10 12:44:07 INFO  ContextHandler:907 - Started o.s.j.s.ServletContextHandler@62158991{/metrics/json,null,AVAILABLE,@Spark}
2026-01-10 12:44:07 INFO  SparkConfig:27 - SparkSession успешно создан!
2026-01-10 12:44:07 INFO  SparkConfig:28 - Имя приложения: SpaceX-Spark-App
2026-01-10 12:44:07 INFO  SparkConfig:29 - Режим выполнения (master): local[*]
2026-01-10 12:44:07 INFO  SparkConfig:30 - Версия Spark: 4.0.1
2026-01-10 12:44:08 INFO  ContextHandler:907 - Started o.s.j.s.ServletContextHandler@4888d1ea{/SQL,null,AVAILABLE,@Spark}
2026-01-10 12:44:08 INFO  ContextHandler:907 - Started o.s.j.s.ServletContextHandler@3fd9e01c{/SQL/json,null,AVAILABLE,@Spark}
2026-01-10 12:44:08 INFO  ContextHandler:907 - Started o.s.j.s.ServletContextHandler@1f19d423{/SQL/execution,null,AVAILABLE,@Spark}
2026-01-10 12:44:08 INFO  ContextHandler:907 - Started o.s.j.s.ServletContextHandler@23933031{/SQL/execution/json,null,AVAILABLE,@Spark}
2026-01-10 12:44:08 INFO  ContextHandler:907 - Started o.s.j.s.ServletContextHandler@68360fb9{/static/sql,null,AVAILABLE,@Spark}
2026-01-10 12:44:09 INFO  LaunchRepository:26 - LaunchRepository инициализирован. Пустой Dataset создан.
2026-01-10 12:44:09 INFO  LaunchRepository:31 - Сохраняем список запусков, размер: 2
2026-01-10 12:44:11 INFO  LaunchRepository:34 - Список запусков добавлен. Текущее количество запусков: 2
2026-01-10 12:44:11 INFO  LaunchRepository:71 - Читаем все запуски. Всего: 2
2026-01-10 12:44:11 INFO  LaunchRepository:52 - Читаем запуск с flight_number: 1
2026-01-10 12:44:11 INFO  LaunchRepository:64 - Запуск с flight_number 1 найден
2026-01-10 12:44:11 INFO  LaunchRepository:77 - Проверяем существование запуска с flight_number: 1
2026-01-10 12:44:11 INFO  LaunchRepository:85 - Запуск с flight_number 1 существует: true
2026-01-10 12:44:11 INFO  LaunchRepository:77 - Проверяем существование запуска с flight_number: 999
2026-01-10 12:44:11 INFO  LaunchRepository:85 - Запуск с flight_number 999 существует: false
2026-01-10 12:44:11 INFO  LaunchRepository:39 - Сохраняем запуск с flight_number: 3
2026-01-10 12:44:11 INFO  LaunchRepository:77 - Проверяем существование запуска с flight_number: 3
2026-01-10 12:44:11 INFO  LaunchRepository:85 - Запуск с flight_number 3 существует: false
2026-01-10 12:44:11 INFO  LaunchRepository:46 - Запуск добавлен. Текущее количество запусков: 3
2026-01-10 12:44:11 INFO  LaunchRepository:52 - Читаем запуск с flight_number: 3
2026-01-10 12:44:11 INFO  LaunchRepository:64 - Запуск с flight_number 3 найден
2026-01-10 12:44:11 INFO  LaunchRepository:39 - Сохраняем запуск с flight_number: 1
2026-01-10 12:44:11 INFO  LaunchRepository:77 - Проверяем существование запуска с flight_number: 1
2026-01-10 12:44:11 INFO  LaunchRepository:85 - Запуск с flight_number 1 существует: true
2026-01-10 12:44:11 INFO  LaunchRepository:41 - Запуск с flight_number 1 уже существует. Обновляем его.
2026-01-10 12:44:11 INFO  LaunchRepository:105 - Обновляем запуск с flight_number: 1
2026-01-10 12:44:11 INFO  LaunchRepository:110 - Запуск с flight_number 1 обновлен
2026-01-10 12:44:11 INFO  LaunchRepository:52 - Читаем запуск с flight_number: 1
2026-01-10 12:44:11 INFO  LaunchRepository:64 - Запуск с flight_number 1 найден
2026-01-10 12:44:11 INFO  LaunchRepository:105 - Обновляем запуск с flight_number: 2
2026-01-10 12:44:11 INFO  LaunchRepository:110 - Запуск с flight_number 2 обновлен
2026-01-10 12:44:11 INFO  LaunchRepository:52 - Читаем запуск с flight_number: 2
2026-01-10 12:44:11 INFO  LaunchRepository:64 - Запуск с flight_number 2 найден
2026-01-10 12:44:11 INFO  LaunchRepository:120 - Удаляем запуск с flight_number: 1
2026-01-10 12:44:11 INFO  LaunchRepository:128 - Удаление выполнено. Текущее количество запусков: 2
2026-01-10 12:44:11 INFO  LaunchRepository:52 - Читаем запуск с flight_number: 1
2026-01-10 12:44:11 WARN  LaunchRepository:61 - Запуск с flight_number 1 не найден
2026-01-10 12:44:11 INFO  LaunchRepository:71 - Читаем все запуски. Всего: 2
2026-01-10 12:44:11 INFO  LaunchRepository:133 - Удаляем все запуски
2026-01-10 12:44:11 INFO  LaunchRepository:135 - Все запуски удалены. Текущее количество: 0
2026-01-10 12:44:11 INFO  LaunchRepository:71 - Читаем все запуски. Всего: 0
2026-01-10 12:44:12 INFO  SpaceXService:31 - Отправка запроса к SpaceX API: https://api.spacexdata.com/v3/launches
2026-01-10 12:44:25 INFO  SpaceXService:47 - Получено 111 запусков
2026-01-10 12:44:25 INFO  Server:479 - Stopped Server@7e050be1{STOPPING}[11.0.24,sto=30000]
2026-01-10 12:44:25 INFO  Server:135 - Shutdown Server@7e050be1{STOPPING}[11.0.24,sto=30000]
2026-01-10 12:44:25 INFO  AbstractConnector:431 - Stopped Spark@53e5bcfd{HTTP/1.1, (http/1.1)}{0.0.0.0:4040}
2026-01-10 12:44:25 INFO  SparkConfig:41 - SparkSession остановлен.
2026-01-10 12:47:58 INFO  SparkConfig:17 - Инициализация SparkSession...
2026-01-10 12:47:59 WARN  Shell:746 - Did not find winutils.exe: java.io.FileNotFoundException: java.io.FileNotFoundException: HADOOP_HOME and hadoop.home.dir are unset. -see https://cwiki.apache.org/confluence/display/HADOOP2/WindowsProblems
2026-01-10 12:47:59 WARN  NativeCodeLoader:60 - Unable to load native-hadoop library for your platform... using builtin-java classes where applicable
2026-01-10 12:48:00 INFO  Server:384 - jetty-11.0.24; built: 2024-08-26T18:11:22.448Z; git: 5dfc59a691b748796f922208956bd1f2794bcd16; jvm 21.0.6+7-LTS
2026-01-10 12:48:00 INFO  Server:439 - Started Server@6a6d1ff3{STARTING}[11.0.24,sto=30000] @2220ms
2026-01-10 12:48:00 INFO  AbstractConnector:376 - Started ServerConnector@7282a369{HTTP/1.1, (http/1.1)}{0.0.0.0:4040}
2026-01-10 12:48:00 INFO  ContextHandler:907 - Started o.s.j.s.ServletContextHandler@3c488b34{/,null,AVAILABLE,@Spark}
2026-01-10 12:48:00 INFO  ContextHandler:1123 - Stopped o.s.j.s.ServletContextHandler@3c488b34{/,null,STOPPED,@Spark}
2026-01-10 12:48:00 INFO  ContextHandler:907 - Started o.s.j.s.ServletContextHandler@2e3900dc{/jobs,null,AVAILABLE,@Spark}
2026-01-10 12:48:00 INFO  ContextHandler:907 - Started o.s.j.s.ServletContextHandler@2a16d4dc{/jobs/json,null,AVAILABLE,@Spark}
2026-01-10 12:48:00 INFO  ContextHandler:907 - Started o.s.j.s.ServletContextHandler@13d984ee{/jobs/job,null,AVAILABLE,@Spark}
2026-01-10 12:48:00 INFO  ContextHandler:907 - Started o.s.j.s.ServletContextHandler@5341641d{/jobs/job/json,null,AVAILABLE,@Spark}
2026-01-10 12:48:00 INFO  ContextHandler:907 - Started o.s.j.s.ServletContextHandler@7b3c0ecb{/stages,null,AVAILABLE,@Spark}
2026-01-10 12:48:00 INFO  ContextHandler:907 - Started o.s.j.s.ServletContextHandler@3006bfb{/stages/json,null,AVAILABLE,@Spark}
2026-01-10 12:48:00 INFO  ContextHandler:907 - Started o.s.j.s.ServletContextHandler@5402612e{/stages/stage,null,AVAILABLE,@Spark}
2026-01-10 12:48:00 INFO  ContextHandler:907 - Started o.s.j.s.ServletContextHandler@431babe6{/stages/stage/json,null,AVAILABLE,@Spark}
2026-01-10 12:48:00 INFO  ContextHandler:907 - Started o.s.j.s.ServletContextHandler@5072e638{/stages/pool,null,AVAILABLE,@Spark}
2026-01-10 12:48:00 INFO  ContextHandler:907 - Started o.s.j.s.ServletContextHandler@2f73f0c7{/stages/pool/json,null,AVAILABLE,@Spark}
2026-01-10 12:48:00 INFO  ContextHandler:907 - Started o.s.j.s.ServletContextHandler@8debe42{/stages/taskThreadDump,null,AVAILABLE,@Spark}
2026-01-10 12:48:00 INFO  ContextHandler:907 - Started o.s.j.s.ServletContextHandler@40863800{/stages/taskThreadDump/json,null,AVAILABLE,@Spark}
2026-01-10 12:48:00 INFO  ContextHandler:907 - Started o.s.j.s.ServletContextHandler@24018c8b{/storage,null,AVAILABLE,@Spark}
2026-01-10 12:48:00 INFO  ContextHandler:907 - Started o.s.j.s.ServletContextHandler@3dc55719{/storage/json,null,AVAILABLE,@Spark}
2026-01-10 12:48:00 INFO  ContextHandler:907 - Started o.s.j.s.ServletContextHandler@4c2bea52{/storage/rdd,null,AVAILABLE,@Spark}
2026-01-10 12:48:00 INFO  ContextHandler:907 - Started o.s.j.s.ServletContextHandler@6ebbc06{/storage/rdd/json,null,AVAILABLE,@Spark}
2026-01-10 12:48:00 INFO  ContextHandler:907 - Started o.s.j.s.ServletContextHandler@430d3021{/environment,null,AVAILABLE,@Spark}
2026-01-10 12:48:00 INFO  ContextHandler:907 - Started o.s.j.s.ServletContextHandler@3220c28{/environment/json,null,AVAILABLE,@Spark}
2026-01-10 12:48:00 INFO  ContextHandler:907 - Started o.s.j.s.ServletContextHandler@40c28b0d{/executors,null,AVAILABLE,@Spark}
2026-01-10 12:48:00 INFO  ContextHandler:907 - Started o.s.j.s.ServletContextHandler@1fa98a22{/executors/json,null,AVAILABLE,@Spark}
2026-01-10 12:48:00 INFO  ContextHandler:907 - Started o.s.j.s.ServletContextHandler@5a7e81{/executors/threadDump,null,AVAILABLE,@Spark}
2026-01-10 12:48:00 INFO  ContextHandler:907 - Started o.s.j.s.ServletContextHandler@13ee97af{/executors/threadDump/json,null,AVAILABLE,@Spark}
2026-01-10 12:48:00 INFO  ContextHandler:907 - Started o.s.j.s.ServletContextHandler@341ccfd1{/executors/heapHistogram,null,AVAILABLE,@Spark}
2026-01-10 12:48:00 INFO  ContextHandler:907 - Started o.s.j.s.ServletContextHandler@3cead673{/executors/heapHistogram/json,null,AVAILABLE,@Spark}
2026-01-10 12:48:00 INFO  ContextHandler:907 - Started o.s.j.s.ServletContextHandler@10a0a1e{/static,null,AVAILABLE,@Spark}
2026-01-10 12:48:00 INFO  ContextHandler:907 - Started o.s.j.s.ServletContextHandler@714bffd5{/,null,AVAILABLE,@Spark}
2026-01-10 12:48:00 INFO  ContextHandler:907 - Started o.s.j.s.ServletContextHandler@4491eaeb{/api,null,AVAILABLE,@Spark}
2026-01-10 12:48:00 INFO  ContextHandler:907 - Started o.s.j.s.ServletContextHandler@38e46765{/metrics,null,AVAILABLE,@Spark}
2026-01-10 12:48:00 INFO  ContextHandler:907 - Started o.s.j.s.ServletContextHandler@2965dd88{/jobs/job/kill,null,AVAILABLE,@Spark}
2026-01-10 12:48:00 INFO  ContextHandler:907 - Started o.s.j.s.ServletContextHandler@51141f64{/stages/stage/kill,null,AVAILABLE,@Spark}
2026-01-10 12:48:00 INFO  ContextHandler:907 - Started o.s.j.s.ServletContextHandler@eb1d475{/metrics/json,null,AVAILABLE,@Spark}
2026-01-10 12:48:00 INFO  SparkConfig:27 - SparkSession успешно создан!
2026-01-10 12:48:00 INFO  SparkConfig:28 - Имя приложения: SpaceX-Spark-App
2026-01-10 12:48:00 INFO  SparkConfig:29 - Режим выполнения (master): local[*]
2026-01-10 12:48:00 INFO  SparkConfig:30 - Версия Spark: 4.0.1
2026-01-10 12:48:00 INFO  ContextHandler:907 - Started o.s.j.s.ServletContextHandler@3f6906f4{/SQL,null,AVAILABLE,@Spark}
2026-01-10 12:48:00 INFO  ContextHandler:907 - Started o.s.j.s.ServletContextHandler@190bf8e4{/SQL/json,null,AVAILABLE,@Spark}
2026-01-10 12:48:00 INFO  ContextHandler:907 - Started o.s.j.s.ServletContextHandler@3dd66ff5{/SQL/execution,null,AVAILABLE,@Spark}
2026-01-10 12:48:00 INFO  ContextHandler:907 - Started o.s.j.s.ServletContextHandler@493968a9{/SQL/execution/json,null,AVAILABLE,@Spark}
2026-01-10 12:48:00 INFO  ContextHandler:907 - Started o.s.j.s.ServletContextHandler@2211e731{/static/sql,null,AVAILABLE,@Spark}
2026-01-10 12:48:01 INFO  LaunchRepository:26 - LaunchRepository инициализирован. Пустой Dataset создан.
2026-01-10 12:48:01 INFO  LaunchRepository:31 - Сохраняем список запусков, размер: 2
2026-01-10 12:48:03 INFO  LaunchRepository:34 - Список запусков добавлен. Текущее количество запусков: 2
2026-01-10 12:48:03 INFO  LaunchRepository:71 - Читаем все запуски. Всего: 2
2026-01-10 12:48:03 INFO  LaunchRepository:52 - Читаем запуск с flight_number: 1
2026-01-10 12:48:03 INFO  LaunchRepository:64 - Запуск с flight_number 1 найден
2026-01-10 12:48:03 INFO  LaunchRepository:77 - Проверяем существование запуска с flight_number: 1
2026-01-10 12:48:03 INFO  LaunchRepository:85 - Запуск с flight_number 1 существует: true
2026-01-10 12:48:03 INFO  LaunchRepository:77 - Проверяем существование запуска с flight_number: 999
2026-01-10 12:48:03 INFO  LaunchRepository:85 - Запуск с flight_number 999 существует: false
2026-01-10 12:48:03 INFO  LaunchRepository:39 - Сохраняем запуск с flight_number: 3
2026-01-10 12:48:03 INFO  LaunchRepository:77 - Проверяем существование запуска с flight_number: 3
2026-01-10 12:48:03 INFO  LaunchRepository:85 - Запуск с flight_number 3 существует: false
2026-01-10 12:48:03 INFO  LaunchRepository:46 - Запуск добавлен. Текущее количество запусков: 3
2026-01-10 12:48:03 INFO  LaunchRepository:52 - Читаем запуск с flight_number: 3
2026-01-10 12:48:03 INFO  LaunchRepository:64 - Запуск с flight_number 3 найден
2026-01-10 12:48:03 INFO  LaunchRepository:39 - Сохраняем запуск с flight_number: 1
2026-01-10 12:48:03 INFO  LaunchRepository:77 - Проверяем существование запуска с flight_number: 1
2026-01-10 12:48:03 INFO  LaunchRepository:85 - Запуск с flight_number 1 существует: true
2026-01-10 12:48:03 INFO  LaunchRepository:41 - Запуск с flight_number 1 уже существует. Обновляем его.
2026-01-10 12:48:03 INFO  LaunchRepository:105 - Обновляем запуск с flight_number: 1
2026-01-10 12:48:03 INFO  LaunchRepository:110 - Запуск с flight_number 1 обновлен
2026-01-10 12:48:03 INFO  LaunchRepository:52 - Читаем запуск с flight_number: 1
2026-01-10 12:48:03 INFO  LaunchRepository:64 - Запуск с flight_number 1 найден
2026-01-10 12:48:03 INFO  LaunchRepository:105 - Обновляем запуск с flight_number: 2
2026-01-10 12:48:03 INFO  LaunchRepository:110 - Запуск с flight_number 2 обновлен
2026-01-10 12:48:03 INFO  LaunchRepository:52 - Читаем запуск с flight_number: 2
2026-01-10 12:48:03 INFO  LaunchRepository:64 - Запуск с flight_number 2 найден
2026-01-10 12:48:03 INFO  LaunchRepository:120 - Удаляем запуск с flight_number: 1
2026-01-10 12:48:03 INFO  LaunchRepository:128 - Удаление выполнено. Текущее количество запусков: 2
2026-01-10 12:48:03 INFO  LaunchRepository:52 - Читаем запуск с flight_number: 1
2026-01-10 12:48:03 WARN  LaunchRepository:61 - Запуск с flight_number 1 не найден
2026-01-10 12:48:04 INFO  LaunchRepository:71 - Читаем все запуски. Всего: 2
2026-01-10 12:48:04 INFO  LaunchRepository:133 - Удаляем все запуски
2026-01-10 12:48:04 INFO  LaunchRepository:135 - Все запуски удалены. Текущее количество: 0
2026-01-10 12:48:04 INFO  LaunchRepository:71 - Читаем все запуски. Всего: 0
2026-01-10 12:48:04 INFO  SpaceXService:31 - Отправка запроса к SpaceX API: https://api.spacexdata.com/v3/launches
2026-01-10 12:48:17 INFO  SpaceXService:47 - Получено 111 запусков
2026-01-10 12:48:17 INFO  Server:479 - Stopped Server@6a6d1ff3{STOPPING}[11.0.24,sto=30000]
2026-01-10 12:48:17 INFO  Server:135 - Shutdown Server@6a6d1ff3{STOPPING}[11.0.24,sto=30000]
2026-01-10 12:48:17 INFO  AbstractConnector:431 - Stopped Spark@7282a369{HTTP/1.1, (http/1.1)}{0.0.0.0:4040}
2026-01-10 12:48:17 INFO  SparkConfig:41 - SparkSession остановлен.
2026-01-10 12:53:22 INFO  SparkConfig:17 - Инициализация SparkSession...
2026-01-10 12:53:23 WARN  Shell:746 - Did not find winutils.exe: java.io.FileNotFoundException: java.io.FileNotFoundException: HADOOP_HOME and hadoop.home.dir are unset. -see https://cwiki.apache.org/confluence/display/HADOOP2/WindowsProblems
2026-01-10 12:53:23 WARN  NativeCodeLoader:60 - Unable to load native-hadoop library for your platform... using builtin-java classes where applicable
2026-01-10 12:53:23 INFO  Server:384 - jetty-11.0.24; built: 2024-08-26T18:11:22.448Z; git: 5dfc59a691b748796f922208956bd1f2794bcd16; jvm 21.0.6+7-LTS
2026-01-10 12:53:23 INFO  Server:439 - Started Server@5ab63a04{STARTING}[11.0.24,sto=30000] @2193ms
2026-01-10 12:53:23 INFO  AbstractConnector:376 - Started ServerConnector@2697d6f{HTTP/1.1, (http/1.1)}{0.0.0.0:4040}
2026-01-10 12:53:23 INFO  ContextHandler:907 - Started o.s.j.s.ServletContextHandler@3e8b8f0{/,null,AVAILABLE,@Spark}
2026-01-10 12:53:24 INFO  ContextHandler:1123 - Stopped o.s.j.s.ServletContextHandler@3e8b8f0{/,null,STOPPED,@Spark}
2026-01-10 12:53:24 INFO  ContextHandler:907 - Started o.s.j.s.ServletContextHandler@4a453f8d{/jobs,null,AVAILABLE,@Spark}
2026-01-10 12:53:24 INFO  ContextHandler:907 - Started o.s.j.s.ServletContextHandler@53525379{/jobs/json,null,AVAILABLE,@Spark}
2026-01-10 12:53:24 INFO  ContextHandler:907 - Started o.s.j.s.ServletContextHandler@78b9155e{/jobs/job,null,AVAILABLE,@Spark}
2026-01-10 12:53:24 INFO  ContextHandler:907 - Started o.s.j.s.ServletContextHandler@6de33fde{/jobs/job/json,null,AVAILABLE,@Spark}
2026-01-10 12:53:24 INFO  ContextHandler:907 - Started o.s.j.s.ServletContextHandler@59e0d521{/stages,null,AVAILABLE,@Spark}
2026-01-10 12:53:24 INFO  ContextHandler:907 - Started o.s.j.s.ServletContextHandler@5ad0c70a{/stages/json,null,AVAILABLE,@Spark}
2026-01-10 12:53:24 INFO  ContextHandler:907 - Started o.s.j.s.ServletContextHandler@75805562{/stages/stage,null,AVAILABLE,@Spark}
2026-01-10 12:53:24 INFO  ContextHandler:907 - Started o.s.j.s.ServletContextHandler@4fedf908{/stages/stage/json,null,AVAILABLE,@Spark}
2026-01-10 12:53:24 INFO  ContextHandler:907 - Started o.s.j.s.ServletContextHandler@241d1052{/stages/pool,null,AVAILABLE,@Spark}
2026-01-10 12:53:24 INFO  ContextHandler:907 - Started o.s.j.s.ServletContextHandler@5bb99d1d{/stages/pool/json,null,AVAILABLE,@Spark}
2026-01-10 12:53:24 INFO  ContextHandler:907 - Started o.s.j.s.ServletContextHandler@4fd37449{/stages/taskThreadDump,null,AVAILABLE,@Spark}
2026-01-10 12:53:24 INFO  ContextHandler:907 - Started o.s.j.s.ServletContextHandler@43445fc6{/stages/taskThreadDump/json,null,AVAILABLE,@Spark}
2026-01-10 12:53:24 INFO  ContextHandler:907 - Started o.s.j.s.ServletContextHandler@17befef0{/storage,null,AVAILABLE,@Spark}
2026-01-10 12:53:24 INFO  ContextHandler:907 - Started o.s.j.s.ServletContextHandler@3129299f{/storage/json,null,AVAILABLE,@Spark}
2026-01-10 12:53:24 INFO  ContextHandler:907 - Started o.s.j.s.ServletContextHandler@4fdac2a7{/storage/rdd,null,AVAILABLE,@Spark}
2026-01-10 12:53:24 INFO  ContextHandler:907 - Started o.s.j.s.ServletContextHandler@70c31b17{/storage/rdd/json,null,AVAILABLE,@Spark}
2026-01-10 12:53:24 INFO  ContextHandler:907 - Started o.s.j.s.ServletContextHandler@5950054d{/environment,null,AVAILABLE,@Spark}
2026-01-10 12:53:24 INFO  ContextHandler:907 - Started o.s.j.s.ServletContextHandler@4cf230bf{/environment/json,null,AVAILABLE,@Spark}
2026-01-10 12:53:24 INFO  ContextHandler:907 - Started o.s.j.s.ServletContextHandler@64665781{/executors,null,AVAILABLE,@Spark}
2026-01-10 12:53:24 INFO  ContextHandler:907 - Started o.s.j.s.ServletContextHandler@11015ca0{/executors/json,null,AVAILABLE,@Spark}
2026-01-10 12:53:24 INFO  ContextHandler:907 - Started o.s.j.s.ServletContextHandler@50672905{/executors/threadDump,null,AVAILABLE,@Spark}
2026-01-10 12:53:24 INFO  ContextHandler:907 - Started o.s.j.s.ServletContextHandler@58f290bc{/executors/threadDump/json,null,AVAILABLE,@Spark}
2026-01-10 12:53:24 INFO  ContextHandler:907 - Started o.s.j.s.ServletContextHandler@6ae42248{/executors/heapHistogram,null,AVAILABLE,@Spark}
2026-01-10 12:53:24 INFO  ContextHandler:907 - Started o.s.j.s.ServletContextHandler@cf984d9{/executors/heapHistogram/json,null,AVAILABLE,@Spark}
2026-01-10 12:53:24 INFO  ContextHandler:907 - Started o.s.j.s.ServletContextHandler@54941dfd{/static,null,AVAILABLE,@Spark}
2026-01-10 12:53:24 INFO  ContextHandler:907 - Started o.s.j.s.ServletContextHandler@5310e451{/,null,AVAILABLE,@Spark}
2026-01-10 12:53:24 INFO  ContextHandler:907 - Started o.s.j.s.ServletContextHandler@74830d73{/api,null,AVAILABLE,@Spark}
2026-01-10 12:53:24 INFO  ContextHandler:907 - Started o.s.j.s.ServletContextHandler@738a39cc{/metrics,null,AVAILABLE,@Spark}
2026-01-10 12:53:24 INFO  ContextHandler:907 - Started o.s.j.s.ServletContextHandler@62158991{/jobs/job/kill,null,AVAILABLE,@Spark}
2026-01-10 12:53:24 INFO  ContextHandler:907 - Started o.s.j.s.ServletContextHandler@1255de25{/stages/stage/kill,null,AVAILABLE,@Spark}
2026-01-10 12:53:24 INFO  ContextHandler:907 - Started o.s.j.s.ServletContextHandler@70697478{/metrics/json,null,AVAILABLE,@Spark}
2026-01-10 12:53:24 INFO  SparkConfig:27 - SparkSession успешно создан!
2026-01-10 12:53:24 INFO  SparkConfig:28 - Имя приложения: SpaceX-Spark-App
2026-01-10 12:53:24 INFO  SparkConfig:29 - Режим выполнения (master): local[*]
2026-01-10 12:53:24 INFO  SparkConfig:30 - Версия Spark: 4.0.1
2026-01-10 12:53:24 INFO  ContextHandler:907 - Started o.s.j.s.ServletContextHandler@6f17dd06{/SQL,null,AVAILABLE,@Spark}
2026-01-10 12:53:24 INFO  ContextHandler:907 - Started o.s.j.s.ServletContextHandler@6ec98ccc{/SQL/json,null,AVAILABLE,@Spark}
2026-01-10 12:53:24 INFO  ContextHandler:907 - Started o.s.j.s.ServletContextHandler@603c2dee{/SQL/execution,null,AVAILABLE,@Spark}
2026-01-10 12:53:24 INFO  ContextHandler:907 - Started o.s.j.s.ServletContextHandler@3f6906f4{/SQL/execution/json,null,AVAILABLE,@Spark}
2026-01-10 12:53:24 INFO  ContextHandler:907 - Started o.s.j.s.ServletContextHandler@3dd66ff5{/static/sql,null,AVAILABLE,@Spark}
2026-01-10 12:53:25 INFO  LaunchRepository:26 - LaunchRepository инициализирован. Пустой Dataset создан.
2026-01-10 12:53:25 INFO  LaunchRepository:31 - Сохраняем список запусков, размер: 2
2026-01-10 12:53:26 INFO  LaunchRepository:34 - Список запусков добавлен. Текущее количество запусков: 2
2026-01-10 12:53:26 INFO  LaunchRepository:71 - Читаем все запуски. Всего: 2
2026-01-10 12:53:27 INFO  LaunchRepository:52 - Читаем запуск с flight_number: 1
2026-01-10 12:53:27 INFO  LaunchRepository:64 - Запуск с flight_number 1 найден
2026-01-10 12:53:27 INFO  LaunchRepository:77 - Проверяем существование запуска с flight_number: 1
2026-01-10 12:53:27 INFO  LaunchRepository:85 - Запуск с flight_number 1 существует: true
2026-01-10 12:53:27 INFO  LaunchRepository:77 - Проверяем существование запуска с flight_number: 999
2026-01-10 12:53:27 INFO  LaunchRepository:85 - Запуск с flight_number 999 существует: false
2026-01-10 12:53:27 INFO  LaunchRepository:39 - Сохраняем запуск с flight_number: 3
2026-01-10 12:53:27 INFO  LaunchRepository:77 - Проверяем существование запуска с flight_number: 3
2026-01-10 12:53:27 INFO  LaunchRepository:85 - Запуск с flight_number 3 существует: false
2026-01-10 12:53:27 INFO  LaunchRepository:46 - Запуск добавлен. Текущее количество запусков: 3
2026-01-10 12:53:27 INFO  LaunchRepository:52 - Читаем запуск с flight_number: 3
2026-01-10 12:53:27 INFO  LaunchRepository:64 - Запуск с flight_number 3 найден
2026-01-10 12:53:27 INFO  LaunchRepository:39 - Сохраняем запуск с flight_number: 1
2026-01-10 12:53:27 INFO  LaunchRepository:77 - Проверяем существование запуска с flight_number: 1
2026-01-10 12:53:27 INFO  LaunchRepository:85 - Запуск с flight_number 1 существует: true
2026-01-10 12:53:27 INFO  LaunchRepository:41 - Запуск с flight_number 1 уже существует. Обновляем его.
2026-01-10 12:53:27 INFO  LaunchRepository:105 - Обновляем запуск с flight_number: 1
2026-01-10 12:53:27 INFO  LaunchRepository:110 - Запуск с flight_number 1 обновлен
2026-01-10 12:53:27 INFO  LaunchRepository:52 - Читаем запуск с flight_number: 1
2026-01-10 12:53:27 INFO  LaunchRepository:64 - Запуск с flight_number 1 найден
2026-01-10 12:53:27 INFO  LaunchRepository:105 - Обновляем запуск с flight_number: 2
2026-01-10 12:53:27 INFO  LaunchRepository:110 - Запуск с flight_number 2 обновлен
2026-01-10 12:53:27 INFO  LaunchRepository:52 - Читаем запуск с flight_number: 2
2026-01-10 12:53:27 INFO  LaunchRepository:64 - Запуск с flight_number 2 найден
2026-01-10 12:53:27 INFO  LaunchRepository:120 - Удаляем запуск с flight_number: 1
2026-01-10 12:53:27 INFO  LaunchRepository:128 - Удаление выполнено. Текущее количество запусков: 2
2026-01-10 12:53:27 INFO  LaunchRepository:52 - Читаем запуск с flight_number: 1
2026-01-10 12:53:27 WARN  LaunchRepository:61 - Запуск с flight_number 1 не найден
2026-01-10 12:53:27 INFO  LaunchRepository:71 - Читаем все запуски. Всего: 2
2026-01-10 12:53:27 INFO  LaunchRepository:133 - Удаляем все запуски
2026-01-10 12:53:27 INFO  LaunchRepository:135 - Все запуски удалены. Текущее количество: 0
2026-01-10 12:53:27 INFO  LaunchRepository:71 - Читаем все запуски. Всего: 0
2026-01-10 12:53:27 INFO  SpaceXService:31 - Отправка запроса к SpaceX API: https://api.spacexdata.com/v3/launches
2026-01-10 12:53:39 INFO  SpaceXService:47 - Получено 111 запусков
2026-01-10 12:53:39 INFO  Server:479 - Stopped Server@5ab63a04{STOPPING}[11.0.24,sto=30000]
2026-01-10 12:53:39 INFO  Server:135 - Shutdown Server@5ab63a04{STOPPING}[11.0.24,sto=30000]
2026-01-10 12:53:39 INFO  AbstractConnector:431 - Stopped Spark@2697d6f{HTTP/1.1, (http/1.1)}{0.0.0.0:4040}
2026-01-10 12:53:39 INFO  SparkConfig:41 - SparkSession остановлен.
2026-01-10 12:58:04 INFO  SparkConfig:17 - Инициализация SparkSession...
2026-01-10 12:58:05 WARN  Shell:746 - Did not find winutils.exe: java.io.FileNotFoundException: Hadoop bin directory does not exist: D:\SpaceXSpark\bin -see https://cwiki.apache.org/confluence/display/HADOOP2/WindowsProblems
2026-01-10 12:58:05 WARN  NativeCodeLoader:60 - Unable to load native-hadoop library for your platform... using builtin-java classes where applicable
2026-01-10 12:58:06 INFO  Server:384 - jetty-11.0.24; built: 2024-08-26T18:11:22.448Z; git: 5dfc59a691b748796f922208956bd1f2794bcd16; jvm 21.0.1+12-29
2026-01-10 12:58:06 INFO  Server:439 - Started Server@68ea253b{STARTING}[11.0.24,sto=30000] @2250ms
2026-01-10 12:58:06 INFO  AbstractConnector:376 - Started ServerConnector@783b3d84{HTTP/1.1, (http/1.1)}{0.0.0.0:4040}
2026-01-10 12:58:06 INFO  ContextHandler:907 - Started o.s.j.s.ServletContextHandler@5d194314{/,null,AVAILABLE,@Spark}
2026-01-10 12:58:06 INFO  ContextHandler:1123 - Stopped o.s.j.s.ServletContextHandler@5d194314{/,null,STOPPED,@Spark}
2026-01-10 12:58:06 INFO  ContextHandler:907 - Started o.s.j.s.ServletContextHandler@2de3b052{/jobs,null,AVAILABLE,@Spark}
2026-01-10 12:58:06 INFO  ContextHandler:907 - Started o.s.j.s.ServletContextHandler@16bbaab3{/jobs/json,null,AVAILABLE,@Spark}
2026-01-10 12:58:06 INFO  ContextHandler:907 - Started o.s.j.s.ServletContextHandler@fe42a09{/jobs/job,null,AVAILABLE,@Spark}
2026-01-10 12:58:06 INFO  ContextHandler:907 - Started o.s.j.s.ServletContextHandler@1ffd0114{/jobs/job/json,null,AVAILABLE,@Spark}
2026-01-10 12:58:06 INFO  ContextHandler:907 - Started o.s.j.s.ServletContextHandler@25a290ee{/stages,null,AVAILABLE,@Spark}
2026-01-10 12:58:06 INFO  ContextHandler:907 - Started o.s.j.s.ServletContextHandler@4052913c{/stages/json,null,AVAILABLE,@Spark}
2026-01-10 12:58:06 INFO  ContextHandler:907 - Started o.s.j.s.ServletContextHandler@38089dae{/stages/stage,null,AVAILABLE,@Spark}
2026-01-10 12:58:06 INFO  ContextHandler:907 - Started o.s.j.s.ServletContextHandler@5dfd31f4{/stages/stage/json,null,AVAILABLE,@Spark}
2026-01-10 12:58:06 INFO  ContextHandler:907 - Started o.s.j.s.ServletContextHandler@4adf3582{/stages/pool,null,AVAILABLE,@Spark}
2026-01-10 12:58:06 INFO  ContextHandler:907 - Started o.s.j.s.ServletContextHandler@632241f5{/stages/pool/json,null,AVAILABLE,@Spark}
2026-01-10 12:58:06 INFO  ContextHandler:907 - Started o.s.j.s.ServletContextHandler@577bfadb{/stages/taskThreadDump,null,AVAILABLE,@Spark}
2026-01-10 12:58:06 INFO  ContextHandler:907 - Started o.s.j.s.ServletContextHandler@54f2df29{/stages/taskThreadDump/json,null,AVAILABLE,@Spark}
2026-01-10 12:58:06 INFO  ContextHandler:907 - Started o.s.j.s.ServletContextHandler@655203e3{/storage,null,AVAILABLE,@Spark}
2026-01-10 12:58:06 INFO  ContextHandler:907 - Started o.s.j.s.ServletContextHandler@729cd862{/storage/json,null,AVAILABLE,@Spark}
2026-01-10 12:58:06 INFO  ContextHandler:907 - Started o.s.j.s.ServletContextHandler@568f4faa{/storage/rdd,null,AVAILABLE,@Spark}
2026-01-10 12:58:06 INFO  ContextHandler:907 - Started o.s.j.s.ServletContextHandler@589dfa6f{/storage/rdd/json,null,AVAILABLE,@Spark}
2026-01-10 12:58:06 INFO  ContextHandler:907 - Started o.s.j.s.ServletContextHandler@6f8667bb{/environment,null,AVAILABLE,@Spark}
2026-01-10 12:58:06 INFO  ContextHandler:907 - Started o.s.j.s.ServletContextHandler@2774dcf4{/environment/json,null,AVAILABLE,@Spark}
2026-01-10 12:58:06 INFO  ContextHandler:907 - Started o.s.j.s.ServletContextHandler@7c5f29c6{/executors,null,AVAILABLE,@Spark}
2026-01-10 12:58:06 INFO  ContextHandler:907 - Started o.s.j.s.ServletContextHandler@5280688{/executors/json,null,AVAILABLE,@Spark}
2026-01-10 12:58:06 INFO  ContextHandler:907 - Started o.s.j.s.ServletContextHandler@61ab6521{/executors/threadDump,null,AVAILABLE,@Spark}
2026-01-10 12:58:06 INFO  ContextHandler:907 - Started o.s.j.s.ServletContextHandler@7757025d{/executors/threadDump/json,null,AVAILABLE,@Spark}
2026-01-10 12:58:06 INFO  ContextHandler:907 - Started o.s.j.s.ServletContextHandler@52c46334{/executors/heapHistogram,null,AVAILABLE,@Spark}
2026-01-10 12:58:06 INFO  ContextHandler:907 - Started o.s.j.s.ServletContextHandler@5d767218{/executors/heapHistogram/json,null,AVAILABLE,@Spark}
2026-01-10 12:58:06 INFO  ContextHandler:907 - Started o.s.j.s.ServletContextHandler@20a1b3ae{/static,null,AVAILABLE,@Spark}
2026-01-10 12:58:06 INFO  ContextHandler:907 - Started o.s.j.s.ServletContextHandler@1eab8437{/,null,AVAILABLE,@Spark}
2026-01-10 12:58:06 INFO  ContextHandler:907 - Started o.s.j.s.ServletContextHandler@69ffdaa8{/api,null,AVAILABLE,@Spark}
2026-01-10 12:58:06 INFO  ContextHandler:907 - Started o.s.j.s.ServletContextHandler@6ce15112{/metrics,null,AVAILABLE,@Spark}
2026-01-10 12:58:06 INFO  ContextHandler:907 - Started o.s.j.s.ServletContextHandler@7af0d91b{/jobs/job/kill,null,AVAILABLE,@Spark}
2026-01-10 12:58:06 INFO  ContextHandler:907 - Started o.s.j.s.ServletContextHandler@30ec211a{/stages/stage/kill,null,AVAILABLE,@Spark}
2026-01-10 12:58:06 INFO  ContextHandler:907 - Started o.s.j.s.ServletContextHandler@1187dc82{/metrics/json,null,AVAILABLE,@Spark}
2026-01-10 12:58:06 INFO  SparkConfig:27 - SparkSession успешно создан!
2026-01-10 12:58:06 INFO  SparkConfig:28 - Имя приложения: SpaceX-Spark-App
2026-01-10 12:58:06 INFO  SparkConfig:29 - Режим выполнения (master): local[*]
2026-01-10 12:58:06 INFO  SparkConfig:30 - Версия Spark: 4.0.1
2026-01-10 12:58:07 INFO  ContextHandler:907 - Started o.s.j.s.ServletContextHandler@6b2e9db2{/SQL,null,AVAILABLE,@Spark}
2026-01-10 12:58:07 INFO  ContextHandler:907 - Started o.s.j.s.ServletContextHandler@1a34a51e{/SQL/json,null,AVAILABLE,@Spark}
2026-01-10 12:58:07 INFO  ContextHandler:907 - Started o.s.j.s.ServletContextHandler@30228de7{/SQL/execution,null,AVAILABLE,@Spark}
2026-01-10 12:58:07 INFO  ContextHandler:907 - Started o.s.j.s.ServletContextHandler@2e159116{/SQL/execution/json,null,AVAILABLE,@Spark}
2026-01-10 12:58:07 INFO  ContextHandler:907 - Started o.s.j.s.ServletContextHandler@21a5b599{/static/sql,null,AVAILABLE,@Spark}
2026-01-10 12:58:08 INFO  LaunchRepository:26 - LaunchRepository инициализирован. Пустой Dataset создан.
2026-01-10 12:58:11 INFO  Server:479 - Stopped Server@68ea253b{STOPPING}[11.0.24,sto=30000]
2026-01-10 12:58:11 INFO  Server:135 - Shutdown Server@68ea253b{STOPPING}[11.0.24,sto=30000]
2026-01-10 12:58:11 INFO  AbstractConnector:431 - Stopped Spark@783b3d84{HTTP/1.1, (http/1.1)}{0.0.0.0:4040}
2026-01-10 13:01:19 INFO  SparkConfig:17 - Инициализация SparkSession...
2026-01-10 13:01:20 WARN  Shell:746 - Did not find winutils.exe: java.io.FileNotFoundException: java.io.FileNotFoundException: HADOOP_HOME and hadoop.home.dir are unset. -see https://cwiki.apache.org/confluence/display/HADOOP2/WindowsProblems
2026-01-10 13:01:20 WARN  NativeCodeLoader:60 - Unable to load native-hadoop library for your platform... using builtin-java classes where applicable
2026-01-10 13:01:21 INFO  Server:384 - jetty-11.0.24; built: 2024-08-26T18:11:22.448Z; git: 5dfc59a691b748796f922208956bd1f2794bcd16; jvm 21.0.6+7-LTS
2026-01-10 13:01:21 INFO  Server:439 - Started Server@7e050be1{STARTING}[11.0.24,sto=30000] @2442ms
2026-01-10 13:01:21 INFO  AbstractConnector:376 - Started ServerConnector@1dd7801d{HTTP/1.1, (http/1.1)}{0.0.0.0:4040}
2026-01-10 13:01:21 INFO  ContextHandler:907 - Started o.s.j.s.ServletContextHandler@5b665a30{/,null,AVAILABLE,@Spark}
2026-01-10 13:01:21 INFO  ContextHandler:1123 - Stopped o.s.j.s.ServletContextHandler@5b665a30{/,null,STOPPED,@Spark}
2026-01-10 13:01:21 INFO  ContextHandler:907 - Started o.s.j.s.ServletContextHandler@3514ac7d{/jobs,null,AVAILABLE,@Spark}
2026-01-10 13:01:21 INFO  ContextHandler:907 - Started o.s.j.s.ServletContextHandler@160c7c42{/jobs/json,null,AVAILABLE,@Spark}
2026-01-10 13:01:21 INFO  ContextHandler:907 - Started o.s.j.s.ServletContextHandler@5503c7d{/jobs/job,null,AVAILABLE,@Spark}
2026-01-10 13:01:21 INFO  ContextHandler:907 - Started o.s.j.s.ServletContextHandler@2ec0ca83{/jobs/job/json,null,AVAILABLE,@Spark}
2026-01-10 13:01:21 INFO  ContextHandler:907 - Started o.s.j.s.ServletContextHandler@7827d7b{/stages,null,AVAILABLE,@Spark}
2026-01-10 13:01:21 INFO  ContextHandler:907 - Started o.s.j.s.ServletContextHandler@2e7a9db7{/stages/json,null,AVAILABLE,@Spark}
2026-01-10 13:01:21 INFO  ContextHandler:907 - Started o.s.j.s.ServletContextHandler@11cc9e1e{/stages/stage,null,AVAILABLE,@Spark}
2026-01-10 13:01:21 INFO  ContextHandler:907 - Started o.s.j.s.ServletContextHandler@5b0e9e0c{/stages/stage/json,null,AVAILABLE,@Spark}
2026-01-10 13:01:21 INFO  ContextHandler:907 - Started o.s.j.s.ServletContextHandler@21ea1d9d{/stages/pool,null,AVAILABLE,@Spark}
2026-01-10 13:01:21 INFO  ContextHandler:907 - Started o.s.j.s.ServletContextHandler@36a58466{/stages/pool/json,null,AVAILABLE,@Spark}
2026-01-10 13:01:21 INFO  ContextHandler:907 - Started o.s.j.s.ServletContextHandler@9147ba2{/stages/taskThreadDump,null,AVAILABLE,@Spark}
2026-01-10 13:01:21 INFO  ContextHandler:907 - Started o.s.j.s.ServletContextHandler@2efcc0b3{/stages/taskThreadDump/json,null,AVAILABLE,@Spark}
2026-01-10 13:01:21 INFO  ContextHandler:907 - Started o.s.j.s.ServletContextHandler@60a6840c{/storage,null,AVAILABLE,@Spark}
2026-01-10 13:01:21 INFO  ContextHandler:907 - Started o.s.j.s.ServletContextHandler@1be3f8f8{/storage/json,null,AVAILABLE,@Spark}
2026-01-10 13:01:21 INFO  ContextHandler:907 - Started o.s.j.s.ServletContextHandler@2ceb68a1{/storage/rdd,null,AVAILABLE,@Spark}
2026-01-10 13:01:21 INFO  ContextHandler:907 - Started o.s.j.s.ServletContextHandler@69c33ea2{/storage/rdd/json,null,AVAILABLE,@Spark}
2026-01-10 13:01:21 INFO  ContextHandler:907 - Started o.s.j.s.ServletContextHandler@2e3900dc{/environment,null,AVAILABLE,@Spark}
2026-01-10 13:01:21 INFO  ContextHandler:907 - Started o.s.j.s.ServletContextHandler@2a16d4dc{/environment/json,null,AVAILABLE,@Spark}
2026-01-10 13:01:21 INFO  ContextHandler:907 - Started o.s.j.s.ServletContextHandler@13d984ee{/executors,null,AVAILABLE,@Spark}
2026-01-10 13:01:21 INFO  ContextHandler:907 - Started o.s.j.s.ServletContextHandler@5341641d{/executors/json,null,AVAILABLE,@Spark}
2026-01-10 13:01:21 INFO  ContextHandler:907 - Started o.s.j.s.ServletContextHandler@7b3c0ecb{/executors/threadDump,null,AVAILABLE,@Spark}
2026-01-10 13:01:21 INFO  ContextHandler:907 - Started o.s.j.s.ServletContextHandler@3006bfb{/executors/threadDump/json,null,AVAILABLE,@Spark}
2026-01-10 13:01:21 INFO  ContextHandler:907 - Started o.s.j.s.ServletContextHandler@5402612e{/executors/heapHistogram,null,AVAILABLE,@Spark}
2026-01-10 13:01:21 INFO  ContextHandler:907 - Started o.s.j.s.ServletContextHandler@431babe6{/executors/heapHistogram/json,null,AVAILABLE,@Spark}
2026-01-10 13:01:21 INFO  ContextHandler:907 - Started o.s.j.s.ServletContextHandler@5072e638{/static,null,AVAILABLE,@Spark}
2026-01-10 13:01:21 INFO  ContextHandler:907 - Started o.s.j.s.ServletContextHandler@4345fd45{/,null,AVAILABLE,@Spark}
2026-01-10 13:01:21 INFO  ContextHandler:907 - Started o.s.j.s.ServletContextHandler@10d905c1{/api,null,AVAILABLE,@Spark}
2026-01-10 13:01:21 INFO  ContextHandler:907 - Started o.s.j.s.ServletContextHandler@7a62d697{/metrics,null,AVAILABLE,@Spark}
2026-01-10 13:01:21 INFO  ContextHandler:907 - Started o.s.j.s.ServletContextHandler@62ab5e63{/jobs/job/kill,null,AVAILABLE,@Spark}
2026-01-10 13:01:21 INFO  ContextHandler:907 - Started o.s.j.s.ServletContextHandler@5e8f0f98{/stages/stage/kill,null,AVAILABLE,@Spark}
2026-01-10 13:01:21 INFO  ContextHandler:907 - Started o.s.j.s.ServletContextHandler@62158991{/metrics/json,null,AVAILABLE,@Spark}
2026-01-10 13:01:21 INFO  SparkConfig:27 - SparkSession успешно создан!
2026-01-10 13:01:21 INFO  SparkConfig:28 - Имя приложения: SpaceX-Spark-App
2026-01-10 13:01:21 INFO  SparkConfig:29 - Режим выполнения (master): local[*]
2026-01-10 13:01:21 INFO  SparkConfig:30 - Версия Spark: 4.0.1
2026-01-10 13:01:21 INFO  ContextHandler:907 - Started o.s.j.s.ServletContextHandler@4888d1ea{/SQL,null,AVAILABLE,@Spark}
2026-01-10 13:01:21 INFO  ContextHandler:907 - Started o.s.j.s.ServletContextHandler@3fd9e01c{/SQL/json,null,AVAILABLE,@Spark}
2026-01-10 13:01:21 INFO  ContextHandler:907 - Started o.s.j.s.ServletContextHandler@1f19d423{/SQL/execution,null,AVAILABLE,@Spark}
2026-01-10 13:01:21 INFO  ContextHandler:907 - Started o.s.j.s.ServletContextHandler@23933031{/SQL/execution/json,null,AVAILABLE,@Spark}
2026-01-10 13:01:21 INFO  ContextHandler:907 - Started o.s.j.s.ServletContextHandler@68360fb9{/static/sql,null,AVAILABLE,@Spark}
2026-01-10 13:01:22 INFO  LaunchRepository:26 - LaunchRepository инициализирован. Пустой Dataset создан.
2026-01-10 13:01:22 INFO  LaunchRepository:31 - Сохраняем список запусков, размер: 2
2026-01-10 13:01:24 INFO  LaunchRepository:34 - Список запусков добавлен. Текущее количество запусков: 2
2026-01-10 13:01:24 INFO  LaunchRepository:71 - Читаем все запуски. Всего: 2
2026-01-10 13:01:24 INFO  LaunchRepository:52 - Читаем запуск с flight_number: 1
2026-01-10 13:01:24 INFO  LaunchRepository:64 - Запуск с flight_number 1 найден
2026-01-10 13:01:24 INFO  LaunchRepository:77 - Проверяем существование запуска с flight_number: 1
2026-01-10 13:01:24 INFO  LaunchRepository:85 - Запуск с flight_number 1 существует: true
2026-01-10 13:01:24 INFO  LaunchRepository:77 - Проверяем существование запуска с flight_number: 999
2026-01-10 13:01:24 INFO  LaunchRepository:85 - Запуск с flight_number 999 существует: false
2026-01-10 13:01:24 INFO  LaunchRepository:39 - Сохраняем запуск с flight_number: 3
2026-01-10 13:01:24 INFO  LaunchRepository:77 - Проверяем существование запуска с flight_number: 3
2026-01-10 13:01:24 INFO  LaunchRepository:85 - Запуск с flight_number 3 существует: false
2026-01-10 13:01:24 INFO  LaunchRepository:46 - Запуск добавлен. Текущее количество запусков: 3
2026-01-10 13:01:24 INFO  LaunchRepository:52 - Читаем запуск с flight_number: 3
2026-01-10 13:01:24 INFO  LaunchRepository:64 - Запуск с flight_number 3 найден
2026-01-10 13:01:24 INFO  LaunchRepository:39 - Сохраняем запуск с flight_number: 1
2026-01-10 13:01:24 INFO  LaunchRepository:77 - Проверяем существование запуска с flight_number: 1
2026-01-10 13:01:24 INFO  LaunchRepository:85 - Запуск с flight_number 1 существует: true
2026-01-10 13:01:24 INFO  LaunchRepository:41 - Запуск с flight_number 1 уже существует. Обновляем его.
2026-01-10 13:01:24 INFO  LaunchRepository:105 - Обновляем запуск с flight_number: 1
2026-01-10 13:01:24 INFO  LaunchRepository:110 - Запуск с flight_number 1 обновлен
2026-01-10 13:01:24 INFO  LaunchRepository:52 - Читаем запуск с flight_number: 1
2026-01-10 13:01:24 INFO  LaunchRepository:64 - Запуск с flight_number 1 найден
2026-01-10 13:01:24 INFO  LaunchRepository:105 - Обновляем запуск с flight_number: 2
2026-01-10 13:01:24 INFO  LaunchRepository:110 - Запуск с flight_number 2 обновлен
2026-01-10 13:01:24 INFO  LaunchRepository:52 - Читаем запуск с flight_number: 2
2026-01-10 13:01:24 INFO  LaunchRepository:64 - Запуск с flight_number 2 найден
2026-01-10 13:01:24 INFO  LaunchRepository:120 - Удаляем запуск с flight_number: 1
2026-01-10 13:01:24 INFO  LaunchRepository:128 - Удаление выполнено. Текущее количество запусков: 2
2026-01-10 13:01:24 INFO  LaunchRepository:52 - Читаем запуск с flight_number: 1
2026-01-10 13:01:24 WARN  LaunchRepository:61 - Запуск с flight_number 1 не найден
2026-01-10 13:01:24 INFO  LaunchRepository:71 - Читаем все запуски. Всего: 2
2026-01-10 13:01:24 INFO  LaunchRepository:133 - Удаляем все запуски
2026-01-10 13:01:24 INFO  LaunchRepository:135 - Все запуски удалены. Текущее количество: 0
2026-01-10 13:01:24 INFO  LaunchRepository:71 - Читаем все запуски. Всего: 0
2026-01-10 13:01:25 INFO  SpaceXService:31 - Отправка запроса к SpaceX API: https://api.spacexdata.com/v3/launches
2026-01-10 13:01:29 INFO  SpaceXService:47 - Получено 111 запусков
2026-01-10 13:01:29 INFO  Server:479 - Stopped Server@7e050be1{STOPPING}[11.0.24,sto=30000]
2026-01-10 13:01:29 INFO  Server:135 - Shutdown Server@7e050be1{STOPPING}[11.0.24,sto=30000]
2026-01-10 13:01:29 INFO  AbstractConnector:431 - Stopped Spark@1dd7801d{HTTP/1.1, (http/1.1)}{0.0.0.0:4040}
2026-01-10 13:01:29 INFO  SparkConfig:41 - SparkSession остановлен.
2026-01-10 13:21:58 INFO  SparkConfig:17 - Инициализация SparkSession...
2026-01-10 13:21:59 WARN  Shell:746 - Did not find winutils.exe: java.io.FileNotFoundException: java.io.FileNotFoundException: HADOOP_HOME and hadoop.home.dir are unset. -see https://cwiki.apache.org/confluence/display/HADOOP2/WindowsProblems
2026-01-10 13:21:59 WARN  NativeCodeLoader:60 - Unable to load native-hadoop library for your platform... using builtin-java classes where applicable
2026-01-10 13:22:00 INFO  Server:384 - jetty-11.0.24; built: 2024-08-26T18:11:22.448Z; git: 5dfc59a691b748796f922208956bd1f2794bcd16; jvm 21.0.6+7-LTS
2026-01-10 13:22:00 INFO  Server:439 - Started Server@7e050be1{STARTING}[11.0.24,sto=30000] @2373ms
2026-01-10 13:22:00 INFO  AbstractConnector:376 - Started ServerConnector@53e5bcfd{HTTP/1.1, (http/1.1)}{0.0.0.0:4040}
2026-01-10 13:22:00 INFO  ContextHandler:907 - Started o.s.j.s.ServletContextHandler@5b665a30{/,null,AVAILABLE,@Spark}
2026-01-10 13:22:00 INFO  ContextHandler:1123 - Stopped o.s.j.s.ServletContextHandler@5b665a30{/,null,STOPPED,@Spark}
2026-01-10 13:22:00 INFO  ContextHandler:907 - Started o.s.j.s.ServletContextHandler@3514ac7d{/jobs,null,AVAILABLE,@Spark}
2026-01-10 13:22:00 INFO  ContextHandler:907 - Started o.s.j.s.ServletContextHandler@160c7c42{/jobs/json,null,AVAILABLE,@Spark}
2026-01-10 13:22:00 INFO  ContextHandler:907 - Started o.s.j.s.ServletContextHandler@5503c7d{/jobs/job,null,AVAILABLE,@Spark}
2026-01-10 13:22:00 INFO  ContextHandler:907 - Started o.s.j.s.ServletContextHandler@2ec0ca83{/jobs/job/json,null,AVAILABLE,@Spark}
2026-01-10 13:22:00 INFO  ContextHandler:907 - Started o.s.j.s.ServletContextHandler@7827d7b{/stages,null,AVAILABLE,@Spark}
2026-01-10 13:22:00 INFO  ContextHandler:907 - Started o.s.j.s.ServletContextHandler@2e7a9db7{/stages/json,null,AVAILABLE,@Spark}
2026-01-10 13:22:00 INFO  ContextHandler:907 - Started o.s.j.s.ServletContextHandler@11cc9e1e{/stages/stage,null,AVAILABLE,@Spark}
2026-01-10 13:22:00 INFO  ContextHandler:907 - Started o.s.j.s.ServletContextHandler@5b0e9e0c{/stages/stage/json,null,AVAILABLE,@Spark}
2026-01-10 13:22:00 INFO  ContextHandler:907 - Started o.s.j.s.ServletContextHandler@21ea1d9d{/stages/pool,null,AVAILABLE,@Spark}
2026-01-10 13:22:00 INFO  ContextHandler:907 - Started o.s.j.s.ServletContextHandler@36a58466{/stages/pool/json,null,AVAILABLE,@Spark}
2026-01-10 13:22:00 INFO  ContextHandler:907 - Started o.s.j.s.ServletContextHandler@9147ba2{/stages/taskThreadDump,null,AVAILABLE,@Spark}
2026-01-10 13:22:00 INFO  ContextHandler:907 - Started o.s.j.s.ServletContextHandler@2efcc0b3{/stages/taskThreadDump/json,null,AVAILABLE,@Spark}
2026-01-10 13:22:00 INFO  ContextHandler:907 - Started o.s.j.s.ServletContextHandler@60a6840c{/storage,null,AVAILABLE,@Spark}
2026-01-10 13:22:00 INFO  ContextHandler:907 - Started o.s.j.s.ServletContextHandler@1be3f8f8{/storage/json,null,AVAILABLE,@Spark}
2026-01-10 13:22:00 INFO  ContextHandler:907 - Started o.s.j.s.ServletContextHandler@2ceb68a1{/storage/rdd,null,AVAILABLE,@Spark}
2026-01-10 13:22:00 INFO  ContextHandler:907 - Started o.s.j.s.ServletContextHandler@69c33ea2{/storage/rdd/json,null,AVAILABLE,@Spark}
2026-01-10 13:22:00 INFO  ContextHandler:907 - Started o.s.j.s.ServletContextHandler@2e3900dc{/environment,null,AVAILABLE,@Spark}
2026-01-10 13:22:00 INFO  ContextHandler:907 - Started o.s.j.s.ServletContextHandler@2a16d4dc{/environment/json,null,AVAILABLE,@Spark}
2026-01-10 13:22:00 INFO  ContextHandler:907 - Started o.s.j.s.ServletContextHandler@13d984ee{/executors,null,AVAILABLE,@Spark}
2026-01-10 13:22:00 INFO  ContextHandler:907 - Started o.s.j.s.ServletContextHandler@5341641d{/executors/json,null,AVAILABLE,@Spark}
2026-01-10 13:22:00 INFO  ContextHandler:907 - Started o.s.j.s.ServletContextHandler@7b3c0ecb{/executors/threadDump,null,AVAILABLE,@Spark}
2026-01-10 13:22:00 INFO  ContextHandler:907 - Started o.s.j.s.ServletContextHandler@3006bfb{/executors/threadDump/json,null,AVAILABLE,@Spark}
2026-01-10 13:22:00 INFO  ContextHandler:907 - Started o.s.j.s.ServletContextHandler@5402612e{/executors/heapHistogram,null,AVAILABLE,@Spark}
2026-01-10 13:22:00 INFO  ContextHandler:907 - Started o.s.j.s.ServletContextHandler@431babe6{/executors/heapHistogram/json,null,AVAILABLE,@Spark}
2026-01-10 13:22:00 INFO  ContextHandler:907 - Started o.s.j.s.ServletContextHandler@5072e638{/static,null,AVAILABLE,@Spark}
2026-01-10 13:22:00 INFO  ContextHandler:907 - Started o.s.j.s.ServletContextHandler@4345fd45{/,null,AVAILABLE,@Spark}
2026-01-10 13:22:00 INFO  ContextHandler:907 - Started o.s.j.s.ServletContextHandler@10d905c1{/api,null,AVAILABLE,@Spark}
2026-01-10 13:22:00 INFO  ContextHandler:907 - Started o.s.j.s.ServletContextHandler@7a62d697{/metrics,null,AVAILABLE,@Spark}
2026-01-10 13:22:00 INFO  ContextHandler:907 - Started o.s.j.s.ServletContextHandler@62ab5e63{/jobs/job/kill,null,AVAILABLE,@Spark}
2026-01-10 13:22:00 INFO  ContextHandler:907 - Started o.s.j.s.ServletContextHandler@5e8f0f98{/stages/stage/kill,null,AVAILABLE,@Spark}
2026-01-10 13:22:00 INFO  ContextHandler:907 - Started o.s.j.s.ServletContextHandler@62158991{/metrics/json,null,AVAILABLE,@Spark}
2026-01-10 13:22:00 INFO  SparkConfig:27 - SparkSession успешно создан!
2026-01-10 13:22:00 INFO  SparkConfig:28 - Имя приложения: SpaceX-Spark-App
2026-01-10 13:22:00 INFO  SparkConfig:29 - Режим выполнения (master): local[*]
2026-01-10 13:22:00 INFO  SparkConfig:30 - Версия Spark: 4.0.1
2026-01-10 13:22:00 INFO  ContextHandler:907 - Started o.s.j.s.ServletContextHandler@4888d1ea{/SQL,null,AVAILABLE,@Spark}
2026-01-10 13:22:00 INFO  ContextHandler:907 - Started o.s.j.s.ServletContextHandler@3fd9e01c{/SQL/json,null,AVAILABLE,@Spark}
2026-01-10 13:22:00 INFO  ContextHandler:907 - Started o.s.j.s.ServletContextHandler@1f19d423{/SQL/execution,null,AVAILABLE,@Spark}
2026-01-10 13:22:00 INFO  ContextHandler:907 - Started o.s.j.s.ServletContextHandler@23933031{/SQL/execution/json,null,AVAILABLE,@Spark}
2026-01-10 13:22:01 INFO  ContextHandler:907 - Started o.s.j.s.ServletContextHandler@68360fb9{/static/sql,null,AVAILABLE,@Spark}
2026-01-10 13:22:02 INFO  LaunchRepository:26 - LaunchRepository инициализирован. Пустой Dataset создан.
2026-01-10 13:22:02 INFO  LaunchRepository:31 - Сохраняем список запусков, размер: 2
2026-01-10 13:22:03 INFO  LaunchRepository:34 - Список запусков добавлен. Текущее количество запусков: 2
2026-01-10 13:22:03 INFO  LaunchRepository:71 - Читаем все запуски. Всего: 2
2026-01-10 13:22:03 INFO  LaunchRepository:52 - Читаем запуск с flight_number: 1
2026-01-10 13:22:03 INFO  LaunchRepository:64 - Запуск с flight_number 1 найден
2026-01-10 13:22:03 INFO  LaunchRepository:77 - Проверяем существование запуска с flight_number: 1
2026-01-10 13:22:03 INFO  LaunchRepository:85 - Запуск с flight_number 1 существует: true
2026-01-10 13:22:03 INFO  LaunchRepository:77 - Проверяем существование запуска с flight_number: 999
2026-01-10 13:22:03 INFO  LaunchRepository:85 - Запуск с flight_number 999 существует: false
2026-01-10 13:22:03 INFO  LaunchRepository:39 - Сохраняем запуск с flight_number: 3
2026-01-10 13:22:03 INFO  LaunchRepository:77 - Проверяем существование запуска с flight_number: 3
2026-01-10 13:22:03 INFO  LaunchRepository:85 - Запуск с flight_number 3 существует: false
2026-01-10 13:22:04 INFO  LaunchRepository:46 - Запуск добавлен. Текущее количество запусков: 3
2026-01-10 13:22:04 INFO  LaunchRepository:52 - Читаем запуск с flight_number: 3
2026-01-10 13:22:04 INFO  LaunchRepository:64 - Запуск с flight_number 3 найден
2026-01-10 13:22:04 INFO  LaunchRepository:39 - Сохраняем запуск с flight_number: 1
2026-01-10 13:22:04 INFO  LaunchRepository:77 - Проверяем существование запуска с flight_number: 1
2026-01-10 13:22:04 INFO  LaunchRepository:85 - Запуск с flight_number 1 существует: true
2026-01-10 13:22:04 INFO  LaunchRepository:41 - Запуск с flight_number 1 уже существует. Обновляем его.
2026-01-10 13:22:04 INFO  LaunchRepository:105 - Обновляем запуск с flight_number: 1
2026-01-10 13:22:04 INFO  LaunchRepository:110 - Запуск с flight_number 1 обновлен
2026-01-10 13:22:04 INFO  LaunchRepository:52 - Читаем запуск с flight_number: 1
2026-01-10 13:22:04 INFO  LaunchRepository:64 - Запуск с flight_number 1 найден
2026-01-10 13:22:04 INFO  LaunchRepository:105 - Обновляем запуск с flight_number: 2
2026-01-10 13:22:04 INFO  LaunchRepository:110 - Запуск с flight_number 2 обновлен
2026-01-10 13:22:04 INFO  LaunchRepository:52 - Читаем запуск с flight_number: 2
2026-01-10 13:22:04 INFO  LaunchRepository:64 - Запуск с flight_number 2 найден
2026-01-10 13:22:04 INFO  LaunchRepository:120 - Удаляем запуск с flight_number: 1
2026-01-10 13:22:04 INFO  LaunchRepository:128 - Удаление выполнено. Текущее количество запусков: 2
2026-01-10 13:22:04 INFO  LaunchRepository:52 - Читаем запуск с flight_number: 1
2026-01-10 13:22:04 WARN  LaunchRepository:61 - Запуск с flight_number 1 не найден
2026-01-10 13:22:04 INFO  LaunchRepository:71 - Читаем все запуски. Всего: 2
2026-01-10 13:22:04 INFO  LaunchRepository:133 - Удаляем все запуски
2026-01-10 13:22:04 INFO  LaunchRepository:135 - Все запуски удалены. Текущее количество: 0
2026-01-10 13:22:04 INFO  LaunchRepository:71 - Читаем все запуски. Всего: 0
2026-01-10 13:22:04 INFO  SpaceXService:31 - Отправка запроса к SpaceX API: https://api.spacexdata.com/v3/launches
2026-01-10 13:22:13 INFO  SpaceXService:47 - Получено 111 запусков
2026-01-10 13:22:13 INFO  Server:479 - Stopped Server@7e050be1{STOPPING}[11.0.24,sto=30000]
2026-01-10 13:22:13 INFO  Server:135 - Shutdown Server@7e050be1{STOPPING}[11.0.24,sto=30000]
2026-01-10 13:22:13 INFO  AbstractConnector:431 - Stopped Spark@53e5bcfd{HTTP/1.1, (http/1.1)}{0.0.0.0:4040}
2026-01-10 13:22:13 INFO  SparkConfig:41 - SparkSession остановлен.
2026-01-10 13:23:12 INFO  SparkConfig:17 - Инициализация SparkSession...
2026-01-10 13:23:13 WARN  Shell:746 - Did not find winutils.exe: java.io.FileNotFoundException: Hadoop bin directory does not exist: D:\SpaceXSpark\bin -see https://cwiki.apache.org/confluence/display/HADOOP2/WindowsProblems
2026-01-10 13:23:13 WARN  NativeCodeLoader:60 - Unable to load native-hadoop library for your platform... using builtin-java classes where applicable
2026-01-10 13:23:14 INFO  Server:384 - jetty-11.0.24; built: 2024-08-26T18:11:22.448Z; git: 5dfc59a691b748796f922208956bd1f2794bcd16; jvm 21.0.6+7-LTS
2026-01-10 13:23:14 INFO  Server:439 - Started Server@6897a4a{STARTING}[11.0.24,sto=30000] @1782ms
2026-01-10 13:23:14 INFO  AbstractConnector:376 - Started ServerConnector@5d0d88b1{HTTP/1.1, (http/1.1)}{0.0.0.0:4040}
2026-01-10 13:23:14 INFO  ContextHandler:907 - Started o.s.j.s.ServletContextHandler@539c4830{/,null,AVAILABLE,@Spark}
2026-01-10 13:23:14 INFO  ContextHandler:1123 - Stopped o.s.j.s.ServletContextHandler@539c4830{/,null,STOPPED,@Spark}
2026-01-10 13:23:14 INFO  ContextHandler:907 - Started o.s.j.s.ServletContextHandler@32dcfeea{/jobs,null,AVAILABLE,@Spark}
2026-01-10 13:23:14 INFO  ContextHandler:907 - Started o.s.j.s.ServletContextHandler@2565a7d0{/jobs/json,null,AVAILABLE,@Spark}
2026-01-10 13:23:14 INFO  ContextHandler:907 - Started o.s.j.s.ServletContextHandler@5103eea2{/jobs/job,null,AVAILABLE,@Spark}
2026-01-10 13:23:14 INFO  ContextHandler:907 - Started o.s.j.s.ServletContextHandler@7e77678c{/jobs/job/json,null,AVAILABLE,@Spark}
2026-01-10 13:23:14 INFO  ContextHandler:907 - Started o.s.j.s.ServletContextHandler@5f0677f3{/stages,null,AVAILABLE,@Spark}
2026-01-10 13:23:14 INFO  ContextHandler:907 - Started o.s.j.s.ServletContextHandler@4cd7d5e1{/stages/json,null,AVAILABLE,@Spark}
2026-01-10 13:23:14 INFO  ContextHandler:907 - Started o.s.j.s.ServletContextHandler@46b6701e{/stages/stage,null,AVAILABLE,@Spark}
2026-01-10 13:23:14 INFO  ContextHandler:907 - Started o.s.j.s.ServletContextHandler@71e2c6d8{/stages/stage/json,null,AVAILABLE,@Spark}
2026-01-10 13:23:14 INFO  ContextHandler:907 - Started o.s.j.s.ServletContextHandler@376b5cb2{/stages/pool,null,AVAILABLE,@Spark}
2026-01-10 13:23:14 INFO  ContextHandler:907 - Started o.s.j.s.ServletContextHandler@106cd9c8{/stages/pool/json,null,AVAILABLE,@Spark}
2026-01-10 13:23:14 INFO  ContextHandler:907 - Started o.s.j.s.ServletContextHandler@78318ac2{/stages/taskThreadDump,null,AVAILABLE,@Spark}
2026-01-10 13:23:14 INFO  ContextHandler:907 - Started o.s.j.s.ServletContextHandler@11abd6c{/stages/taskThreadDump/json,null,AVAILABLE,@Spark}
2026-01-10 13:23:14 INFO  ContextHandler:907 - Started o.s.j.s.ServletContextHandler@7608a838{/storage,null,AVAILABLE,@Spark}
2026-01-10 13:23:14 INFO  ContextHandler:907 - Started o.s.j.s.ServletContextHandler@21a6a494{/storage/json,null,AVAILABLE,@Spark}
2026-01-10 13:23:14 INFO  ContextHandler:907 - Started o.s.j.s.ServletContextHandler@4ab66127{/storage/rdd,null,AVAILABLE,@Spark}
2026-01-10 13:23:14 INFO  ContextHandler:907 - Started o.s.j.s.ServletContextHandler@37fef327{/storage/rdd/json,null,AVAILABLE,@Spark}
2026-01-10 13:23:14 INFO  ContextHandler:907 - Started o.s.j.s.ServletContextHandler@55951fcd{/environment,null,AVAILABLE,@Spark}
2026-01-10 13:23:14 INFO  ContextHandler:907 - Started o.s.j.s.ServletContextHandler@7534785a{/environment/json,null,AVAILABLE,@Spark}
2026-01-10 13:23:14 INFO  ContextHandler:907 - Started o.s.j.s.ServletContextHandler@3ba3f40d{/executors,null,AVAILABLE,@Spark}
2026-01-10 13:23:14 INFO  ContextHandler:907 - Started o.s.j.s.ServletContextHandler@46ab4efc{/executors/json,null,AVAILABLE,@Spark}
2026-01-10 13:23:14 INFO  ContextHandler:907 - Started o.s.j.s.ServletContextHandler@b5312df{/executors/threadDump,null,AVAILABLE,@Spark}
2026-01-10 13:23:14 INFO  ContextHandler:907 - Started o.s.j.s.ServletContextHandler@5f409872{/executors/threadDump/json,null,AVAILABLE,@Spark}
2026-01-10 13:23:14 INFO  ContextHandler:907 - Started o.s.j.s.ServletContextHandler@472c9f88{/executors/heapHistogram,null,AVAILABLE,@Spark}
2026-01-10 13:23:14 INFO  ContextHandler:907 - Started o.s.j.s.ServletContextHandler@5822ecda{/executors/heapHistogram/json,null,AVAILABLE,@Spark}
2026-01-10 13:23:14 INFO  ContextHandler:907 - Started o.s.j.s.ServletContextHandler@7afbf2a0{/static,null,AVAILABLE,@Spark}
2026-01-10 13:23:14 INFO  ContextHandler:907 - Started o.s.j.s.ServletContextHandler@506aa618{/,null,AVAILABLE,@Spark}
2026-01-10 13:23:14 INFO  ContextHandler:907 - Started o.s.j.s.ServletContextHandler@1d6713dd{/api,null,AVAILABLE,@Spark}
2026-01-10 13:23:14 INFO  ContextHandler:907 - Started o.s.j.s.ServletContextHandler@15c16f19{/metrics,null,AVAILABLE,@Spark}
2026-01-10 13:23:14 INFO  ContextHandler:907 - Started o.s.j.s.ServletContextHandler@60c96eb4{/jobs/job/kill,null,AVAILABLE,@Spark}
2026-01-10 13:23:14 INFO  ContextHandler:907 - Started o.s.j.s.ServletContextHandler@5ab63a04{/stages/stage/kill,null,AVAILABLE,@Spark}
2026-01-10 13:23:14 INFO  ContextHandler:907 - Started o.s.j.s.ServletContextHandler@211a9647{/metrics/json,null,AVAILABLE,@Spark}
2026-01-10 13:23:14 INFO  SparkConfig:27 - SparkSession успешно создан!
2026-01-10 13:23:14 INFO  SparkConfig:28 - Имя приложения: SpaceX-Spark-App
2026-01-10 13:23:14 INFO  SparkConfig:29 - Режим выполнения (master): local[*]
2026-01-10 13:23:14 INFO  SparkConfig:30 - Версия Spark: 4.0.1
2026-01-10 13:23:14 INFO  ContextHandler:907 - Started o.s.j.s.ServletContextHandler@7ac685ef{/SQL,null,AVAILABLE,@Spark}
2026-01-10 13:23:14 INFO  ContextHandler:907 - Started o.s.j.s.ServletContextHandler@4a4ff5ed{/SQL/json,null,AVAILABLE,@Spark}
2026-01-10 13:23:14 INFO  ContextHandler:907 - Started o.s.j.s.ServletContextHandler@51813065{/SQL/execution,null,AVAILABLE,@Spark}
2026-01-10 13:23:14 INFO  ContextHandler:907 - Started o.s.j.s.ServletContextHandler@e0847a9{/SQL/execution/json,null,AVAILABLE,@Spark}
2026-01-10 13:23:14 INFO  ContextHandler:907 - Started o.s.j.s.ServletContextHandler@f1d1463{/static/sql,null,AVAILABLE,@Spark}
2026-01-10 13:23:15 INFO  LaunchRepository:26 - LaunchRepository инициализирован. Пустой Dataset создан.
2026-01-10 13:26:30 INFO  SpaceXService:31 - Отправка запроса к SpaceX API: https://api.spacexdata.com/v3/launches
2026-01-10 13:26:35 INFO  SpaceXService:47 - Получено 111 запусков
2026-01-10 13:26:35 INFO  LaunchRepository:31 - Сохраняем список запусков, размер: 111
2026-01-10 13:26:37 INFO  LaunchRepository:34 - Список запусков добавлен. Текущее количество запусков: 111
2026-01-10 13:26:45 INFO  LaunchRepository:71 - Читаем все запуски. Всего: 111
2026-01-10 13:26:53 INFO  Server:479 - Stopped Server@6897a4a{STOPPING}[11.0.24,sto=30000]
2026-01-10 13:26:53 INFO  Server:135 - Shutdown Server@6897a4a{STOPPING}[11.0.24,sto=30000]
2026-01-10 13:26:53 INFO  AbstractConnector:431 - Stopped Spark@5d0d88b1{HTTP/1.1, (http/1.1)}{0.0.0.0:4040}
2026-01-10 13:26:53 INFO  SparkConfig:41 - SparkSession остановлен.
2026-01-10 13:28:52 INFO  SparkConfig:17 - Инициализация SparkSession...
2026-01-10 13:28:53 WARN  Shell:746 - Did not find winutils.exe: java.io.FileNotFoundException: Hadoop bin directory does not exist: D:\SpaceXSpark\bin -see https://cwiki.apache.org/confluence/display/HADOOP2/WindowsProblems
2026-01-10 13:28:53 WARN  NativeCodeLoader:60 - Unable to load native-hadoop library for your platform... using builtin-java classes where applicable
2026-01-10 13:28:53 INFO  Server:384 - jetty-11.0.24; built: 2024-08-26T18:11:22.448Z; git: 5dfc59a691b748796f922208956bd1f2794bcd16; jvm 21.0.6+7-LTS
2026-01-10 13:28:53 INFO  Server:439 - Started Server@6897a4a{STARTING}[11.0.24,sto=30000] @1817ms
2026-01-10 13:28:53 INFO  AbstractConnector:376 - Started ServerConnector@5b5e435b{HTTP/1.1, (http/1.1)}{0.0.0.0:4040}
2026-01-10 13:28:53 INFO  ContextHandler:907 - Started o.s.j.s.ServletContextHandler@539c4830{/,null,AVAILABLE,@Spark}
2026-01-10 13:28:54 INFO  ContextHandler:1123 - Stopped o.s.j.s.ServletContextHandler@539c4830{/,null,STOPPED,@Spark}
2026-01-10 13:28:54 INFO  ContextHandler:907 - Started o.s.j.s.ServletContextHandler@32dcfeea{/jobs,null,AVAILABLE,@Spark}
2026-01-10 13:28:54 INFO  ContextHandler:907 - Started o.s.j.s.ServletContextHandler@2565a7d0{/jobs/json,null,AVAILABLE,@Spark}
2026-01-10 13:28:54 INFO  ContextHandler:907 - Started o.s.j.s.ServletContextHandler@5103eea2{/jobs/job,null,AVAILABLE,@Spark}
2026-01-10 13:28:54 INFO  ContextHandler:907 - Started o.s.j.s.ServletContextHandler@7e77678c{/jobs/job/json,null,AVAILABLE,@Spark}
2026-01-10 13:28:54 INFO  ContextHandler:907 - Started o.s.j.s.ServletContextHandler@5f0677f3{/stages,null,AVAILABLE,@Spark}
2026-01-10 13:28:54 INFO  ContextHandler:907 - Started o.s.j.s.ServletContextHandler@4cd7d5e1{/stages/json,null,AVAILABLE,@Spark}
2026-01-10 13:28:54 INFO  ContextHandler:907 - Started o.s.j.s.ServletContextHandler@46b6701e{/stages/stage,null,AVAILABLE,@Spark}
2026-01-10 13:28:54 INFO  ContextHandler:907 - Started o.s.j.s.ServletContextHandler@71e2c6d8{/stages/stage/json,null,AVAILABLE,@Spark}
2026-01-10 13:28:54 INFO  ContextHandler:907 - Started o.s.j.s.ServletContextHandler@376b5cb2{/stages/pool,null,AVAILABLE,@Spark}
2026-01-10 13:28:54 INFO  ContextHandler:907 - Started o.s.j.s.ServletContextHandler@106cd9c8{/stages/pool/json,null,AVAILABLE,@Spark}
2026-01-10 13:28:54 INFO  ContextHandler:907 - Started o.s.j.s.ServletContextHandler@78318ac2{/stages/taskThreadDump,null,AVAILABLE,@Spark}
2026-01-10 13:28:54 INFO  ContextHandler:907 - Started o.s.j.s.ServletContextHandler@11abd6c{/stages/taskThreadDump/json,null,AVAILABLE,@Spark}
2026-01-10 13:28:54 INFO  ContextHandler:907 - Started o.s.j.s.ServletContextHandler@7608a838{/storage,null,AVAILABLE,@Spark}
2026-01-10 13:28:54 INFO  ContextHandler:907 - Started o.s.j.s.ServletContextHandler@21a6a494{/storage/json,null,AVAILABLE,@Spark}
2026-01-10 13:28:54 INFO  ContextHandler:907 - Started o.s.j.s.ServletContextHandler@4ab66127{/storage/rdd,null,AVAILABLE,@Spark}
2026-01-10 13:28:54 INFO  ContextHandler:907 - Started o.s.j.s.ServletContextHandler@37fef327{/storage/rdd/json,null,AVAILABLE,@Spark}
2026-01-10 13:28:54 INFO  ContextHandler:907 - Started o.s.j.s.ServletContextHandler@55951fcd{/environment,null,AVAILABLE,@Spark}
2026-01-10 13:28:54 INFO  ContextHandler:907 - Started o.s.j.s.ServletContextHandler@7534785a{/environment/json,null,AVAILABLE,@Spark}
2026-01-10 13:28:54 INFO  ContextHandler:907 - Started o.s.j.s.ServletContextHandler@3ba3f40d{/executors,null,AVAILABLE,@Spark}
2026-01-10 13:28:54 INFO  ContextHandler:907 - Started o.s.j.s.ServletContextHandler@46ab4efc{/executors/json,null,AVAILABLE,@Spark}
2026-01-10 13:28:54 INFO  ContextHandler:907 - Started o.s.j.s.ServletContextHandler@b5312df{/executors/threadDump,null,AVAILABLE,@Spark}
2026-01-10 13:28:54 INFO  ContextHandler:907 - Started o.s.j.s.ServletContextHandler@5f409872{/executors/threadDump/json,null,AVAILABLE,@Spark}
2026-01-10 13:28:54 INFO  ContextHandler:907 - Started o.s.j.s.ServletContextHandler@472c9f88{/executors/heapHistogram,null,AVAILABLE,@Spark}
2026-01-10 13:28:54 INFO  ContextHandler:907 - Started o.s.j.s.ServletContextHandler@5822ecda{/executors/heapHistogram/json,null,AVAILABLE,@Spark}
2026-01-10 13:28:54 INFO  ContextHandler:907 - Started o.s.j.s.ServletContextHandler@7afbf2a0{/static,null,AVAILABLE,@Spark}
2026-01-10 13:28:54 INFO  ContextHandler:907 - Started o.s.j.s.ServletContextHandler@506aa618{/,null,AVAILABLE,@Spark}
2026-01-10 13:28:54 INFO  ContextHandler:907 - Started o.s.j.s.ServletContextHandler@1d6713dd{/api,null,AVAILABLE,@Spark}
2026-01-10 13:28:54 INFO  ContextHandler:907 - Started o.s.j.s.ServletContextHandler@15c16f19{/metrics,null,AVAILABLE,@Spark}
2026-01-10 13:28:54 INFO  ContextHandler:907 - Started o.s.j.s.ServletContextHandler@60c96eb4{/jobs/job/kill,null,AVAILABLE,@Spark}
2026-01-10 13:28:54 INFO  ContextHandler:907 - Started o.s.j.s.ServletContextHandler@5ab63a04{/stages/stage/kill,null,AVAILABLE,@Spark}
2026-01-10 13:28:54 INFO  ContextHandler:907 - Started o.s.j.s.ServletContextHandler@211a9647{/metrics/json,null,AVAILABLE,@Spark}
2026-01-10 13:28:54 INFO  SparkConfig:27 - SparkSession успешно создан!
2026-01-10 13:28:54 INFO  SparkConfig:28 - Имя приложения: SpaceX-Spark-App
2026-01-10 13:28:54 INFO  SparkConfig:29 - Режим выполнения (master): local[*]
2026-01-10 13:28:54 INFO  SparkConfig:30 - Версия Spark: 4.0.1
2026-01-10 13:28:54 INFO  ContextHandler:907 - Started o.s.j.s.ServletContextHandler@7ac685ef{/SQL,null,AVAILABLE,@Spark}
2026-01-10 13:28:54 INFO  ContextHandler:907 - Started o.s.j.s.ServletContextHandler@4a4ff5ed{/SQL/json,null,AVAILABLE,@Spark}
2026-01-10 13:28:54 INFO  ContextHandler:907 - Started o.s.j.s.ServletContextHandler@51813065{/SQL/execution,null,AVAILABLE,@Spark}
2026-01-10 13:28:54 INFO  ContextHandler:907 - Started o.s.j.s.ServletContextHandler@e0847a9{/SQL/execution/json,null,AVAILABLE,@Spark}
2026-01-10 13:28:54 INFO  ContextHandler:907 - Started o.s.j.s.ServletContextHandler@f1d1463{/static/sql,null,AVAILABLE,@Spark}
2026-01-10 13:28:55 INFO  LaunchRepository:26 - LaunchRepository инициализирован. Пустой Dataset создан.
2026-01-10 13:29:03 INFO  Server:479 - Stopped Server@6897a4a{STOPPING}[11.0.24,sto=30000]
2026-01-10 13:29:03 INFO  Server:135 - Shutdown Server@6897a4a{STOPPING}[11.0.24,sto=30000]
2026-01-10 13:29:03 INFO  AbstractConnector:431 - Stopped Spark@5b5e435b{HTTP/1.1, (http/1.1)}{0.0.0.0:4040}
2026-01-10 13:29:03 INFO  SparkConfig:41 - SparkSession остановлен.
2026-01-10 13:30:27 INFO  SparkConfig:17 - Инициализация SparkSession...
2026-01-10 13:30:28 WARN  Shell:746 - Did not find winutils.exe: java.io.FileNotFoundException: Hadoop bin directory does not exist: D:\SpaceXSpark\bin -see https://cwiki.apache.org/confluence/display/HADOOP2/WindowsProblems
2026-01-10 13:30:28 WARN  NativeCodeLoader:60 - Unable to load native-hadoop library for your platform... using builtin-java classes where applicable
2026-01-10 13:30:28 INFO  Server:384 - jetty-11.0.24; built: 2024-08-26T18:11:22.448Z; git: 5dfc59a691b748796f922208956bd1f2794bcd16; jvm 21.0.6+7-LTS
2026-01-10 13:30:28 INFO  Server:439 - Started Server@6897a4a{STARTING}[11.0.24,sto=30000] @1830ms
2026-01-10 13:30:28 INFO  AbstractConnector:376 - Started ServerConnector@5d0d88b1{HTTP/1.1, (http/1.1)}{0.0.0.0:4040}
2026-01-10 13:30:28 INFO  ContextHandler:907 - Started o.s.j.s.ServletContextHandler@539c4830{/,null,AVAILABLE,@Spark}
2026-01-10 13:30:29 INFO  ContextHandler:1123 - Stopped o.s.j.s.ServletContextHandler@539c4830{/,null,STOPPED,@Spark}
2026-01-10 13:30:29 INFO  ContextHandler:907 - Started o.s.j.s.ServletContextHandler@32dcfeea{/jobs,null,AVAILABLE,@Spark}
2026-01-10 13:30:29 INFO  ContextHandler:907 - Started o.s.j.s.ServletContextHandler@2565a7d0{/jobs/json,null,AVAILABLE,@Spark}
2026-01-10 13:30:29 INFO  ContextHandler:907 - Started o.s.j.s.ServletContextHandler@5103eea2{/jobs/job,null,AVAILABLE,@Spark}
2026-01-10 13:30:29 INFO  ContextHandler:907 - Started o.s.j.s.ServletContextHandler@7e77678c{/jobs/job/json,null,AVAILABLE,@Spark}
2026-01-10 13:30:29 INFO  ContextHandler:907 - Started o.s.j.s.ServletContextHandler@5f0677f3{/stages,null,AVAILABLE,@Spark}
2026-01-10 13:30:29 INFO  ContextHandler:907 - Started o.s.j.s.ServletContextHandler@4cd7d5e1{/stages/json,null,AVAILABLE,@Spark}
2026-01-10 13:30:29 INFO  ContextHandler:907 - Started o.s.j.s.ServletContextHandler@46b6701e{/stages/stage,null,AVAILABLE,@Spark}
2026-01-10 13:30:29 INFO  ContextHandler:907 - Started o.s.j.s.ServletContextHandler@71e2c6d8{/stages/stage/json,null,AVAILABLE,@Spark}
2026-01-10 13:30:29 INFO  ContextHandler:907 - Started o.s.j.s.ServletContextHandler@376b5cb2{/stages/pool,null,AVAILABLE,@Spark}
2026-01-10 13:30:29 INFO  ContextHandler:907 - Started o.s.j.s.ServletContextHandler@106cd9c8{/stages/pool/json,null,AVAILABLE,@Spark}
2026-01-10 13:30:29 INFO  ContextHandler:907 - Started o.s.j.s.ServletContextHandler@78318ac2{/stages/taskThreadDump,null,AVAILABLE,@Spark}
2026-01-10 13:30:29 INFO  ContextHandler:907 - Started o.s.j.s.ServletContextHandler@11abd6c{/stages/taskThreadDump/json,null,AVAILABLE,@Spark}
2026-01-10 13:30:29 INFO  ContextHandler:907 - Started o.s.j.s.ServletContextHandler@7608a838{/storage,null,AVAILABLE,@Spark}
2026-01-10 13:30:29 INFO  ContextHandler:907 - Started o.s.j.s.ServletContextHandler@21a6a494{/storage/json,null,AVAILABLE,@Spark}
2026-01-10 13:30:29 INFO  ContextHandler:907 - Started o.s.j.s.ServletContextHandler@4ab66127{/storage/rdd,null,AVAILABLE,@Spark}
2026-01-10 13:30:29 INFO  ContextHandler:907 - Started o.s.j.s.ServletContextHandler@37fef327{/storage/rdd/json,null,AVAILABLE,@Spark}
2026-01-10 13:30:29 INFO  ContextHandler:907 - Started o.s.j.s.ServletContextHandler@55951fcd{/environment,null,AVAILABLE,@Spark}
2026-01-10 13:30:29 INFO  ContextHandler:907 - Started o.s.j.s.ServletContextHandler@7534785a{/environment/json,null,AVAILABLE,@Spark}
2026-01-10 13:30:29 INFO  ContextHandler:907 - Started o.s.j.s.ServletContextHandler@3ba3f40d{/executors,null,AVAILABLE,@Spark}
2026-01-10 13:30:29 INFO  ContextHandler:907 - Started o.s.j.s.ServletContextHandler@46ab4efc{/executors/json,null,AVAILABLE,@Spark}
2026-01-10 13:30:29 INFO  ContextHandler:907 - Started o.s.j.s.ServletContextHandler@b5312df{/executors/threadDump,null,AVAILABLE,@Spark}
2026-01-10 13:30:29 INFO  ContextHandler:907 - Started o.s.j.s.ServletContextHandler@5f409872{/executors/threadDump/json,null,AVAILABLE,@Spark}
2026-01-10 13:30:29 INFO  ContextHandler:907 - Started o.s.j.s.ServletContextHandler@472c9f88{/executors/heapHistogram,null,AVAILABLE,@Spark}
2026-01-10 13:30:29 INFO  ContextHandler:907 - Started o.s.j.s.ServletContextHandler@5822ecda{/executors/heapHistogram/json,null,AVAILABLE,@Spark}
2026-01-10 13:30:29 INFO  ContextHandler:907 - Started o.s.j.s.ServletContextHandler@7afbf2a0{/static,null,AVAILABLE,@Spark}
2026-01-10 13:30:29 INFO  ContextHandler:907 - Started o.s.j.s.ServletContextHandler@506aa618{/,null,AVAILABLE,@Spark}
2026-01-10 13:30:29 INFO  ContextHandler:907 - Started o.s.j.s.ServletContextHandler@1d6713dd{/api,null,AVAILABLE,@Spark}
2026-01-10 13:30:29 INFO  ContextHandler:907 - Started o.s.j.s.ServletContextHandler@15c16f19{/metrics,null,AVAILABLE,@Spark}
2026-01-10 13:30:29 INFO  ContextHandler:907 - Started o.s.j.s.ServletContextHandler@60c96eb4{/jobs/job/kill,null,AVAILABLE,@Spark}
2026-01-10 13:30:29 INFO  ContextHandler:907 - Started o.s.j.s.ServletContextHandler@5ab63a04{/stages/stage/kill,null,AVAILABLE,@Spark}
2026-01-10 13:30:29 INFO  ContextHandler:907 - Started o.s.j.s.ServletContextHandler@211a9647{/metrics/json,null,AVAILABLE,@Spark}
2026-01-10 13:30:29 INFO  SparkConfig:27 - SparkSession успешно создан!
2026-01-10 13:30:29 INFO  SparkConfig:28 - Имя приложения: SpaceX-Spark-App
2026-01-10 13:30:29 INFO  SparkConfig:29 - Режим выполнения (master): local[*]
2026-01-10 13:30:29 INFO  SparkConfig:30 - Версия Spark: 4.0.1
2026-01-10 13:30:29 INFO  ContextHandler:907 - Started o.s.j.s.ServletContextHandler@7ac685ef{/SQL,null,AVAILABLE,@Spark}
2026-01-10 13:30:29 INFO  ContextHandler:907 - Started o.s.j.s.ServletContextHandler@4a4ff5ed{/SQL/json,null,AVAILABLE,@Spark}
2026-01-10 13:30:29 INFO  ContextHandler:907 - Started o.s.j.s.ServletContextHandler@51813065{/SQL/execution,null,AVAILABLE,@Spark}
2026-01-10 13:30:29 INFO  ContextHandler:907 - Started o.s.j.s.ServletContextHandler@e0847a9{/SQL/execution/json,null,AVAILABLE,@Spark}
2026-01-10 13:30:29 INFO  ContextHandler:907 - Started o.s.j.s.ServletContextHandler@f1d1463{/static/sql,null,AVAILABLE,@Spark}
2026-01-10 13:30:30 INFO  LaunchRepository:26 - LaunchRepository инициализирован. Пустой Dataset создан.
2026-01-10 13:30:32 INFO  SpaceXService:31 - Отправка запроса к SpaceX API: https://api.spacexdata.com/v3/launches
2026-01-10 13:30:38 INFO  SpaceXService:47 - Получено 111 запусков
2026-01-10 13:30:38 INFO  LaunchRepository:31 - Сохраняем список запусков, размер: 111
2026-01-10 13:30:39 INFO  LaunchRepository:34 - Список запусков добавлен. Текущее количество запусков: 111
2026-01-10 13:30:41 INFO  Server:479 - Stopped Server@6897a4a{STOPPING}[11.0.24,sto=30000]
2026-01-10 13:30:41 INFO  Server:135 - Shutdown Server@6897a4a{STOPPING}[11.0.24,sto=30000]
2026-01-10 13:30:41 INFO  AbstractConnector:431 - Stopped Spark@5d0d88b1{HTTP/1.1, (http/1.1)}{0.0.0.0:4040}
2026-01-10 13:30:41 INFO  SparkConfig:41 - SparkSession остановлен.
2026-01-10 13:31:18 INFO  SparkConfig:17 - Инициализация SparkSession...
2026-01-10 13:31:19 WARN  Shell:746 - Did not find winutils.exe: java.io.FileNotFoundException: Hadoop bin directory does not exist: D:\SpaceXSpark\bin -see https://cwiki.apache.org/confluence/display/HADOOP2/WindowsProblems
2026-01-10 13:31:19 WARN  NativeCodeLoader:60 - Unable to load native-hadoop library for your platform... using builtin-java classes where applicable
2026-01-10 13:31:20 INFO  Server:384 - jetty-11.0.24; built: 2024-08-26T18:11:22.448Z; git: 5dfc59a691b748796f922208956bd1f2794bcd16; jvm 21.0.6+7-LTS
2026-01-10 13:31:20 INFO  Server:439 - Started Server@5287ba5f{STARTING}[11.0.24,sto=30000] @1964ms
2026-01-10 13:31:20 INFO  AbstractConnector:376 - Started ServerConnector@3c6d2938{HTTP/1.1, (http/1.1)}{0.0.0.0:4040}
2026-01-10 13:31:20 INFO  ContextHandler:907 - Started o.s.j.s.ServletContextHandler@4645679e{/,null,AVAILABLE,@Spark}
2026-01-10 13:31:20 INFO  ContextHandler:1123 - Stopped o.s.j.s.ServletContextHandler@4645679e{/,null,STOPPED,@Spark}
2026-01-10 13:31:20 INFO  ContextHandler:907 - Started o.s.j.s.ServletContextHandler@6136e1fc{/jobs,null,AVAILABLE,@Spark}
2026-01-10 13:31:20 INFO  ContextHandler:907 - Started o.s.j.s.ServletContextHandler@32dcfeea{/jobs/json,null,AVAILABLE,@Spark}
2026-01-10 13:31:20 INFO  ContextHandler:907 - Started o.s.j.s.ServletContextHandler@2565a7d0{/jobs/job,null,AVAILABLE,@Spark}
2026-01-10 13:31:20 INFO  ContextHandler:907 - Started o.s.j.s.ServletContextHandler@5103eea2{/jobs/job/json,null,AVAILABLE,@Spark}
2026-01-10 13:31:20 INFO  ContextHandler:907 - Started o.s.j.s.ServletContextHandler@7e77678c{/stages,null,AVAILABLE,@Spark}
2026-01-10 13:31:20 INFO  ContextHandler:907 - Started o.s.j.s.ServletContextHandler@5f0677f3{/stages/json,null,AVAILABLE,@Spark}
2026-01-10 13:31:20 INFO  ContextHandler:907 - Started o.s.j.s.ServletContextHandler@4cd7d5e1{/stages/stage,null,AVAILABLE,@Spark}
2026-01-10 13:31:20 INFO  ContextHandler:907 - Started o.s.j.s.ServletContextHandler@46b6701e{/stages/stage/json,null,AVAILABLE,@Spark}
2026-01-10 13:31:20 INFO  ContextHandler:907 - Started o.s.j.s.ServletContextHandler@71e2c6d8{/stages/pool,null,AVAILABLE,@Spark}
2026-01-10 13:31:20 INFO  ContextHandler:907 - Started o.s.j.s.ServletContextHandler@376b5cb2{/stages/pool/json,null,AVAILABLE,@Spark}
2026-01-10 13:31:20 INFO  ContextHandler:907 - Started o.s.j.s.ServletContextHandler@106cd9c8{/stages/taskThreadDump,null,AVAILABLE,@Spark}
2026-01-10 13:31:20 INFO  ContextHandler:907 - Started o.s.j.s.ServletContextHandler@78318ac2{/stages/taskThreadDump/json,null,AVAILABLE,@Spark}
2026-01-10 13:31:20 INFO  ContextHandler:907 - Started o.s.j.s.ServletContextHandler@11abd6c{/storage,null,AVAILABLE,@Spark}
2026-01-10 13:31:20 INFO  ContextHandler:907 - Started o.s.j.s.ServletContextHandler@7608a838{/storage/json,null,AVAILABLE,@Spark}
2026-01-10 13:31:20 INFO  ContextHandler:907 - Started o.s.j.s.ServletContextHandler@21a6a494{/storage/rdd,null,AVAILABLE,@Spark}
2026-01-10 13:31:20 INFO  ContextHandler:907 - Started o.s.j.s.ServletContextHandler@4ab66127{/storage/rdd/json,null,AVAILABLE,@Spark}
2026-01-10 13:31:20 INFO  ContextHandler:907 - Started o.s.j.s.ServletContextHandler@37fef327{/environment,null,AVAILABLE,@Spark}
2026-01-10 13:31:20 INFO  ContextHandler:907 - Started o.s.j.s.ServletContextHandler@55951fcd{/environment/json,null,AVAILABLE,@Spark}
2026-01-10 13:31:20 INFO  ContextHandler:907 - Started o.s.j.s.ServletContextHandler@7534785a{/executors,null,AVAILABLE,@Spark}
2026-01-10 13:31:20 INFO  ContextHandler:907 - Started o.s.j.s.ServletContextHandler@3ba3f40d{/executors/json,null,AVAILABLE,@Spark}
2026-01-10 13:31:20 INFO  ContextHandler:907 - Started o.s.j.s.ServletContextHandler@46ab4efc{/executors/threadDump,null,AVAILABLE,@Spark}
2026-01-10 13:31:20 INFO  ContextHandler:907 - Started o.s.j.s.ServletContextHandler@b5312df{/executors/threadDump/json,null,AVAILABLE,@Spark}
2026-01-10 13:31:20 INFO  ContextHandler:907 - Started o.s.j.s.ServletContextHandler@5f409872{/executors/heapHistogram,null,AVAILABLE,@Spark}
2026-01-10 13:31:20 INFO  ContextHandler:907 - Started o.s.j.s.ServletContextHandler@472c9f88{/executors/heapHistogram/json,null,AVAILABLE,@Spark}
2026-01-10 13:31:20 INFO  ContextHandler:907 - Started o.s.j.s.ServletContextHandler@5822ecda{/static,null,AVAILABLE,@Spark}
2026-01-10 13:31:20 INFO  ContextHandler:907 - Started o.s.j.s.ServletContextHandler@7e050be1{/,null,AVAILABLE,@Spark}
2026-01-10 13:31:20 INFO  ContextHandler:907 - Started o.s.j.s.ServletContextHandler@506aa618{/api,null,AVAILABLE,@Spark}
2026-01-10 13:31:20 INFO  ContextHandler:907 - Started o.s.j.s.ServletContextHandler@8432469{/metrics,null,AVAILABLE,@Spark}
2026-01-10 13:31:20 INFO  ContextHandler:907 - Started o.s.j.s.ServletContextHandler@1a17dd6f{/jobs/job/kill,null,AVAILABLE,@Spark}
2026-01-10 13:31:20 INFO  ContextHandler:907 - Started o.s.j.s.ServletContextHandler@60c96eb4{/stages/stage/kill,null,AVAILABLE,@Spark}
2026-01-10 13:31:20 INFO  ContextHandler:907 - Started o.s.j.s.ServletContextHandler@6aad919c{/metrics/json,null,AVAILABLE,@Spark}
2026-01-10 13:31:20 INFO  SparkConfig:27 - SparkSession успешно создан!
2026-01-10 13:31:20 INFO  SparkConfig:28 - Имя приложения: SpaceX-Spark-App
2026-01-10 13:31:20 INFO  SparkConfig:29 - Режим выполнения (master): local[*]
2026-01-10 13:31:20 INFO  SparkConfig:30 - Версия Spark: 4.0.1
2026-01-10 13:31:20 INFO  ContextHandler:907 - Started o.s.j.s.ServletContextHandler@4ab455e2{/SQL,null,AVAILABLE,@Spark}
2026-01-10 13:31:20 INFO  ContextHandler:907 - Started o.s.j.s.ServletContextHandler@7ac685ef{/SQL/json,null,AVAILABLE,@Spark}
2026-01-10 13:31:20 INFO  ContextHandler:907 - Started o.s.j.s.ServletContextHandler@cf9bd1e{/SQL/execution,null,AVAILABLE,@Spark}
2026-01-10 13:31:20 INFO  ContextHandler:907 - Started o.s.j.s.ServletContextHandler@51813065{/SQL/execution/json,null,AVAILABLE,@Spark}
2026-01-10 13:31:20 INFO  ContextHandler:907 - Started o.s.j.s.ServletContextHandler@3a72e2e8{/static/sql,null,AVAILABLE,@Spark}
2026-01-10 13:31:21 INFO  LaunchRepository:26 - LaunchRepository инициализирован. Пустой Dataset создан.
2026-01-10 13:31:28 INFO  Server:479 - Stopped Server@5287ba5f{STOPPING}[11.0.24,sto=30000]
2026-01-10 13:31:28 INFO  Server:135 - Shutdown Server@5287ba5f{STOPPING}[11.0.24,sto=30000]
2026-01-10 13:31:28 INFO  AbstractConnector:431 - Stopped Spark@3c6d2938{HTTP/1.1, (http/1.1)}{0.0.0.0:4040}
2026-01-10 13:31:28 INFO  SparkConfig:41 - SparkSession остановлен.
2026-01-10 12:32:40 INFO  SparkConfig:17 - Инициализация SparkSession...
2026-01-10 12:32:41 WARN  Shell:746 - Did not find winutils.exe: java.io.FileNotFoundException: Hadoop bin directory does not exist: D:\SpaceXSpark\bin -see https://cwiki.apache.org/confluence/display/HADOOP2/WindowsProblems
2026-01-10 12:32:41 WARN  NativeCodeLoader:60 - Unable to load native-hadoop library for your platform... using builtin-java classes where applicable
2026-01-10 12:32:42 INFO  Server:384 - jetty-11.0.24; built: 2024-08-26T18:11:22.448Z; git: 5dfc59a691b748796f922208956bd1f2794bcd16; jvm 21.0.6+7-LTS
2026-01-10 12:32:42 INFO  Server:439 - Started Server@6897a4a{STARTING}[11.0.24,sto=30000] @2928ms
2026-01-10 12:32:42 INFO  AbstractConnector:376 - Started ServerConnector@5d0d88b1{HTTP/1.1, (http/1.1)}{0.0.0.0:4040}
2026-01-10 12:32:42 INFO  ContextHandler:907 - Started o.s.j.s.ServletContextHandler@539c4830{/,null,AVAILABLE,@Spark}
2026-01-10 12:32:43 INFO  ContextHandler:1123 - Stopped o.s.j.s.ServletContextHandler@539c4830{/,null,STOPPED,@Spark}
2026-01-10 12:32:43 INFO  ContextHandler:907 - Started o.s.j.s.ServletContextHandler@32dcfeea{/jobs,null,AVAILABLE,@Spark}
2026-01-10 12:32:43 INFO  ContextHandler:907 - Started o.s.j.s.ServletContextHandler@2565a7d0{/jobs/json,null,AVAILABLE,@Spark}
2026-01-10 12:32:43 INFO  ContextHandler:907 - Started o.s.j.s.ServletContextHandler@5103eea2{/jobs/job,null,AVAILABLE,@Spark}
2026-01-10 12:32:43 INFO  ContextHandler:907 - Started o.s.j.s.ServletContextHandler@7e77678c{/jobs/job/json,null,AVAILABLE,@Spark}
2026-01-10 12:32:43 INFO  ContextHandler:907 - Started o.s.j.s.ServletContextHandler@5f0677f3{/stages,null,AVAILABLE,@Spark}
2026-01-10 12:32:43 INFO  ContextHandler:907 - Started o.s.j.s.ServletContextHandler@4cd7d5e1{/stages/json,null,AVAILABLE,@Spark}
2026-01-10 12:32:43 INFO  ContextHandler:907 - Started o.s.j.s.ServletContextHandler@46b6701e{/stages/stage,null,AVAILABLE,@Spark}
2026-01-10 12:32:43 INFO  ContextHandler:907 - Started o.s.j.s.ServletContextHandler@71e2c6d8{/stages/stage/json,null,AVAILABLE,@Spark}
2026-01-10 12:32:43 INFO  ContextHandler:907 - Started o.s.j.s.ServletContextHandler@376b5cb2{/stages/pool,null,AVAILABLE,@Spark}
2026-01-10 12:32:43 INFO  ContextHandler:907 - Started o.s.j.s.ServletContextHandler@106cd9c8{/stages/pool/json,null,AVAILABLE,@Spark}
2026-01-10 12:32:43 INFO  ContextHandler:907 - Started o.s.j.s.ServletContextHandler@78318ac2{/stages/taskThreadDump,null,AVAILABLE,@Spark}
2026-01-10 12:32:43 INFO  ContextHandler:907 - Started o.s.j.s.ServletContextHandler@11abd6c{/stages/taskThreadDump/json,null,AVAILABLE,@Spark}
2026-01-10 12:32:43 INFO  ContextHandler:907 - Started o.s.j.s.ServletContextHandler@7608a838{/storage,null,AVAILABLE,@Spark}
2026-01-10 12:32:43 INFO  ContextHandler:907 - Started o.s.j.s.ServletContextHandler@21a6a494{/storage/json,null,AVAILABLE,@Spark}
2026-01-10 12:32:43 INFO  ContextHandler:907 - Started o.s.j.s.ServletContextHandler@4ab66127{/storage/rdd,null,AVAILABLE,@Spark}
2026-01-10 12:32:43 INFO  ContextHandler:907 - Started o.s.j.s.ServletContextHandler@37fef327{/storage/rdd/json,null,AVAILABLE,@Spark}
2026-01-10 12:32:43 INFO  ContextHandler:907 - Started o.s.j.s.ServletContextHandler@55951fcd{/environment,null,AVAILABLE,@Spark}
2026-01-10 12:32:43 INFO  ContextHandler:907 - Started o.s.j.s.ServletContextHandler@7534785a{/environment/json,null,AVAILABLE,@Spark}
2026-01-10 12:32:43 INFO  ContextHandler:907 - Started o.s.j.s.ServletContextHandler@3ba3f40d{/executors,null,AVAILABLE,@Spark}
2026-01-10 12:32:43 INFO  ContextHandler:907 - Started o.s.j.s.ServletContextHandler@46ab4efc{/executors/json,null,AVAILABLE,@Spark}
2026-01-10 12:32:43 INFO  ContextHandler:907 - Started o.s.j.s.ServletContextHandler@b5312df{/executors/threadDump,null,AVAILABLE,@Spark}
2026-01-10 12:32:43 INFO  ContextHandler:907 - Started o.s.j.s.ServletContextHandler@5f409872{/executors/threadDump/json,null,AVAILABLE,@Spark}
2026-01-10 12:32:43 INFO  ContextHandler:907 - Started o.s.j.s.ServletContextHandler@472c9f88{/executors/heapHistogram,null,AVAILABLE,@Spark}
2026-01-10 12:32:43 INFO  ContextHandler:907 - Started o.s.j.s.ServletContextHandler@5822ecda{/executors/heapHistogram/json,null,AVAILABLE,@Spark}
2026-01-10 12:32:43 INFO  ContextHandler:907 - Started o.s.j.s.ServletContextHandler@7afbf2a0{/static,null,AVAILABLE,@Spark}
2026-01-10 12:32:43 INFO  ContextHandler:907 - Started o.s.j.s.ServletContextHandler@506aa618{/,null,AVAILABLE,@Spark}
2026-01-10 12:32:43 INFO  ContextHandler:907 - Started o.s.j.s.ServletContextHandler@1d6713dd{/api,null,AVAILABLE,@Spark}
2026-01-10 12:32:43 INFO  ContextHandler:907 - Started o.s.j.s.ServletContextHandler@15c16f19{/metrics,null,AVAILABLE,@Spark}
2026-01-10 12:32:43 INFO  ContextHandler:907 - Started o.s.j.s.ServletContextHandler@60c96eb4{/jobs/job/kill,null,AVAILABLE,@Spark}
2026-01-10 12:32:43 INFO  ContextHandler:907 - Started o.s.j.s.ServletContextHandler@5ab63a04{/stages/stage/kill,null,AVAILABLE,@Spark}
2026-01-10 12:32:43 INFO  ContextHandler:907 - Started o.s.j.s.ServletContextHandler@211a9647{/metrics/json,null,AVAILABLE,@Spark}
2026-01-10 12:32:43 INFO  SparkConfig:27 - SparkSession успешно создан!
2026-01-10 12:32:43 INFO  SparkConfig:28 - Имя приложения: SpaceX-Spark-App
2026-01-10 12:32:43 INFO  SparkConfig:29 - Режим выполнения (master): local[*]
2026-01-10 12:32:43 INFO  SparkConfig:30 - Версия Spark: 4.0.1
2026-01-10 12:32:43 INFO  ContextHandler:907 - Started o.s.j.s.ServletContextHandler@7ac685ef{/SQL,null,AVAILABLE,@Spark}
2026-01-10 12:32:43 INFO  ContextHandler:907 - Started o.s.j.s.ServletContextHandler@4a4ff5ed{/SQL/json,null,AVAILABLE,@Spark}
2026-01-10 12:32:43 INFO  ContextHandler:907 - Started o.s.j.s.ServletContextHandler@51813065{/SQL/execution,null,AVAILABLE,@Spark}
2026-01-10 12:32:43 INFO  ContextHandler:907 - Started o.s.j.s.ServletContextHandler@e0847a9{/SQL/execution/json,null,AVAILABLE,@Spark}
2026-01-10 12:32:43 INFO  ContextHandler:907 - Started o.s.j.s.ServletContextHandler@f1d1463{/static/sql,null,AVAILABLE,@Spark}
2026-01-10 12:32:45 INFO  LaunchRepository:26 - LaunchRepository инициализирован. Пустой Dataset создан.
2026-01-10 12:32:48 INFO  Server:479 - Stopped Server@6897a4a{STOPPING}[11.0.24,sto=30000]
2026-01-10 12:32:48 INFO  Server:135 - Shutdown Server@6897a4a{STOPPING}[11.0.24,sto=30000]
2026-01-10 12:32:48 INFO  AbstractConnector:431 - Stopped Spark@5d0d88b1{HTTP/1.1, (http/1.1)}{0.0.0.0:4040}
2026-01-10 12:32:48 INFO  SparkConfig:41 - SparkSession остановлен.
2026-01-10 21:51:19 INFO  SparkConfig:17 - Инициализация SparkSession...
2026-01-10 21:51:21 WARN  Shell:746 - Did not find winutils.exe: java.io.FileNotFoundException: Hadoop bin directory does not exist: D:\SpaceXSpark\bin -see https://cwiki.apache.org/confluence/display/HADOOP2/WindowsProblems
2026-01-10 21:51:21 WARN  NativeCodeLoader:60 - Unable to load native-hadoop library for your platform... using builtin-java classes where applicable
2026-01-10 21:51:21 INFO  Server:384 - jetty-11.0.24; built: 2024-08-26T18:11:22.448Z; git: 5dfc59a691b748796f922208956bd1f2794bcd16; jvm 21.0.1+12-29
2026-01-10 21:51:21 INFO  Server:439 - Started Server@38883a31{STARTING}[11.0.24,sto=30000] @2584ms
2026-01-10 21:51:21 INFO  AbstractConnector:376 - Started ServerConnector@76e744b{HTTP/1.1, (http/1.1)}{0.0.0.0:4040}
2026-01-10 21:51:21 INFO  ContextHandler:907 - Started o.s.j.s.ServletContextHandler@3c7b137a{/,null,AVAILABLE,@Spark}
2026-01-10 21:51:22 INFO  ContextHandler:1123 - Stopped o.s.j.s.ServletContextHandler@3c7b137a{/,null,STOPPED,@Spark}
2026-01-10 21:51:22 INFO  ContextHandler:907 - Started o.s.j.s.ServletContextHandler@5bb2fb2b{/jobs,null,AVAILABLE,@Spark}
2026-01-10 21:51:22 INFO  ContextHandler:907 - Started o.s.j.s.ServletContextHandler@796c68bf{/jobs/json,null,AVAILABLE,@Spark}
2026-01-10 21:51:22 INFO  ContextHandler:907 - Started o.s.j.s.ServletContextHandler@1a7163e3{/jobs/job,null,AVAILABLE,@Spark}
2026-01-10 21:51:22 INFO  ContextHandler:907 - Started o.s.j.s.ServletContextHandler@5e69cf07{/jobs/job/json,null,AVAILABLE,@Spark}
2026-01-10 21:51:22 INFO  ContextHandler:907 - Started o.s.j.s.ServletContextHandler@2c2e3460{/stages,null,AVAILABLE,@Spark}
2026-01-10 21:51:22 INFO  ContextHandler:907 - Started o.s.j.s.ServletContextHandler@2b170932{/stages/json,null,AVAILABLE,@Spark}
2026-01-10 21:51:22 INFO  ContextHandler:907 - Started o.s.j.s.ServletContextHandler@42107318{/stages/stage,null,AVAILABLE,@Spark}
2026-01-10 21:51:22 INFO  ContextHandler:907 - Started o.s.j.s.ServletContextHandler@5d829ef0{/stages/stage/json,null,AVAILABLE,@Spark}
2026-01-10 21:51:22 INFO  ContextHandler:907 - Started o.s.j.s.ServletContextHandler@5dfc2a4{/stages/pool,null,AVAILABLE,@Spark}
2026-01-10 21:51:22 INFO  ContextHandler:907 - Started o.s.j.s.ServletContextHandler@781c2497{/stages/pool/json,null,AVAILABLE,@Spark}
2026-01-10 21:51:22 INFO  ContextHandler:907 - Started o.s.j.s.ServletContextHandler@70c491b8{/stages/taskThreadDump,null,AVAILABLE,@Spark}
2026-01-10 21:51:22 INFO  ContextHandler:907 - Started o.s.j.s.ServletContextHandler@5a3cf824{/stages/taskThreadDump/json,null,AVAILABLE,@Spark}
2026-01-10 21:51:22 INFO  ContextHandler:907 - Started o.s.j.s.ServletContextHandler@28367da7{/storage,null,AVAILABLE,@Spark}
2026-01-10 21:51:22 INFO  ContextHandler:907 - Started o.s.j.s.ServletContextHandler@3c60c681{/storage/json,null,AVAILABLE,@Spark}
2026-01-10 21:51:22 INFO  ContextHandler:907 - Started o.s.j.s.ServletContextHandler@7a1371{/storage/rdd,null,AVAILABLE,@Spark}
2026-01-10 21:51:22 INFO  ContextHandler:907 - Started o.s.j.s.ServletContextHandler@3c28181b{/storage/rdd/json,null,AVAILABLE,@Spark}
2026-01-10 21:51:22 INFO  ContextHandler:907 - Started o.s.j.s.ServletContextHandler@239b98cb{/environment,null,AVAILABLE,@Spark}
2026-01-10 21:51:22 INFO  ContextHandler:907 - Started o.s.j.s.ServletContextHandler@6def0632{/environment/json,null,AVAILABLE,@Spark}
2026-01-10 21:51:22 INFO  ContextHandler:907 - Started o.s.j.s.ServletContextHandler@36211bbc{/executors,null,AVAILABLE,@Spark}
2026-01-10 21:51:22 INFO  ContextHandler:907 - Started o.s.j.s.ServletContextHandler@6b3f4bd8{/executors/json,null,AVAILABLE,@Spark}
2026-01-10 21:51:22 INFO  ContextHandler:907 - Started o.s.j.s.ServletContextHandler@d70e9a{/executors/threadDump,null,AVAILABLE,@Spark}
2026-01-10 21:51:22 INFO  ContextHandler:907 - Started o.s.j.s.ServletContextHandler@4fe8f2ae{/executors/threadDump/json,null,AVAILABLE,@Spark}
2026-01-10 21:51:22 INFO  ContextHandler:907 - Started o.s.j.s.ServletContextHandler@61808ecd{/executors/heapHistogram,null,AVAILABLE,@Spark}
2026-01-10 21:51:22 INFO  ContextHandler:907 - Started o.s.j.s.ServletContextHandler@77ea806f{/executors/heapHistogram/json,null,AVAILABLE,@Spark}
2026-01-10 21:51:22 INFO  ContextHandler:907 - Started o.s.j.s.ServletContextHandler@14a1769d{/static,null,AVAILABLE,@Spark}
2026-01-10 21:51:22 INFO  ContextHandler:907 - Started o.s.j.s.ServletContextHandler@1152900{/,null,AVAILABLE,@Spark}
2026-01-10 21:51:22 INFO  ContextHandler:907 - Started o.s.j.s.ServletContextHandler@2b2a4332{/api,null,AVAILABLE,@Spark}
2026-01-10 21:51:22 INFO  ContextHandler:907 - Started o.s.j.s.ServletContextHandler@25218a4d{/metrics,null,AVAILABLE,@Spark}
2026-01-10 21:51:22 INFO  ContextHandler:907 - Started o.s.j.s.ServletContextHandler@6b3d9c38{/jobs/job/kill,null,AVAILABLE,@Spark}
2026-01-10 21:51:22 INFO  ContextHandler:907 - Started o.s.j.s.ServletContextHandler@5c5a91b4{/stages/stage/kill,null,AVAILABLE,@Spark}
2026-01-10 21:51:22 INFO  ContextHandler:907 - Started o.s.j.s.ServletContextHandler@2bb717d7{/metrics/json,null,AVAILABLE,@Spark}
2026-01-10 21:51:22 INFO  SparkConfig:27 - SparkSession успешно создан!
2026-01-10 21:51:22 INFO  SparkConfig:28 - Имя приложения: SpaceX-Spark-App
2026-01-10 21:51:22 INFO  SparkConfig:29 - Режим выполнения (master): local[*]
2026-01-10 21:51:22 INFO  SparkConfig:30 - Версия Spark: 4.0.1
2026-01-10 21:51:22 INFO  ContextHandler:907 - Started o.s.j.s.ServletContextHandler@3c346c45{/SQL,null,AVAILABLE,@Spark}
2026-01-10 21:51:22 INFO  ContextHandler:907 - Started o.s.j.s.ServletContextHandler@478530cb{/SQL/json,null,AVAILABLE,@Spark}
2026-01-10 21:51:22 INFO  ContextHandler:907 - Started o.s.j.s.ServletContextHandler@269308cc{/SQL/execution,null,AVAILABLE,@Spark}
2026-01-10 21:51:22 INFO  ContextHandler:907 - Started o.s.j.s.ServletContextHandler@17d816b3{/SQL/execution/json,null,AVAILABLE,@Spark}
2026-01-10 21:51:22 INFO  ContextHandler:907 - Started o.s.j.s.ServletContextHandler@312f3050{/static/sql,null,AVAILABLE,@Spark}
2026-01-10 21:51:24 INFO  LaunchRepository:26 - LaunchRepository инициализирован. Пустой Dataset создан.
2026-01-10 21:51:28 INFO  SpaceXService:31 - Отправка запроса к SpaceX API: https://api.spacexdata.com/v3/launches
2026-01-10 21:51:37 INFO  SpaceXService:47 - Получено 111 запусков
2026-01-10 21:51:37 INFO  LaunchRepository:31 - Сохраняем список запусков, размер: 111
2026-01-10 21:51:38 INFO  LaunchRepository:34 - Список запусков добавлен. Текущее количество запусков: 111
2026-01-10 21:52:00 INFO  LaunchRepository:52 - Читаем запуск с flight_number: 2
2026-01-10 21:52:00 INFO  LaunchRepository:64 - Запуск с flight_number 2 найден
2026-01-10 21:52:28 INFO  Server:479 - Stopped Server@38883a31{STOPPING}[11.0.24,sto=30000]
2026-01-10 21:52:28 INFO  Server:135 - Shutdown Server@38883a31{STOPPING}[11.0.24,sto=30000]
2026-01-10 21:52:28 INFO  AbstractConnector:431 - Stopped Spark@76e744b{HTTP/1.1, (http/1.1)}{0.0.0.0:4040}
2026-01-10 22:10:12 INFO  SparkConfig:17 - Инициализация SparkSession...
2026-01-10 22:10:13 WARN  Shell:746 - Did not find winutils.exe: java.io.FileNotFoundException: Hadoop bin directory does not exist: D:\SpaceXSpark\bin -see https://cwiki.apache.org/confluence/display/HADOOP2/WindowsProblems
2026-01-10 22:10:13 WARN  NativeCodeLoader:60 - Unable to load native-hadoop library for your platform... using builtin-java classes where applicable
2026-01-10 22:10:14 INFO  Server:384 - jetty-11.0.24; built: 2024-08-26T18:11:22.448Z; git: 5dfc59a691b748796f922208956bd1f2794bcd16; jvm 21.0.6+7-LTS
2026-01-10 22:10:14 INFO  Server:439 - Started Server@6897a4a{STARTING}[11.0.24,sto=30000] @2866ms
2026-01-10 22:10:14 INFO  AbstractConnector:376 - Started ServerConnector@5b5e435b{HTTP/1.1, (http/1.1)}{0.0.0.0:4040}
2026-01-10 22:10:14 INFO  ContextHandler:907 - Started o.s.j.s.ServletContextHandler@539c4830{/,null,AVAILABLE,@Spark}
2026-01-10 22:10:14 INFO  ContextHandler:1123 - Stopped o.s.j.s.ServletContextHandler@539c4830{/,null,STOPPED,@Spark}
2026-01-10 22:10:14 INFO  ContextHandler:907 - Started o.s.j.s.ServletContextHandler@2565a7d0{/jobs,null,AVAILABLE,@Spark}
2026-01-10 22:10:14 INFO  ContextHandler:907 - Started o.s.j.s.ServletContextHandler@5103eea2{/jobs/json,null,AVAILABLE,@Spark}
2026-01-10 22:10:14 INFO  ContextHandler:907 - Started o.s.j.s.ServletContextHandler@7e77678c{/jobs/job,null,AVAILABLE,@Spark}
2026-01-10 22:10:14 INFO  ContextHandler:907 - Started o.s.j.s.ServletContextHandler@5f0677f3{/jobs/job/json,null,AVAILABLE,@Spark}
2026-01-10 22:10:14 INFO  ContextHandler:907 - Started o.s.j.s.ServletContextHandler@4cd7d5e1{/stages,null,AVAILABLE,@Spark}
2026-01-10 22:10:14 INFO  ContextHandler:907 - Started o.s.j.s.ServletContextHandler@46b6701e{/stages/json,null,AVAILABLE,@Spark}
2026-01-10 22:10:14 INFO  ContextHandler:907 - Started o.s.j.s.ServletContextHandler@71e2c6d8{/stages/stage,null,AVAILABLE,@Spark}
2026-01-10 22:10:14 INFO  ContextHandler:907 - Started o.s.j.s.ServletContextHandler@376b5cb2{/stages/stage/json,null,AVAILABLE,@Spark}
2026-01-10 22:10:14 INFO  ContextHandler:907 - Started o.s.j.s.ServletContextHandler@106cd9c8{/stages/pool,null,AVAILABLE,@Spark}
2026-01-10 22:10:14 INFO  ContextHandler:907 - Started o.s.j.s.ServletContextHandler@78318ac2{/stages/pool/json,null,AVAILABLE,@Spark}
2026-01-10 22:10:14 INFO  ContextHandler:907 - Started o.s.j.s.ServletContextHandler@11abd6c{/stages/taskThreadDump,null,AVAILABLE,@Spark}
2026-01-10 22:10:14 INFO  ContextHandler:907 - Started o.s.j.s.ServletContextHandler@7608a838{/stages/taskThreadDump/json,null,AVAILABLE,@Spark}
2026-01-10 22:10:14 INFO  ContextHandler:907 - Started o.s.j.s.ServletContextHandler@21a6a494{/storage,null,AVAILABLE,@Spark}
2026-01-10 22:10:14 INFO  ContextHandler:907 - Started o.s.j.s.ServletContextHandler@4ab66127{/storage/json,null,AVAILABLE,@Spark}
2026-01-10 22:10:14 INFO  ContextHandler:907 - Started o.s.j.s.ServletContextHandler@37fef327{/storage/rdd,null,AVAILABLE,@Spark}
2026-01-10 22:10:14 INFO  ContextHandler:907 - Started o.s.j.s.ServletContextHandler@55951fcd{/storage/rdd/json,null,AVAILABLE,@Spark}
2026-01-10 22:10:14 INFO  ContextHandler:907 - Started o.s.j.s.ServletContextHandler@7534785a{/environment,null,AVAILABLE,@Spark}
2026-01-10 22:10:14 INFO  ContextHandler:907 - Started o.s.j.s.ServletContextHandler@3ba3f40d{/environment/json,null,AVAILABLE,@Spark}
2026-01-10 22:10:14 INFO  ContextHandler:907 - Started o.s.j.s.ServletContextHandler@46ab4efc{/executors,null,AVAILABLE,@Spark}
2026-01-10 22:10:14 INFO  ContextHandler:907 - Started o.s.j.s.ServletContextHandler@b5312df{/executors/json,null,AVAILABLE,@Spark}
2026-01-10 22:10:14 INFO  ContextHandler:907 - Started o.s.j.s.ServletContextHandler@5f409872{/executors/threadDump,null,AVAILABLE,@Spark}
2026-01-10 22:10:14 INFO  ContextHandler:907 - Started o.s.j.s.ServletContextHandler@472c9f88{/executors/threadDump/json,null,AVAILABLE,@Spark}
2026-01-10 22:10:14 INFO  ContextHandler:907 - Started o.s.j.s.ServletContextHandler@5822ecda{/executors/heapHistogram,null,AVAILABLE,@Spark}
2026-01-10 22:10:14 INFO  ContextHandler:907 - Started o.s.j.s.ServletContextHandler@7afbf2a0{/executors/heapHistogram/json,null,AVAILABLE,@Spark}
2026-01-10 22:10:14 INFO  ContextHandler:907 - Started o.s.j.s.ServletContextHandler@65e4cb84{/static,null,AVAILABLE,@Spark}
2026-01-10 22:10:14 INFO  ContextHandler:907 - Started o.s.j.s.ServletContextHandler@1d6713dd{/,null,AVAILABLE,@Spark}
2026-01-10 22:10:14 INFO  ContextHandler:907 - Started o.s.j.s.ServletContextHandler@3ee6dc82{/api,null,AVAILABLE,@Spark}
2026-01-10 22:10:14 INFO  ContextHandler:907 - Started o.s.j.s.ServletContextHandler@be6d228{/metrics,null,AVAILABLE,@Spark}
2026-01-10 22:10:14 INFO  ContextHandler:907 - Started o.s.j.s.ServletContextHandler@5ab63a04{/jobs/job/kill,null,AVAILABLE,@Spark}
2026-01-10 22:10:14 INFO  ContextHandler:907 - Started o.s.j.s.ServletContextHandler@4c6bba7d{/stages/stage/kill,null,AVAILABLE,@Spark}
2026-01-10 22:10:14 INFO  ContextHandler:907 - Started o.s.j.s.ServletContextHandler@322b09da{/metrics/json,null,AVAILABLE,@Spark}
2026-01-10 22:10:15 INFO  SparkConfig:27 - SparkSession успешно создан!
2026-01-10 22:10:15 INFO  SparkConfig:28 - Имя приложения: SpaceX-Spark-App
2026-01-10 22:10:15 INFO  SparkConfig:29 - Режим выполнения (master): local[*]
2026-01-10 22:10:15 INFO  SparkConfig:30 - Версия Spark: 4.0.1
2026-01-10 22:10:15 INFO  ContextHandler:907 - Started o.s.j.s.ServletContextHandler@4a4ff5ed{/SQL,null,AVAILABLE,@Spark}
2026-01-10 22:10:15 INFO  ContextHandler:907 - Started o.s.j.s.ServletContextHandler@4b7ab7ab{/SQL/json,null,AVAILABLE,@Spark}
2026-01-10 22:10:15 INFO  ContextHandler:907 - Started o.s.j.s.ServletContextHandler@e0847a9{/SQL/execution,null,AVAILABLE,@Spark}
2026-01-10 22:10:15 INFO  ContextHandler:907 - Started o.s.j.s.ServletContextHandler@92e2c93{/SQL/execution/json,null,AVAILABLE,@Spark}
2026-01-10 22:10:15 INFO  ContextHandler:907 - Started o.s.j.s.ServletContextHandler@6a278584{/static/sql,null,AVAILABLE,@Spark}
2026-01-10 22:10:16 INFO  LaunchRepository:26 - LaunchRepository инициализирован. Пустой Dataset создан.
2026-01-10 22:10:22 INFO  Server:479 - Stopped Server@6897a4a{STOPPING}[11.0.24,sto=30000]
2026-01-10 22:10:22 INFO  Server:135 - Shutdown Server@6897a4a{STOPPING}[11.0.24,sto=30000]
2026-01-10 22:10:22 INFO  AbstractConnector:431 - Stopped Spark@5b5e435b{HTTP/1.1, (http/1.1)}{0.0.0.0:4040}
2026-01-10 22:10:22 INFO  SparkConfig:41 - SparkSession остановлен.
2026-01-11 00:39:42 INFO  SparkConfig:17 - Инициализация SparkSession...
2026-01-11 00:39:43 WARN  Shell:746 - Did not find winutils.exe: java.io.FileNotFoundException: Hadoop bin directory does not exist: D:\SpaceXSpark\bin -see https://cwiki.apache.org/confluence/display/HADOOP2/WindowsProblems
2026-01-11 00:39:43 WARN  NativeCodeLoader:60 - Unable to load native-hadoop library for your platform... using builtin-java classes where applicable
2026-01-11 00:39:43 INFO  Server:384 - jetty-11.0.24; built: 2024-08-26T18:11:22.448Z; git: 5dfc59a691b748796f922208956bd1f2794bcd16; jvm 21.0.1+12-29
2026-01-11 00:39:43 INFO  Server:439 - Started Server@67688110{STARTING}[11.0.24,sto=30000] @2718ms
2026-01-11 00:39:43 INFO  AbstractConnector:376 - Started ServerConnector@96262e8{HTTP/1.1, (http/1.1)}{0.0.0.0:4040}
2026-01-11 00:39:43 INFO  ContextHandler:907 - Started o.s.j.s.ServletContextHandler@26c77f54{/,null,AVAILABLE,@Spark}
2026-01-11 00:39:44 INFO  ContextHandler:1123 - Stopped o.s.j.s.ServletContextHandler@26c77f54{/,null,STOPPED,@Spark}
2026-01-11 00:39:44 INFO  ContextHandler:907 - Started o.s.j.s.ServletContextHandler@5cf0673d{/jobs,null,AVAILABLE,@Spark}
2026-01-11 00:39:44 INFO  ContextHandler:907 - Started o.s.j.s.ServletContextHandler@a323a5b{/jobs/json,null,AVAILABLE,@Spark}
2026-01-11 00:39:44 INFO  ContextHandler:907 - Started o.s.j.s.ServletContextHandler@ad0bb4e{/jobs/job,null,AVAILABLE,@Spark}
2026-01-11 00:39:44 INFO  ContextHandler:907 - Started o.s.j.s.ServletContextHandler@6a6da47a{/jobs/job/json,null,AVAILABLE,@Spark}
2026-01-11 00:39:44 INFO  ContextHandler:907 - Started o.s.j.s.ServletContextHandler@7f642bf{/stages,null,AVAILABLE,@Spark}
2026-01-11 00:39:44 INFO  ContextHandler:907 - Started o.s.j.s.ServletContextHandler@44aa91e2{/stages/json,null,AVAILABLE,@Spark}
2026-01-11 00:39:44 INFO  ContextHandler:907 - Started o.s.j.s.ServletContextHandler@650a1aff{/stages/stage,null,AVAILABLE,@Spark}
2026-01-11 00:39:44 INFO  ContextHandler:907 - Started o.s.j.s.ServletContextHandler@2b9e69fb{/stages/stage/json,null,AVAILABLE,@Spark}
2026-01-11 00:39:44 INFO  ContextHandler:907 - Started o.s.j.s.ServletContextHandler@2c579202{/stages/pool,null,AVAILABLE,@Spark}
2026-01-11 00:39:44 INFO  ContextHandler:907 - Started o.s.j.s.ServletContextHandler@11c7a0b4{/stages/pool/json,null,AVAILABLE,@Spark}
2026-01-11 00:39:44 INFO  ContextHandler:907 - Started o.s.j.s.ServletContextHandler@653a5967{/stages/taskThreadDump,null,AVAILABLE,@Spark}
2026-01-11 00:39:44 INFO  ContextHandler:907 - Started o.s.j.s.ServletContextHandler@766b6d02{/stages/taskThreadDump/json,null,AVAILABLE,@Spark}
2026-01-11 00:39:44 INFO  ContextHandler:907 - Started o.s.j.s.ServletContextHandler@5c4f4330{/storage,null,AVAILABLE,@Spark}
2026-01-11 00:39:44 INFO  ContextHandler:907 - Started o.s.j.s.ServletContextHandler@63485d7{/storage/json,null,AVAILABLE,@Spark}
2026-01-11 00:39:44 INFO  ContextHandler:907 - Started o.s.j.s.ServletContextHandler@59a09be{/storage/rdd,null,AVAILABLE,@Spark}
2026-01-11 00:39:44 INFO  ContextHandler:907 - Started o.s.j.s.ServletContextHandler@5bb2fb2b{/storage/rdd/json,null,AVAILABLE,@Spark}
2026-01-11 00:39:44 INFO  ContextHandler:907 - Started o.s.j.s.ServletContextHandler@796c68bf{/environment,null,AVAILABLE,@Spark}
2026-01-11 00:39:44 INFO  ContextHandler:907 - Started o.s.j.s.ServletContextHandler@1a7163e3{/environment/json,null,AVAILABLE,@Spark}
2026-01-11 00:39:44 INFO  ContextHandler:907 - Started o.s.j.s.ServletContextHandler@5e69cf07{/executors,null,AVAILABLE,@Spark}
2026-01-11 00:39:44 INFO  ContextHandler:907 - Started o.s.j.s.ServletContextHandler@2c2e3460{/executors/json,null,AVAILABLE,@Spark}
2026-01-11 00:39:44 INFO  ContextHandler:907 - Started o.s.j.s.ServletContextHandler@2b170932{/executors/threadDump,null,AVAILABLE,@Spark}
2026-01-11 00:39:44 INFO  ContextHandler:907 - Started o.s.j.s.ServletContextHandler@42107318{/executors/threadDump/json,null,AVAILABLE,@Spark}
2026-01-11 00:39:44 INFO  ContextHandler:907 - Started o.s.j.s.ServletContextHandler@5d829ef0{/executors/heapHistogram,null,AVAILABLE,@Spark}
2026-01-11 00:39:44 INFO  ContextHandler:907 - Started o.s.j.s.ServletContextHandler@5dfc2a4{/executors/heapHistogram/json,null,AVAILABLE,@Spark}
2026-01-11 00:39:44 INFO  ContextHandler:907 - Started o.s.j.s.ServletContextHandler@781c2497{/static,null,AVAILABLE,@Spark}
2026-01-11 00:39:44 INFO  ContextHandler:907 - Started o.s.j.s.ServletContextHandler@4eeb14e0{/,null,AVAILABLE,@Spark}
2026-01-11 00:39:44 INFO  ContextHandler:907 - Started o.s.j.s.ServletContextHandler@3d4ecc67{/api,null,AVAILABLE,@Spark}
2026-01-11 00:39:44 INFO  ContextHandler:907 - Started o.s.j.s.ServletContextHandler@63de4fa{/metrics,null,AVAILABLE,@Spark}
2026-01-11 00:39:44 INFO  ContextHandler:907 - Started o.s.j.s.ServletContextHandler@658e7ead{/jobs/job/kill,null,AVAILABLE,@Spark}
2026-01-11 00:39:44 INFO  ContextHandler:907 - Started o.s.j.s.ServletContextHandler@762bf32d{/stages/stage/kill,null,AVAILABLE,@Spark}
2026-01-11 00:39:44 INFO  ContextHandler:907 - Started o.s.j.s.ServletContextHandler@7cb29ea8{/metrics/json,null,AVAILABLE,@Spark}
2026-01-11 00:39:44 INFO  SparkConfig:27 - SparkSession успешно создан!
2026-01-11 00:39:44 INFO  SparkConfig:28 - Имя приложения: SpaceX-Spark-App
2026-01-11 00:39:44 INFO  SparkConfig:29 - Режим выполнения (master): local[*]
2026-01-11 00:39:44 INFO  SparkConfig:30 - Версия Spark: 4.0.1
2026-01-11 00:39:44 INFO  ContextHandler:907 - Started o.s.j.s.ServletContextHandler@69d667a5{/SQL,null,AVAILABLE,@Spark}
2026-01-11 00:39:44 INFO  ContextHandler:907 - Started o.s.j.s.ServletContextHandler@8f4b803{/SQL/json,null,AVAILABLE,@Spark}
2026-01-11 00:39:44 INFO  ContextHandler:907 - Started o.s.j.s.ServletContextHandler@7ab1ad9{/SQL/execution,null,AVAILABLE,@Spark}
2026-01-11 00:39:44 INFO  ContextHandler:907 - Started o.s.j.s.ServletContextHandler@1bbb42b4{/SQL/execution/json,null,AVAILABLE,@Spark}
2026-01-11 00:39:44 INFO  ContextHandler:907 - Started o.s.j.s.ServletContextHandler@6cc8da1c{/static/sql,null,AVAILABLE,@Spark}
2026-01-11 00:39:45 INFO  LaunchRepository:26 - LaunchRepository инициализирован. Пустой Dataset создан.
2026-01-11 00:39:48 INFO  SpaceXService:31 - Отправка запроса к SpaceX API: https://api.spacexdata.com/v3/launches
2026-01-11 00:39:54 INFO  SpaceXService:47 - Получено 111 запусков
2026-01-11 00:39:54 INFO  LaunchRepository:31 - Сохраняем список запусков, размер: 111
2026-01-11 00:39:55 INFO  LaunchRepository:34 - Список запусков добавлен. Текущее количество запусков: 111
2026-01-11 00:40:02 INFO  LaunchRepository:52 - Читаем запуск с flight_number: 2
2026-01-11 00:40:02 INFO  LaunchRepository:64 - Запуск с flight_number 2 найден
2026-01-11 00:40:23 INFO  Server:479 - Stopped Server@67688110{STOPPING}[11.0.24,sto=30000]
2026-01-11 00:40:23 INFO  Server:135 - Shutdown Server@67688110{STOPPING}[11.0.24,sto=30000]
2026-01-11 00:40:23 INFO  AbstractConnector:431 - Stopped Spark@96262e8{HTTP/1.1, (http/1.1)}{0.0.0.0:4040}
